headline,url,publisher,date,stock
Interesting A Put And Call Options For August 2024,https://www.nasdaq.com/articles/interesting-a-put-and-call-options-for-august-2024,Nasdaq,2023-12-16 23:00:00 UTC,A
Wolfe Research Initiates Coverage of Agilent Technologies (A) with Outperform Recommendation,https://www.nasdaq.com/articles/wolfe-research-initiates-coverage-of-agilent-technologies-a-with-outperform-recommendation,Nasdaq,2023-12-12 00:00:00 UTC,A
Agilent Technologies Reaches Analyst Target Price,https://www.nasdaq.com/articles/agilent-technologies-reaches-analyst-target-price-0,Nasdaq,2023-12-12 00:00:00 UTC,A
Agilent (A) Enhances BioTek Cytation C10 With New Technology,https://www.nasdaq.com/articles/agilent-a-enhances-biotek-cytation-c10-with-new-technology,Nasdaq,2023-12-07 00:00:00 UTC,A
"Pre-Market Most Active for Dec 7, 2023 : SQQQ, PLTR, TQQQ, ALT, UBER, PFE, GILD, MRK, AMD, NIO, JBLU, AI",https://www.nasdaq.com/articles/pre-market-most-active-for-dec-7-2023-%3A-sqqq-pltr-tqqq-alt-uber-pfe-gild-mrk-amd-nio-jblu,Nasdaq,2023-12-07 00:00:00 UTC,A
A Quantitative Stock Analysis,https://www.nasdaq.com/articles/a-quantitative-stock-analysis-2,Nasdaq,2023-12-05 00:00:00 UTC,A
"The Zacks Analyst Blog Highlights Visa, Marriott International, Parker-Hannifin, FedEx and Agilent Technologies",https://www.nasdaq.com/articles/the-zacks-analyst-blog-highlights-visa-marriott-international-parker-hannifin-fedex-and,Nasdaq,2023-11-24 00:00:00 UTC,A
3 Biotech Stocks With Big-Time Breakthrough Potential,https://www.nasdaq.com/articles/3-biotech-stocks-with-big-time-breakthrough-potential,Nasdaq,2023-11-22 00:00:00 UTC,A
"Top Research Reports for Visa, Marriott International & Parker-Hannifin",https://www.nasdaq.com/articles/top-research-reports-for-visa-marriott-international-parker-hannifin,Nasdaq,2023-11-22 00:00:00 UTC,A
"Tuesday Sector Leaders: Healthcare, Consumer Products",https://www.nasdaq.com/articles/tuesday-sector-leaders%3A-healthcare-consumer-products-1,Nasdaq,2023-11-21 00:00:00 UTC,A
A Quantitative Stock Analysis,https://www.nasdaq.com/articles/a-quantitative-stock-analysis-1,Nasdaq,2023-11-21 00:00:00 UTC,A
"Agilent (A) Q4 Earnings & Revenues Beat Estimates, Down Y/Y",https://www.nasdaq.com/articles/agilent-a-q4-earnings-revenues-beat-estimates-down-y-y,Nasdaq,2023-11-21 00:00:00 UTC,A
"S&P 500 Movers: J, A",https://www.nasdaq.com/articles/sp-500-movers%3A-j-a,Nasdaq,2023-11-21 00:00:00 UTC,A
A Makes Bullish Cross Above Critical Moving Average,https://www.nasdaq.com/articles/a-makes-bullish-cross-above-critical-moving-average,Nasdaq,2023-11-21 00:00:00 UTC,A
Agilent (A) Q4 Earnings: Taking a Look at Key Metrics Versus Estimates,https://www.nasdaq.com/articles/agilent-a-q4-earnings%3A-taking-a-look-at-key-metrics-versus-estimates,Nasdaq,2023-11-20 00:00:00 UTC,A
"Agilent Technologies Q4 Profit Increases, beats estimates",https://www.nasdaq.com/articles/agilent-technologies-q4-profit-increases-beats-estimates,Nasdaq,2023-11-20 00:00:00 UTC,A
"After-Hours Earnings Report for November 20, 2023 : A, KEYS, ZM, BRBR, SYM, GBDC, CENTA, CENT, ENTA, XELB",https://www.nasdaq.com/articles/after-hours-earnings-report-for-november-20-2023-%3A-a-keys-zm-brbr-sym-gbdc-centa-cent-enta,Nasdaq,2023-11-20 00:00:00 UTC,A
Agilent Technologies Q4 23 Earnings Conference Call At 4:30 PM ET,https://www.nasdaq.com/articles/agilent-technologies-q4-23-earnings-conference-call-at-4%3A30-pm-et,Nasdaq,2023-11-20 00:00:00 UTC,A
"Daily Dividend Report: CSCO,CB,EXR,NOC,A,PHM",https://www.nasdaq.com/articles/daily-dividend-report%3A-cscocbexrnocaphm,Nasdaq,2023-11-16 00:00:00 UTC,A
What to Note Ahead of Agilent Technologies' (A) Q4 Earnings,https://www.nasdaq.com/articles/what-to-note-ahead-of-agilent-technologies-a-q4-earnings,Nasdaq,2023-11-16 00:00:00 UTC,A
Agilent (A) Boosts DGG Offerings With PD-L1 IHC 22C3 Approval,https://www.nasdaq.com/articles/agilent-a-boosts-dgg-offerings-with-pd-l1-ihc-22c3-approval,Nasdaq,2023-11-16 00:00:00 UTC,A
Agilent Technologies Announces FDA Approval For PD-L1 IHC 22C3 PharmDx - Quick Facts,https://www.nasdaq.com/articles/agilent-technologies-announces-fda-approval-for-pd-l1-ihc-22c3-pharmdx-quick-facts,Nasdaq,2023-11-14 00:00:00 UTC,A
Analysts Estimate Agilent Technologies (A) to Report a Decline in Earnings: What to Look Out for,https://www.nasdaq.com/articles/analysts-estimate-agilent-technologies-a-to-report-a-decline-in-earnings%3A-what-to-look-out,Nasdaq,2023-11-13 00:00:00 UTC,A
Agilent Technologies (A) Stock Dips While Market Gains: Key Facts,https://www.nasdaq.com/articles/agilent-technologies-a-stock-dips-while-market-gains%3A-key-facts-0,Nasdaq,2023-11-08 00:00:00 UTC,A
A Quantitative Stock Analysis,https://www.nasdaq.com/articles/a-quantitative-stock-analysis-0,Nasdaq,2023-11-07 00:00:00 UTC,A
Agilent Technologies (A) Stock Dips While Market Gains: Key Facts,https://www.nasdaq.com/articles/agilent-technologies-a-stock-dips-while-market-gains%3A-key-facts,Nasdaq,2023-11-01 00:00:00 UTC,A
Ametek (AME) Q3 Earnings Surpass Estimates,https://www.nasdaq.com/articles/ametek-ame-q3-earnings-surpass-estimates,Nasdaq,2023-10-31 00:00:00 UTC,A
Oversold Conditions For Agilent Technologies (A),https://www.nasdaq.com/articles/oversold-conditions-for-agilent-technologies-a,Nasdaq,2023-10-30 00:00:00 UTC,A
A Quantitative Stock Analysis,https://www.nasdaq.com/articles/a-quantitative-stock-analysis,Nasdaq,2023-10-24 00:00:00 UTC,A
Danaher beats profit estimates on respiratory testing demand,https://www.nasdaq.com/articles/danaher-beats-profit-estimates-on-respiratory-testing-demand,Nasdaq,2023-10-24 00:00:00 UTC,A
December 15th Options Now Available For Agilent Technologies (A),https://www.nasdaq.com/articles/december-15th-options-now-available-for-agilent-technologies-a,Nasdaq,2023-10-19 00:00:00 UTC,A
Carl Icahn sues Illumina board for violating 'fiduciary duties',https://www.nasdaq.com/articles/carl-icahn-sues-illumina-board-for-violating-fiduciary-duties,Nasdaq,2023-10-17 00:00:00 UTC,A
Agilent (A) Bolsters NTD Research With SIDC Partnership,https://www.nasdaq.com/articles/agilent-a-bolsters-ntd-research-with-sidc-partnership,Nasdaq,2023-10-10 00:00:00 UTC,A
Q4 Stock Predictions: 3 S&P 500 Stocks Ready to Soar,https://www.nasdaq.com/articles/q4-stock-predictions%3A-3-sp-500-stocks-ready-to-soar,Nasdaq,2023-10-05 00:00:00 UTC,A
Barclays Maintains Agilent Technologies (A) Underweight Recommendation,https://www.nasdaq.com/articles/barclays-maintains-agilent-technologies-a-underweight-recommendation-0,Nasdaq,2023-09-29 00:00:00 UTC,A
"Ex-Dividend Reminder: Upbound Group, Cardinal Health and Agilent Technologies",https://www.nasdaq.com/articles/ex-dividend-reminder%3A-upbound-group-cardinal-health-and-agilent-technologies,Nasdaq,2023-09-28 00:00:00 UTC,A
"After Hours Most Active for Sep 25, 2023 : OKE, APO^A, ET, XPEV, BAC, FINV, MCHI, ARM, CSCO, CMCSA, QQQ, AAPL",https://www.nasdaq.com/articles/after-hours-most-active-for-sep-25-2023-%3A-oke-apo%5Ea-et-xpev-bac-finv-mchi-arm-csco-cmcsa,Nasdaq,2023-09-25 00:00:00 UTC,A
"Daily Dividend Report: CLX,CVX,A,SBUX,AMT",https://www.nasdaq.com/articles/daily-dividend-report%3A-clxcvxasbuxamt,Nasdaq,2023-09-21 00:00:00 UTC,A
Agilent Technologies is Now Oversold (A),https://www.nasdaq.com/articles/agilent-technologies-is-now-oversold-a,Nasdaq,2023-09-21 00:00:00 UTC,A
Agilent (A) Boosts Genomic Profiling With New Collaboration,https://www.nasdaq.com/articles/agilent-a-boosts-genomic-profiling-with-new-collaboration,Nasdaq,2023-09-20 00:00:00 UTC,A
"Notable Friday Option Activity: PRGS, POOL, A",https://www.nasdaq.com/articles/notable-friday-option-activity%3A-prgs-pool-a,Nasdaq,2023-09-15 00:00:00 UTC,A
"Friday Sector Leaders: Utilities, Healthcare",https://www.nasdaq.com/articles/friday-sector-leaders%3A-utilities-healthcare-2,Nasdaq,2023-09-15 00:00:00 UTC,A
Agilent (A) Down 6.5% Since Last Earnings Report: Can It Rebound?,https://www.nasdaq.com/articles/agilent-a-down-6.5-since-last-earnings-report%3A-can-it-rebound,Nasdaq,2023-09-14 00:00:00 UTC,A
Agilent To Sell Resolution Bioscience To Exact Sciences For Undisclosed Sum,https://www.nasdaq.com/articles/agilent-to-sell-resolution-bioscience-to-exact-sciences-for-undisclosed-sum,Nasdaq,2023-09-12 00:00:00 UTC,A
Illumina names Agilent exec Jacob Thaysen as CEO,https://www.nasdaq.com/articles/illumina-names-agilent-exec-jacob-thaysen-as-ceo,Nasdaq,2023-09-05 00:00:00 UTC,A
Do Options Traders Know Something About Agilent (A) Stock We Don't?,https://www.nasdaq.com/articles/do-options-traders-know-something-about-agilent-a-stock-we-dont,Nasdaq,2023-09-01 00:00:00 UTC,A
Building Wealth with Spinoffs: How Adding These Gems Can Transform Your Portfolio,https://www.nasdaq.com/articles/building-wealth-with-spinoffs%3A-how-adding-these-gems-can-transform-your-portfolio,Nasdaq,2023-08-31 00:00:00 UTC,A
EXCLUSIVE-Danaher in the lead to acquire biomedical equipment vendor Abcam -sources,https://www.nasdaq.com/articles/exclusive-danaher-in-the-lead-to-acquire-biomedical-equipment-vendor-abcam-sources-0,Nasdaq,2023-08-25 00:00:00 UTC,A
EXCLUSIVE-Danaher in the lead to acquire biomedical equipment vendor Abcam-sources,https://www.nasdaq.com/articles/exclusive-danaher-in-the-lead-to-acquire-biomedical-equipment-vendor-abcam-sources,Nasdaq,2023-08-25 00:00:00 UTC,A
Buy the Drop: 3 Stocks to Snag After This Month’s 20% Tumble,https://www.nasdaq.com/articles/buy-the-drop%3A-3-stocks-to-snag-after-this-months-20-tumble,Nasdaq,2023-08-21 00:00:00 UTC,A
These 3 Unusually Active Options Have 1 Thing in Common,https://www.nasdaq.com/articles/these-3-unusually-active-options-have-1-thing-in-common,Nasdaq,2023-08-18 00:00:00 UTC,A
"Stocks Move Higher Before the Open as Investors Weigh Fed Minutes, Walmart Earnings on Tap",https://www.nasdaq.com/articles/stocks-move-higher-before-the-open-as-investors-weigh-fed-minutes-walmart-earnings-on-tap,Nasdaq,2023-08-17 00:00:00 UTC,A
TD Cowen Maintains Agilent Technologies (A) Outperform Recommendation,https://www.nasdaq.com/articles/td-cowen-maintains-agilent-technologies-a-outperform-recommendation-0,Nasdaq,2023-08-16 00:00:00 UTC,A
Stocks Mixed as Markets Await Minutes of the July FOMC Meeting,https://www.nasdaq.com/articles/stocks-mixed-as-markets-await-minutes-of-the-july-fomc-meeting,Nasdaq,2023-08-16 00:00:00 UTC,A
Jefferies Maintains Agilent Technologies (A) Buy Recommendation,https://www.nasdaq.com/articles/jefferies-maintains-agilent-technologies-a-buy-recommendation,Nasdaq,2023-08-16 00:00:00 UTC,A
Stocks Fall and Bond Yields Climb as Fed Remains Hawkish,https://www.nasdaq.com/articles/stocks-fall-and-bond-yields-climb-as-fed-remains-hawkish,Nasdaq,2023-08-16 00:00:00 UTC,A
"Wednesday Sector Laggards: Healthcare, Consumer Products",https://www.nasdaq.com/articles/wednesday-sector-laggards%3A-healthcare-consumer-products-1,Nasdaq,2023-08-16 00:00:00 UTC,A
Credit Suisse Maintains Agilent Technologies (A) Outperform Recommendation,https://www.nasdaq.com/articles/credit-suisse-maintains-agilent-technologies-a-outperform-recommendation-0,Nasdaq,2023-08-16 00:00:00 UTC,A
Evercore ISI Group Maintains Agilent Technologies (A) In-Line Recommendation,https://www.nasdaq.com/articles/evercore-isi-group-maintains-agilent-technologies-a-in-line-recommendation,Nasdaq,2023-08-16 00:00:00 UTC,A
Barclays Maintains Agilent Technologies (A) Underweight Recommendation,https://www.nasdaq.com/articles/barclays-maintains-agilent-technologies-a-underweight-recommendation,Nasdaq,2023-08-16 00:00:00 UTC,A
Baird Maintains Agilent Technologies (A) Outperform Recommendation,https://www.nasdaq.com/articles/baird-maintains-agilent-technologies-a-outperform-recommendation-0,Nasdaq,2023-08-16 00:00:00 UTC,A
Stocks Slightly Higher as Markets Await Minutes of the July FOMC Meeting,https://www.nasdaq.com/articles/stocks-slightly-higher-as-markets-await-minutes-of-the-july-fomc-meeting,Nasdaq,2023-08-16 00:00:00 UTC,A
JP Morgan Maintains Agilent Technologies (A) Overweight Recommendation,https://www.nasdaq.com/articles/jp-morgan-maintains-agilent-technologies-a-overweight-recommendation,Nasdaq,2023-08-16 00:00:00 UTC,A
Agilent Technologies Q3 23 Earnings Conference Call At 4:30 PM ET,https://www.nasdaq.com/articles/agilent-technologies-q3-23-earnings-conference-call-at-4%3A30-pm-et,Nasdaq,2023-08-15 00:00:00 UTC,A
"Markets Remain Sold; H&R Block (HRB), Agilent (A) Beat",https://www.nasdaq.com/articles/markets-remain-sold-hr-block-hrb-agilent-a-beat,Nasdaq,2023-08-15 00:00:00 UTC,A
Agilent (A) Reports Q3 Earnings: What Key Metrics Have to Say,https://www.nasdaq.com/articles/agilent-a-reports-q3-earnings%3A-what-key-metrics-have-to-say,Nasdaq,2023-08-15 00:00:00 UTC,A
Agilent Technologies cuts annual forecasts on China weakness,https://www.nasdaq.com/articles/agilent-technologies-cuts-annual-forecasts-on-china-weakness,Nasdaq,2023-08-15 00:00:00 UTC,A
"After-Hours Earnings Report for August 15, 2023 : ALC, A, NU, JKHY, HRB, DLO, MRCY, LRN, DADA, KTCC, GBNH",https://www.nasdaq.com/articles/after-hours-earnings-report-for-august-15-2023-%3A-alc-a-nu-jkhy-hrb-dlo-mrcy-lrn-dada-ktcc,Nasdaq,2023-08-15 00:00:00 UTC,A
"Stock Index Futures Plunge on Pressure from Rising Bond Yields, China Data Disappoints",https://www.nasdaq.com/articles/stock-index-futures-plunge-on-pressure-from-rising-bond-yields-china-data-disappoints,Nasdaq,2023-08-15 00:00:00 UTC,A
"Agilent Technologies Q3 Profit Decreases, but beats estimates",https://www.nasdaq.com/articles/agilent-technologies-q3-profit-decreases-but-beats-estimates,Nasdaq,2023-08-15 00:00:00 UTC,A
Validea Detailed Fundamental Analysis - A,https://www.nasdaq.com/articles/validea-detailed-fundamental-analysis-a-1,Nasdaq,2023-08-14 00:00:00 UTC,A
"Stocks Set to Open Lower as Investors Await FOMC Minutes, Retail Earnings",https://www.nasdaq.com/articles/stocks-set-to-open-lower-as-investors-await-fomc-minutes-retail-earnings,Nasdaq,2023-08-14 00:00:00 UTC,A
"Stocks Set to Open Higher as Investors Await FOMC Minutes, Retail Earnings",https://www.nasdaq.com/articles/stocks-set-to-open-higher-as-investors-await-fomc-minutes-retail-earnings,Nasdaq,2023-08-14 00:00:00 UTC,A
Agilent Technologies (A) to Post Q3 Earnings: What's in Store?,https://www.nasdaq.com/articles/agilent-technologies-a-to-post-q3-earnings%3A-whats-in-store,Nasdaq,2023-08-11 00:00:00 UTC,A
Agilent Technologies (A) Stock Moves -0.56%: What You Should Know,https://www.nasdaq.com/articles/agilent-technologies-a-stock-moves-0.56%3A-what-you-should-know,Nasdaq,2023-08-09 00:00:00 UTC,A
Interesting A Put And Call Options For June 2024,https://www.nasdaq.com/articles/interesting-a-put-and-call-options-for-june-2024,Nasdaq,2023-08-07 00:00:00 UTC,A
Cognex Corporation (CGNX) Beats Q2 Earnings and Revenue Estimates,https://www.nasdaq.com/articles/cognex-corporation-cgnx-beats-q2-earnings-and-revenue-estimates,Nasdaq,2023-08-03 00:00:00 UTC,A
Stocks See Support from Global Economic Optimism,https://www.nasdaq.com/articles/stocks-see-support-from-global-economic-optimism,Nasdaq,2023-07-31 00:00:00 UTC,A
Validea Detailed Fundamental Analysis - A,https://www.nasdaq.com/articles/validea-detailed-fundamental-analysis-a-0,Nasdaq,2023-07-31 00:00:00 UTC,A
Agilent Technologies (A) Gains As Market Dips: What You Should Know,https://www.nasdaq.com/articles/agilent-technologies-a-gains-as-market-dips%3A-what-you-should-know-2,Nasdaq,2023-07-26 00:00:00 UTC,A
"Healthcare Prime Destination for Bargains, Quality",https://www.nasdaq.com/articles/healthcare-prime-destination-for-bargains-quality,Nasdaq,2023-07-20 00:00:00 UTC,A
Validea Detailed Fundamental Analysis - A,https://www.nasdaq.com/articles/validea-detailed-fundamental-analysis-a,Nasdaq,2023-07-17 00:00:00 UTC,A
Agilent Technologies (A) Dips More Than Broader Markets: What You Should Know,https://www.nasdaq.com/articles/agilent-technologies-a-dips-more-than-broader-markets%3A-what-you-should-know-4,Nasdaq,2023-07-06 00:00:00 UTC,A
Validea's Top 5 Health Care Stocks Based On Joel Greenblatt - 7/3/2023,https://www.nasdaq.com/articles/valideas-top-5-health-care-stocks-based-on-joel-greenblatt-7-3-2023,Nasdaq,2023-07-03 00:00:00 UTC,A
"Ex-Dividend Reminder: Agilent Technologies, Cardinal Health and Encompass Health",https://www.nasdaq.com/articles/ex-dividend-reminder%3A-agilent-technologies-cardinal-health-and-encompass-health,Nasdaq,2023-06-28 00:00:00 UTC,A
Agilent Technologies (A) Gains As Market Dips: What You Should Know,https://www.nasdaq.com/articles/agilent-technologies-a-gains-as-market-dips%3A-what-you-should-know-1,Nasdaq,2023-06-23 00:00:00 UTC,A
Agilent (A) Down 2.2% Since Last Earnings Report: Can It Rebound?,https://www.nasdaq.com/articles/agilent-a-down-2.2-since-last-earnings-report%3A-can-it-rebound,Nasdaq,2023-06-22 00:00:00 UTC,A
Agilent Technologies Stock: Ready to Rise off the Floor,https://www.nasdaq.com/articles/agilent-technologies-stock%3A-ready-to-rise-off-the-floor,Nasdaq,2023-06-21 00:00:00 UTC,A
Validea's Top 5 Health Care Stocks Based On Martin Zweig - 6/21/2023,https://www.nasdaq.com/articles/valideas-top-5-health-care-stocks-based-on-martin-zweig-6-21-2023,Nasdaq,2023-06-21 00:00:00 UTC,A
"Medical Stocks Waters, Agilent, Illumina Show Growth Potential",https://www.nasdaq.com/articles/medical-stocks-waters-agilent-illumina-show-growth-potential,Nasdaq,2023-06-20 00:00:00 UTC,A
Agilent (A) Boosts LSAG Segment With New GPC/SEC Solutions,https://www.nasdaq.com/articles/agilent-a-boosts-lsag-segment-with-new-gpc-sec-solutions,Nasdaq,2023-06-14 00:00:00 UTC,A
Agilent (A) Boosts LCMS Portfolio With New Systems Launch,https://www.nasdaq.com/articles/agilent-a-boosts-lcms-portfolio-with-new-systems-launch,Nasdaq,2023-06-07 00:00:00 UTC,A
"After Hours Most Active for Jun 2, 2023 : UPWK, QQQ, LCID, INTC, GOOGL, AAPL, BAC, T, NEE, VZ, PFE, AI",https://www.nasdaq.com/articles/after-hours-most-active-for-jun-2-2023-%3A-upwk-qqq-lcid-intc-googl-aapl-bac-t-nee-vz-pfe-ai,Nasdaq,2023-06-02 00:00:00 UTC,A
Validea's Top 5 Health Care Stocks Based On Martin Zweig - 5/29/2023,https://www.nasdaq.com/articles/valideas-top-5-health-care-stocks-based-on-martin-zweig-5-29-2023,Nasdaq,2023-05-29 00:00:00 UTC,A
Stifel Maintains Agilent Technologies (A) Hold Recommendation,https://www.nasdaq.com/articles/stifel-maintains-agilent-technologies-a-hold-recommendation,Nasdaq,2023-05-24 00:00:00 UTC,A
B of A Securities Maintains Agilent Technologies (A) Buy Recommendation,https://www.nasdaq.com/articles/b-of-a-securities-maintains-agilent-technologies-a-buy-recommendation,Nasdaq,2023-05-24 00:00:00 UTC,A
Wells Fargo Maintains Agilent Technologies (A) Overweight Recommendation,https://www.nasdaq.com/articles/wells-fargo-maintains-agilent-technologies-a-overweight-recommendation,Nasdaq,2023-05-24 00:00:00 UTC,A
Baird Maintains Agilent Technologies (A) Outperform Recommendation,https://www.nasdaq.com/articles/baird-maintains-agilent-technologies-a-outperform-recommendation,Nasdaq,2023-05-24 00:00:00 UTC,A
Why Agilent Technologies Stock Is Sinking Today,https://www.nasdaq.com/articles/why-agilent-technologies-stock-is-sinking-today,Nasdaq,2023-05-24 00:00:00 UTC,A
Credit Suisse Maintains Agilent Technologies (A) Outperform Recommendation,https://www.nasdaq.com/articles/credit-suisse-maintains-agilent-technologies-a-outperform-recommendation,Nasdaq,2023-05-24 00:00:00 UTC,A
Agilent Technologies Enters Oversold Territory,https://www.nasdaq.com/articles/agilent-technologies-enters-oversold-territory,Nasdaq,2023-05-24 00:00:00 UTC,A
"S&P 500 Movers: A, GLW",https://www.nasdaq.com/articles/sp-500-movers%3A-a-glw,Nasdaq,2023-05-24 00:00:00 UTC,A
US STOCKS-Wall St ends down as debt-ceiling clouds hover,https://www.nasdaq.com/articles/us-stocks-wall-st-ends-down-as-debt-ceiling-clouds-hover-0,Nasdaq,2023-05-24 00:00:00 UTC,A
US STOCKS-Wall St slides as debt ceiling talks drag on; Fed minutes in focus,https://www.nasdaq.com/articles/us-stocks-wall-st-slides-as-debt-ceiling-talks-drag-on-fed-minutes-in-focus,Nasdaq,2023-05-24 00:00:00 UTC,A
Goldman Sachs Maintains Agilent Technologies (A) Buy Recommendation,https://www.nasdaq.com/articles/goldman-sachs-maintains-agilent-technologies-a-buy-recommendation,Nasdaq,2023-05-24 00:00:00 UTC,A
US STOCKS-Wall St ends down as debt-ceiling clouds hover,https://www.nasdaq.com/articles/us-stocks-wall-st-ends-down-as-debt-ceiling-clouds-hover,Nasdaq,2023-05-24 00:00:00 UTC,A
TD Cowen Maintains Agilent Technologies (A) Outperform Recommendation,https://www.nasdaq.com/articles/td-cowen-maintains-agilent-technologies-a-outperform-recommendation,Nasdaq,2023-05-24 00:00:00 UTC,A
US STOCKS-Wall St slides on default worries as debt ceiling talks drag on,https://www.nasdaq.com/articles/us-stocks-wall-st-slides-on-default-worries-as-debt-ceiling-talks-drag-on,Nasdaq,2023-05-24 00:00:00 UTC,A
Agilent Technologies Slips After KeyBanc Downgrade,https://www.nasdaq.com/articles/agilent-technologies-slips-after-keybanc-downgrade,Nasdaq,2023-05-24 00:00:00 UTC,A
US STOCKS-Wall St set to open lower as debt ceiling impasse keeps investors on edge,https://www.nasdaq.com/articles/us-stocks-wall-st-set-to-open-lower-as-debt-ceiling-impasse-keeps-investors-on-edge,Nasdaq,2023-05-24 00:00:00 UTC,A
US STOCKS-Futures dip as debt ceiling impasse keeps investors on edge,https://www.nasdaq.com/articles/us-stocks-futures-dip-as-debt-ceiling-impasse-keeps-investors-on-edge,Nasdaq,2023-05-24 00:00:00 UTC,A
Barclays Maintains Agilent Technologies (A) Equal-Weight Recommendation,https://www.nasdaq.com/articles/barclays-maintains-agilent-technologies-a-equal-weight-recommendation,Nasdaq,2023-05-24 00:00:00 UTC,A
Citigroup Maintains Agilent Technologies (A) Neutral Recommendation,https://www.nasdaq.com/articles/citigroup-maintains-agilent-technologies-a-neutral-recommendation,Nasdaq,2023-05-24 00:00:00 UTC,A
US STOCKS-Futures dip as debt ceiling talks drag on,https://www.nasdaq.com/articles/us-stocks-futures-dip-as-debt-ceiling-talks-drag-on,Nasdaq,2023-05-24 00:00:00 UTC,A
Evercore ISI Group Maintains Agilent Technologies (A) Outperform Recommendation,https://www.nasdaq.com/articles/evercore-isi-group-maintains-agilent-technologies-a-outperform-recommendation,Nasdaq,2023-05-24 00:00:00 UTC,A
"After-Hours Earnings Report for May 23, 2023 : INTU, PANW, A, VFC, TOL, NEWR, URBN, TARO, OOMA, NLS",https://www.nasdaq.com/articles/after-hours-earnings-report-for-may-23-2023-%3A-intu-panw-a-vfc-tol-newr-urbn-taro-ooma-nls,Nasdaq,2023-05-23 00:00:00 UTC,A
FedEx (FDX) Pilots Vote in Favor of Strike for Higher Wages,https://www.nasdaq.com/articles/fedex-fdx-pilots-vote-in-favor-of-strike-for-higher-wages,Nasdaq,2023-05-23 00:00:00 UTC,A
"Agilent Technologies Q2 Profit Increases, beats estimates",https://www.nasdaq.com/articles/agilent-technologies-q2-profit-increases-beats-estimates,Nasdaq,2023-05-23 00:00:00 UTC,A
Agilent Technologies (A) Meets Q2 Earnings Estimates,https://www.nasdaq.com/articles/agilent-technologies-a-meets-q2-earnings-estimates,Nasdaq,2023-05-23 00:00:00 UTC,A
Agilent Technologies (A) Declares $0.22 Dividend,https://www.nasdaq.com/articles/agilent-technologies-a-declares-%240.22-dividend,Nasdaq,2023-05-19 00:00:00 UTC,A
Agilent Technologies (A) to Post Q2 Earnings: What's in Store?,https://www.nasdaq.com/articles/agilent-technologies-a-to-post-q2-earnings%3A-whats-in-store,Nasdaq,2023-05-19 00:00:00 UTC,A
Will Higher Revenues Benefit Splunk's (SPLK) Q1 Earnings?,https://www.nasdaq.com/articles/will-higher-revenues-benefit-splunks-splk-q1-earnings,Nasdaq,2023-05-19 00:00:00 UTC,A
Will Solid Top-Line Growth Buoy Workday's (WDAY) Q1 Earnings?,https://www.nasdaq.com/articles/will-solid-top-line-growth-buoy-workdays-wday-q1-earnings,Nasdaq,2023-05-19 00:00:00 UTC,A
Vipshop (VIPS) to Post Q1 Earnings: What's in the Offing?,https://www.nasdaq.com/articles/vipshop-vips-to-post-q1-earnings%3A-whats-in-the-offing,Nasdaq,2023-05-18 00:00:00 UTC,A
July 21st Options Now Available For Agilent Technologies (A),https://www.nasdaq.com/articles/july-21st-options-now-available-for-agilent-technologies-a,Nasdaq,2023-05-18 00:00:00 UTC,A
Is a Beat Likely for NVIDIA Corporation (NVDA) in Q1 Earnings?,https://www.nasdaq.com/articles/is-a-beat-likely-for-nvidia-corporation-nvda-in-q1-earnings,Nasdaq,2023-05-18 00:00:00 UTC,A
Zoom Video (ZM) to Report Q1 Earnings: What's in the Cards?,https://www.nasdaq.com/articles/zoom-video-zm-to-report-q1-earnings%3A-whats-in-the-cards,Nasdaq,2023-05-18 00:00:00 UTC,A
Palo Alto (PANW) to Report Q3 Earnings: What's in the Cards?,https://www.nasdaq.com/articles/palo-alto-panw-to-report-q3-earnings%3A-whats-in-the-cards,Nasdaq,2023-05-17 00:00:00 UTC,A
Agilent Technologies (A) Dips More Than Broader Markets: What You Should Know,https://www.nasdaq.com/articles/agilent-technologies-a-dips-more-than-broader-markets%3A-what-you-should-know-3,Nasdaq,2023-05-16 00:00:00 UTC,A
What's in Store for Applied Materials (AMAT) in Q2 Earnings?,https://www.nasdaq.com/articles/whats-in-store-for-applied-materials-amat-in-q2-earnings-0,Nasdaq,2023-05-16 00:00:00 UTC,A
DXC Technology (DXC) to Report Q4 Earnings: What's in Store?,https://www.nasdaq.com/articles/dxc-technology-dxc-to-report-q4-earnings%3A-whats-in-store,Nasdaq,2023-05-16 00:00:00 UTC,A
Jack Henry's (JKHY) Client Base to Get a Boost With FedNow,https://www.nasdaq.com/articles/jack-henrys-jkhy-client-base-to-get-a-boost-with-fednow,Nasdaq,2023-05-16 00:00:00 UTC,A
These 2 Computer and Technology Stocks Could Beat Earnings: Why They Should Be on Your Radar,https://www.nasdaq.com/articles/these-2-computer-and-technology-stocks-could-beat-earnings%3A-why-they-should-be-on-your-4,Nasdaq,2023-05-16 00:00:00 UTC,A
Agilent Technologies (A) Earnings Expected to Grow: What to Know Ahead of Next Week's Release,https://www.nasdaq.com/articles/agilent-technologies-a-earnings-expected-to-grow%3A-what-to-know-ahead-of-next-weeks-3,Nasdaq,2023-05-16 00:00:00 UTC,A
What's in the Offing for Synopsys (SNPS) This Earnings Season?,https://www.nasdaq.com/articles/whats-in-the-offing-for-synopsys-snps-this-earnings-season-0,Nasdaq,2023-05-16 00:00:00 UTC,A
Semtech's (SMTC) New Deal Boosts LoRa Technology Adoption,https://www.nasdaq.com/articles/semtechs-smtc-new-deal-boosts-lora-technology-adoption,Nasdaq,2023-05-15 00:00:00 UTC,A
What You Need to Know Ahead of Alibaba's (BABA) Q4 Earnings?,https://www.nasdaq.com/articles/what-you-need-to-know-ahead-of-alibabas-baba-q4-earnings,Nasdaq,2023-05-15 00:00:00 UTC,A
Wix.com (WIX) to Report Q1 Earnings: What's in the Offing?,https://www.nasdaq.com/articles/wix.com-wix-to-report-q1-earnings%3A-whats-in-the-offing,Nasdaq,2023-05-15 00:00:00 UTC,A
Cisco (CSCO) to Report Q3 Earnings: Key Factors to Consider,https://www.nasdaq.com/articles/cisco-csco-to-report-q3-earnings%3A-key-factors-to-consider,Nasdaq,2023-05-15 00:00:00 UTC,A
Guru Fundamental Report for A,https://www.nasdaq.com/articles/guru-fundamental-report-for-a-1,Nasdaq,2023-05-15 00:00:00 UTC,A
Sea Limited (SE) to Report Q1 Earnings: What's in Store?,https://www.nasdaq.com/articles/sea-limited-se-to-report-q1-earnings%3A-whats-in-store-0,Nasdaq,2023-05-12 00:00:00 UTC,A
"Entegris (ENTG) Q1 Earnings Beat Estimates, Revenues Up Y/Y",https://www.nasdaq.com/articles/entegris-entg-q1-earnings-beat-estimates-revenues-up-y-y,Nasdaq,2023-05-12 00:00:00 UTC,A
With Top-Line Expansion Improve Keysight's (KEYS) Q2 Earnings?,https://www.nasdaq.com/articles/with-top-line-expansion-improve-keysights-keys-q2-earnings,Nasdaq,2023-05-12 00:00:00 UTC,A
Baidu (BIDU) to Post Q1 Earnings: What's in the Offing?,https://www.nasdaq.com/articles/baidu-bidu-to-post-q1-earnings%3A-whats-in-the-offing,Nasdaq,2023-05-12 00:00:00 UTC,A
Barclays Initiates Coverage of Agilent Technologies (A) with Equal-Weight Recommendation,https://www.nasdaq.com/articles/barclays-initiates-coverage-of-agilent-technologies-a-with-equal-weight-recommendation,Nasdaq,2023-05-11 00:00:00 UTC,A
"Vishay (VSH) Q1 Earnings & Revenues Beat Estimates, Rise Y/Y",https://www.nasdaq.com/articles/vishay-vsh-q1-earnings-revenues-beat-estimates-rise-y-y,Nasdaq,2023-05-11 00:00:00 UTC,A
Agilent (A) Forms 'Hammer Chart Pattern': Time for Bottom Fishing?,https://www.nasdaq.com/articles/agilent-a-forms-hammer-chart-pattern%3A-time-for-bottom-fishing,Nasdaq,2023-05-11 00:00:00 UTC,A
JD.com (JD) to Report Q1 Earnings: What's in the Offing?,https://www.nasdaq.com/articles/jd.com-jd-to-report-q1-earnings%3A-whats-in-the-offing-0,Nasdaq,2023-05-10 00:00:00 UTC,A
Agilent Technologies (A) Outpaces Stock Market Gains: What You Should Know,https://www.nasdaq.com/articles/agilent-technologies-a-outpaces-stock-market-gains%3A-what-you-should-know-4,Nasdaq,2023-05-10 00:00:00 UTC,A
"Airbnb (ABNB) Q1 Earnings & Revenues Beat, Increase Y/Y",https://www.nasdaq.com/articles/airbnb-abnb-q1-earnings-revenues-beat-increase-y-y,Nasdaq,2023-05-10 00:00:00 UTC,A
Carrier (CARR) Boosts Fire & Security Unit With Latest Move,https://www.nasdaq.com/articles/carrier-carr-boosts-fire-security-unit-with-latest-move,Nasdaq,2023-05-10 00:00:00 UTC,A
News Corporation (NWSA) to Report Q3 Earnings: What's in Store?,https://www.nasdaq.com/articles/news-corporation-nwsa-to-report-q3-earnings%3A-whats-in-store,Nasdaq,2023-05-09 00:00:00 UTC,A
"Airbnb, Inc. (ABNB) Surpasses Q1 Earnings and Revenue Estimates",https://www.nasdaq.com/articles/airbnb-inc.-abnb-surpasses-q1-earnings-and-revenue-estimates,Nasdaq,2023-05-09 00:00:00 UTC,A
"Skyworks' (SWKS) Q2 Earnings Beat Estimates, Revenues Down Y/Y",https://www.nasdaq.com/articles/skyworks-swks-q2-earnings-beat-estimates-revenues-down-y-y,Nasdaq,2023-05-09 00:00:00 UTC,A
Fiverr (FVRR) to Report Q1 Earnings: What's in the Cards?,https://www.nasdaq.com/articles/fiverr-fvrr-to-report-q1-earnings%3A-whats-in-the-cards-0,Nasdaq,2023-05-09 00:00:00 UTC,A
"Waters (WAT) Q1 Earnings & Sales Miss Estimates, Down Y/Y",https://www.nasdaq.com/articles/waters-wat-q1-earnings-sales-miss-estimates-down-y-y,Nasdaq,2023-05-09 00:00:00 UTC,A
Twilio (TWLO) to Report Q1 Earnings: What's in the Offing?,https://www.nasdaq.com/articles/twilio-twlo-to-report-q1-earnings%3A-whats-in-the-offing,Nasdaq,2023-05-08 00:00:00 UTC,A
Australia to deliver first budget surplus in 15 years,https://www.nasdaq.com/articles/australia-to-deliver-first-budget-surplus-in-15-years,Nasdaq,2023-05-08 00:00:00 UTC,A
Waters (WAT) to Report Q1 Earnings: What's in the Offing?,https://www.nasdaq.com/articles/waters-wat-to-report-q1-earnings%3A-whats-in-the-offing,Nasdaq,2023-05-08 00:00:00 UTC,A
What You Need to Know Ahead of Airbnb's (ABNB) Q1 Earnings,https://www.nasdaq.com/articles/what-you-need-to-know-ahead-of-airbnbs-abnb-q1-earnings,Nasdaq,2023-05-08 00:00:00 UTC,A
"Mettler-Toledo (MTD) Q1 Earnings & Sales Beat, Increase Y/Y",https://www.nasdaq.com/articles/mettler-toledo-mtd-q1-earnings-sales-beat-increase-y-y-0,Nasdaq,2023-05-05 00:00:00 UTC,A
"Block's (SQ) Q1 Earnings Beat Estimates, Revenues Up Y/Y",https://www.nasdaq.com/articles/blocks-sq-q1-earnings-beat-estimates-revenues-up-y-y,Nasdaq,2023-05-05 00:00:00 UTC,A
"WESCO (WCC) Q1 Earnings Beat Estimates, Sales Increase Y/Y",https://www.nasdaq.com/articles/wesco-wcc-q1-earnings-beat-estimates-sales-increase-y-y,Nasdaq,2023-05-05 00:00:00 UTC,A
"Teradata (TDC) Q1 Earnings Miss Estimates, Revenues Fall Y/Y",https://www.nasdaq.com/articles/teradata-tdc-q1-earnings-miss-estimates-revenues-fall-y-y,Nasdaq,2023-05-05 00:00:00 UTC,A
"GoDaddy (GDDY) Q1 Earnings Miss Estimates, Revenues Rise Y/Y",https://www.nasdaq.com/articles/godaddy-gddy-q1-earnings-miss-estimates-revenues-rise-y-y-0,Nasdaq,2023-05-05 00:00:00 UTC,A
"Zacks Industry Outlook Highlights Agilent Technologies, AMETEK and Fortive",https://www.nasdaq.com/articles/zacks-industry-outlook-highlights-agilent-technologies-ametek-and-fortive-1,Nasdaq,2023-05-05 00:00:00 UTC,A
PayPal (PYPL) to Post Q1 Earnings: What's in the Offing?,https://www.nasdaq.com/articles/paypal-pypl-to-post-q1-earnings%3A-whats-in-the-offing-0,Nasdaq,2023-05-05 00:00:00 UTC,A
"ETSY's Q1 Earnings Beat Estimates, Revenues Increase Y/Y",https://www.nasdaq.com/articles/etsys-q1-earnings-beat-estimates-revenues-increase-y-y,Nasdaq,2023-05-04 00:00:00 UTC,A
"Advanced Energy (AEIS) Q1 Earnings Beat, Revenues Rise Y/Y",https://www.nasdaq.com/articles/advanced-energy-aeis-q1-earnings-beat-revenues-rise-y-y-0,Nasdaq,2023-05-04 00:00:00 UTC,A
"FormFactor's (FORM) Q1 Earnings Beat, Revenues Decline Y/Y",https://www.nasdaq.com/articles/formfactors-form-q1-earnings-beat-revenues-decline-y-y,Nasdaq,2023-05-04 00:00:00 UTC,A
3 Electronics Stocks With Upbeat Industry Prospects to Watch,https://www.nasdaq.com/articles/3-electronics-stocks-with-upbeat-industry-prospects-to-watch-0,Nasdaq,2023-05-04 00:00:00 UTC,A
Cognex Corporation (CGNX) Q1 Earnings and Revenues Top Estimates,https://www.nasdaq.com/articles/cognex-corporation-cgnx-q1-earnings-and-revenues-top-estimates-0,Nasdaq,2023-05-04 00:00:00 UTC,A
"Trimble (TRMB) Q1 Earnings Beat Estimates, Revenues Fall Y/Y",https://www.nasdaq.com/articles/trimble-trmb-q1-earnings-beat-estimates-revenues-fall-y-y,Nasdaq,2023-05-04 00:00:00 UTC,A
"Garmin's (GRMN) Q1 Earnings & Sales Beat Estimates, Down Y/Y",https://www.nasdaq.com/articles/garmins-grmn-q1-earnings-sales-beat-estimates-down-y-y,Nasdaq,2023-05-03 00:00:00 UTC,A
"Jack Henry (JKHY) Q3 Earnings Top Estimates, Revenues Rise Y/Y",https://www.nasdaq.com/articles/jack-henry-jkhy-q3-earnings-top-estimates-revenues-rise-y-y-0,Nasdaq,2023-05-03 00:00:00 UTC,A
Agilent Technologies (A) Gains As Market Dips: What You Should Know,https://www.nasdaq.com/articles/agilent-technologies-a-gains-as-market-dips%3A-what-you-should-know-0,Nasdaq,2023-05-03 00:00:00 UTC,A
"NXP Semiconductors (NXPI) Q1 Earnings Beat, Revenues Fall Y/Y",https://www.nasdaq.com/articles/nxp-semiconductors-nxpi-q1-earnings-beat-revenues-fall-y-y,Nasdaq,2023-05-02 00:00:00 UTC,A
"AMETEK (AME) Q1 Earnings & Sales Surpass Estimates, Up Y/Y",https://www.nasdaq.com/articles/ametek-ame-q1-earnings-sales-surpass-estimates-up-y-y,Nasdaq,2023-05-02 00:00:00 UTC,A
Will Agilent (A) Beat Estimates Again in Its Next Earnings Report?,https://www.nasdaq.com/articles/will-agilent-a-beat-estimates-again-in-its-next-earnings-report,Nasdaq,2023-05-01 00:00:00 UTC,A
"Teradyne (TER) Q1 Earnings & Revenues Top Estimates, Fall Y/Y",https://www.nasdaq.com/articles/teradyne-ter-q1-earnings-revenues-top-estimates-fall-y-y,Nasdaq,2023-04-27 00:00:00 UTC,A
Agilent Technologies (A) Gains But Lags Market: What You Should Know,https://www.nasdaq.com/articles/agilent-technologies-a-gains-but-lags-market%3A-what-you-should-know-2,Nasdaq,2023-04-27 00:00:00 UTC,A
Fortive (FTV) Q1 Earnings and Revenues Beat Estimates,https://www.nasdaq.com/articles/fortive-ftv-q1-earnings-and-revenues-beat-estimates,Nasdaq,2023-04-26 00:00:00 UTC,A
Agilent Technologies (A) Stock Sinks As Market Gains: What You Should Know,https://www.nasdaq.com/articles/agilent-technologies-a-stock-sinks-as-market-gains%3A-what-you-should-know,Nasdaq,2023-04-24 00:00:00 UTC,A
What's in the Offing for SMART Global (SGH) in Q2 Earnings?,https://www.nasdaq.com/articles/whats-in-the-offing-for-smart-global-sgh-in-q2-earnings,Nasdaq,2023-04-03 00:00:00 UTC,A
"Zacks.com featured highlights W.W. Grainger, Ameriprise, Agilent Technologies and Bloomin'",https://www.nasdaq.com/articles/zacks.com-featured-highlights-w.w.-grainger-ameriprise-agilent-technologies-and-bloomin,Nasdaq,2023-04-03 00:00:00 UTC,A
Bullish Two Hundred Day Moving Average Cross - A,https://www.nasdaq.com/articles/bullish-two-hundred-day-moving-average-cross-a,Nasdaq,2023-03-31 00:00:00 UTC,A
4 GARP Stocks to Scoop Up for Maximum Returns,https://www.nasdaq.com/articles/4-garp-stocks-to-scoop-up-for-maximum-returns-14,Nasdaq,2023-03-31 00:00:00 UTC,A
Agilent (A) Down 2.7% Since Last Earnings Report: Can It Rebound?,https://www.nasdaq.com/articles/agilent-a-down-2.7-since-last-earnings-report%3A-can-it-rebound,Nasdaq,2023-03-30 00:00:00 UTC,A
"Ex-Dividend Reminder: Agilent Technologies, Bank of Nova Scotia and Brixmor Property Group",https://www.nasdaq.com/articles/ex-dividend-reminder%3A-agilent-technologies-bank-of-nova-scotia-and-brixmor-property-group,Nasdaq,2023-03-30 00:00:00 UTC,A
Agilent Technologies (A) Gains But Lags Market: What You Should Know,https://www.nasdaq.com/articles/agilent-technologies-a-gains-but-lags-market%3A-what-you-should-know-1,Nasdaq,2023-03-29 00:00:00 UTC,A
Analysts Expect 14% Upside For The Holdings of IVW,https://www.nasdaq.com/articles/analysts-expect-14-upside-for-the-holdings-of-ivw,Nasdaq,2023-03-27 00:00:00 UTC,A
Guru Fundamental Report for A,https://www.nasdaq.com/articles/guru-fundamental-report-for-a,Nasdaq,2023-03-23 00:00:00 UTC,A
"US calls Tsai transit 'nothing new', urges China to not react aggressively",https://www.nasdaq.com/articles/us-calls-tsai-transit-nothing-new-urges-china-to-not-react-aggressively,Nasdaq,2023-03-21 00:00:00 UTC,A
Agilent (A) Boosts Digital Pathology Reach With Hamamatsu Deal,https://www.nasdaq.com/articles/agilent-a-boosts-digital-pathology-reach-with-hamamatsu-deal,Nasdaq,2023-03-14 00:00:00 UTC,A
Agilent (A) Boosts Biopharma Solutions Offerings With e-Msion,https://www.nasdaq.com/articles/agilent-a-boosts-biopharma-solutions-offerings-with-e-msion,Nasdaq,2023-03-13 00:00:00 UTC,A
Agilent (A) to Boost Digital Pathology Reach With Proscia Deal,https://www.nasdaq.com/articles/agilent-a-to-boost-digital-pathology-reach-with-proscia-deal,Nasdaq,2023-03-10 00:00:00 UTC,A
First Week of A August 18th Options Trading,https://www.nasdaq.com/articles/first-week-of-a-august-18th-options-trading,Nasdaq,2023-03-10 00:00:00 UTC,A
Semtech (SMTC) to Boost 5G Market Reach With New Solutions,https://www.nasdaq.com/articles/semtech-smtc-to-boost-5g-market-reach-with-new-solutions,Nasdaq,2023-03-09 00:00:00 UTC,A
Guru Fundamental Report for A - Dashan Huang,https://www.nasdaq.com/articles/guru-fundamental-report-for-a-dashan-huang,Nasdaq,2023-03-09 00:00:00 UTC,A
"Vishay (VSH) Unveils New Devices, Expands Resistor Offerings",https://www.nasdaq.com/articles/vishay-vsh-unveils-new-devices-expands-resistor-offerings,Nasdaq,2023-03-09 00:00:00 UTC,A
"MACOM (MTSI) Acquires Linearizer, Expands Product Portfolio",https://www.nasdaq.com/articles/macom-mtsi-acquires-linearizer-expands-product-portfolio,Nasdaq,2023-03-09 00:00:00 UTC,A
Itron (ITRI) Unveils Fiber MiniAP for Grid Modernization,https://www.nasdaq.com/articles/itron-itri-unveils-fiber-miniap-for-grid-modernization,Nasdaq,2023-03-07 00:00:00 UTC,A
Garmin (GRMN) Boosts Smartwatch Offerings With Latest Update,https://www.nasdaq.com/articles/garmin-grmn-boosts-smartwatch-offerings-with-latest-update,Nasdaq,2023-03-06 00:00:00 UTC,A
"VMware (VMW) Q4 Earnings Beat Estimates, Revenues Rise Y/Y",https://www.nasdaq.com/articles/vmware-vmw-q4-earnings-beat-estimates-revenues-rise-y-y-0,Nasdaq,2023-03-03 00:00:00 UTC,A
Trimble's (TRMB) Clientele Grows With National Highway Contract,https://www.nasdaq.com/articles/trimbles-trmb-clientele-grows-with-national-highway-contract,Nasdaq,2023-03-03 00:00:00 UTC,A
Semtech (SMTC) Boosts IoT Prospects With The Things Industries,https://www.nasdaq.com/articles/semtech-smtc-boosts-iot-prospects-with-the-things-industries,Nasdaq,2023-03-02 00:00:00 UTC,A
Microsoft (MSFT) Internet to Reach 20 Million People in Africa,https://www.nasdaq.com/articles/microsoft-msft-internet-to-reach-20-million-people-in-africa,Nasdaq,2023-03-02 00:00:00 UTC,A
"Box (BOX) Q4 Earnings Beat Estimates, Revenues Increase Y/Y",https://www.nasdaq.com/articles/box-box-q4-earnings-beat-estimates-revenues-increase-y-y,Nasdaq,2023-03-02 00:00:00 UTC,A
"Agilent (A) Loses -11.54% in 4 Weeks, Here's Why a Trend Reversal May be Around the Corner",https://www.nasdaq.com/articles/agilent-a-loses-11.54-in-4-weeks-heres-why-a-trend-reversal-may-be-around-the-corner,Nasdaq,2023-03-02 00:00:00 UTC,A
"Vishay (VSH) Upgrades IR modules, Bolsters Discrete Portfolio",https://www.nasdaq.com/articles/vishay-vsh-upgrades-ir-modules-bolsters-discrete-portfolio,Nasdaq,2023-03-02 00:00:00 UTC,A
Agilent Technologies is Oversold,https://www.nasdaq.com/articles/agilent-technologies-is-oversold,Nasdaq,2023-03-01 00:00:00 UTC,A
Agilent Technologies (A) Surpasses Q1 Earnings and Revenue Estimates,https://www.nasdaq.com/articles/agilent-technologies-a-surpasses-q1-earnings-and-revenue-estimates,Nasdaq,2023-02-28 00:00:00 UTC,A
"Agilent Technologies Q1 Profit Increases, beats estimates",https://www.nasdaq.com/articles/agilent-technologies-q1-profit-increases-beats-estimates,Nasdaq,2023-02-28 00:00:00 UTC,A
Agilent Technologies Q1 23 Earnings Conference Call At 4:30 PM ET,https://www.nasdaq.com/articles/agilent-technologies-q1-23-earnings-conference-call-at-4%3A30-pm-et,Nasdaq,2023-02-28 00:00:00 UTC,A
Agilent Technologies (A) to Post Q1 Earnings: What's in Store?,https://www.nasdaq.com/articles/agilent-technologies-a-to-post-q1-earnings%3A-whats-in-store,Nasdaq,2023-02-27 00:00:00 UTC,A
Itron (ITRI) Q4 Earnings and Revenues Top Estimates,https://www.nasdaq.com/articles/itron-itri-q4-earnings-and-revenues-top-estimates,Nasdaq,2023-02-27 00:00:00 UTC,A
Time to Buy These Innovative Stocks Before Earnings?,https://www.nasdaq.com/articles/time-to-buy-these-innovative-stocks-before-earnings,Nasdaq,2023-02-24 00:00:00 UTC,A
"Block's (SQ) Q4 Earnings Miss Estimates, Revenues Up Y/Y",https://www.nasdaq.com/articles/blocks-sq-q4-earnings-miss-estimates-revenues-up-y-y,Nasdaq,2023-02-24 00:00:00 UTC,A
"ETSY's Q4 Earnings Miss Estimates, Revenues Increase Y/Y",https://www.nasdaq.com/articles/etsys-q4-earnings-miss-estimates-revenues-increase-y-y,Nasdaq,2023-02-23 00:00:00 UTC,A
"Daily Dividend Report: ETN,TMO,DE,A,SYY",https://www.nasdaq.com/articles/daily-dividend-report%3A-etntmodeasyy,Nasdaq,2023-02-23 00:00:00 UTC,A
Should You Invest in the First Trust Water ETF (FIW)?,https://www.nasdaq.com/articles/should-you-invest-in-the-first-trust-water-etf-fiw,Nasdaq,2023-02-23 00:00:00 UTC,A
Agilent Technologies (A) Dips More Than Broader Markets: What You Should Know,https://www.nasdaq.com/articles/agilent-technologies-a-dips-more-than-broader-markets%3A-what-you-should-know-2,Nasdaq,2023-02-22 00:00:00 UTC,A
Will Cloud Strength Benefit Alibaba's (BABA) Q3 Earnings?,https://www.nasdaq.com/articles/will-cloud-strength-benefit-alibabas-baba-q3-earnings,Nasdaq,2023-02-22 00:00:00 UTC,A
"Garmin's (GRMN) Q4 Earnings & Sales Beat Estimates, Down Y/Y",https://www.nasdaq.com/articles/garmins-grmn-q4-earnings-sales-beat-estimates-down-y-y,Nasdaq,2023-02-22 00:00:00 UTC,A
"Zacks Industry Outlook Highlights Agilent Technologies, AMETEK and Fortive",https://www.nasdaq.com/articles/zacks-industry-outlook-highlights-agilent-technologies-ametek-and-fortive-0,Nasdaq,2023-02-21 00:00:00 UTC,A
"Applied Materials (AMAT) Q1 Earnings & Sales Beat, Rise Y/Y",https://www.nasdaq.com/articles/applied-materials-amat-q1-earnings-sales-beat-rise-y-y-0,Nasdaq,2023-02-17 00:00:00 UTC,A
3 Testing Equipment Stocks With Bright Prospects to Watch,https://www.nasdaq.com/articles/3-testing-equipment-stocks-with-bright-prospects-to-watch,Nasdaq,2023-02-17 00:00:00 UTC,A
"Airbnb (ABNB) Q4 Earnings & Revenues Beat Mark, Increase Y/Y",https://www.nasdaq.com/articles/airbnb-abnb-q4-earnings-revenues-beat-mark-increase-y-y,Nasdaq,2023-02-16 00:00:00 UTC,A
The 3 Most Overlooked Stocks to Buy Now,https://www.nasdaq.com/articles/the-3-most-overlooked-stocks-to-buy-now,Nasdaq,2023-02-16 00:00:00 UTC,A
"TripAdvisor (TRIP) Q4 Earnings & Revenues Beat, Rise Y/Y",https://www.nasdaq.com/articles/tripadvisor-trip-q4-earnings-revenues-beat-rise-y-y,Nasdaq,2023-02-16 00:00:00 UTC,A
"WESCO (WCC) Q4 Earnings Beat Estimates, Sales Increase Y/Y",https://www.nasdaq.com/articles/wesco-wcc-q4-earnings-beat-estimates-sales-increase-y-y,Nasdaq,2023-02-16 00:00:00 UTC,A
"Waters (WAT) Q4 Earnings Surpass Estimates, Sales Rise Y/Y",https://www.nasdaq.com/articles/waters-wat-q4-earnings-surpass-estimates-sales-rise-y-y,Nasdaq,2023-02-15 00:00:00 UTC,A
"GoDaddy (GDDY) Q4 Earnings Meet Estimates, Revenues Rise Y/Y",https://www.nasdaq.com/articles/godaddy-gddy-q4-earnings-meet-estimates-revenues-rise-y-y,Nasdaq,2023-02-15 00:00:00 UTC,A
Agilent Technologies (A) Dips More Than Broader Markets: What You Should Know,https://www.nasdaq.com/articles/agilent-technologies-a-dips-more-than-broader-markets%3A-what-you-should-know-1,Nasdaq,2023-02-14 00:00:00 UTC,A
"Teradata (TDC) Q4 Earnings & Revenues Beat Estimates, Fall Y/Y",https://www.nasdaq.com/articles/teradata-tdc-q4-earnings-revenues-beat-estimates-fall-y-y,Nasdaq,2023-02-14 00:00:00 UTC,A
"Mettler-Toledo (MTD) Q4 Earnings & Sales Beat, Increase Y/Y",https://www.nasdaq.com/articles/mettler-toledo-mtd-q4-earnings-sales-beat-increase-y-y-0,Nasdaq,2023-02-13 00:00:00 UTC,A
"Vishay (VSH) Q4 Earnings & Revenues Miss Estimates, Rise Y/Y",https://www.nasdaq.com/articles/vishay-vsh-q4-earnings-revenues-miss-estimates-rise-y-y,Nasdaq,2023-02-10 00:00:00 UTC,A
"PayPal (PYPL) Q4 Earnings Beat Estimates, Revenues Rise Y/Y",https://www.nasdaq.com/articles/paypal-pypl-q4-earnings-beat-estimates-revenues-rise-y-y,Nasdaq,2023-02-10 00:00:00 UTC,A
"Expedia (EXPE) Q4 Earnings & Revenues Beat Estimates, Rise Y/Y",https://www.nasdaq.com/articles/expedia-expe-q4-earnings-revenues-beat-estimates-rise-y-y,Nasdaq,2023-02-10 00:00:00 UTC,A
"FormFactor's (FORM) Q4 Earnings Beat, Revenues Decline Y/Y",https://www.nasdaq.com/articles/formfactors-form-q4-earnings-beat-revenues-decline-y-y,Nasdaq,2023-02-09 00:00:00 UTC,A
"Advanced Energy (AEIS) Q4 Earnings Beat, Revenues Rise Y/Y",https://www.nasdaq.com/articles/advanced-energy-aeis-q4-earnings-beat-revenues-rise-y-y-0,Nasdaq,2023-02-09 00:00:00 UTC,A
Love & money: Four ways to avoid financial infidelity,https://www.nasdaq.com/articles/love-money%3A-four-ways-to-avoid-financial-infidelity,Nasdaq,2023-02-09 00:00:00 UTC,A
Agilent Technologies (A) Stock Moves -0.06%: What You Should Know,https://www.nasdaq.com/articles/agilent-technologies-a-stock-moves-0.06%3A-what-you-should-know,Nasdaq,2023-02-08 00:00:00 UTC,A
PayPal (PYPL) Q4 Earnings to Benefit From Portfolio Strength,https://www.nasdaq.com/articles/paypal-pypl-q4-earnings-to-benefit-from-portfolio-strength,Nasdaq,2023-02-08 00:00:00 UTC,A
"Jack Henry (JKHY) Q2 Earnings Miss Estimates, Revenues Rise Y/Y",https://www.nasdaq.com/articles/jack-henry-jkhy-q2-earnings-miss-estimates-revenues-rise-y-y,Nasdaq,2023-02-08 00:00:00 UTC,A
"Carrier's (CARR) Q4 Earnings In-Line, Revenues Beat Estimates",https://www.nasdaq.com/articles/carriers-carr-q4-earnings-in-line-revenues-beat-estimates,Nasdaq,2023-02-07 00:00:00 UTC,A
"MACOM (MTSI) Q1 Earnings & Revenues Top Estimates, Rise Y/Y",https://www.nasdaq.com/articles/macom-mtsi-q1-earnings-revenues-top-estimates-rise-y-y-0,Nasdaq,2023-02-03 00:00:00 UTC,A
"Alphabet (GOOGL) Q4 Earnings Miss Estimates, Revenues Rise Y/Y",https://www.nasdaq.com/articles/alphabet-googl-q4-earnings-miss-estimates-revenues-rise-y-y,Nasdaq,2023-02-03 00:00:00 UTC,A
Agilent Technologies (A) Gains But Lags Market: What You Should Know,https://www.nasdaq.com/articles/agilent-technologies-a-gains-but-lags-market%3A-what-you-should-know-0,Nasdaq,2023-02-02 00:00:00 UTC,A
"AMETEK (AME) Q4 Earnings & Sales Surpass Estimates, Rise Y/Y",https://www.nasdaq.com/articles/ametek-ame-q4-earnings-sales-surpass-estimates-rise-y-y,Nasdaq,2023-02-02 00:00:00 UTC,A
"Zacks.com featured highlights Archer-Daniels-Midland, Agilent Technologies, Republic Services, Deere and Cardinal Health",https://www.nasdaq.com/articles/zacks.com-featured-highlights-archer-daniels-midland-agilent-technologies-republic,Nasdaq,2023-02-02 00:00:00 UTC,A
Alphabet (GOOGL) Q4 Earnings to Benefit From Google Cloud,https://www.nasdaq.com/articles/alphabet-googl-q4-earnings-to-benefit-from-google-cloud,Nasdaq,2023-02-01 00:00:00 UTC,A
Will Amazon's (AMZN) Q4 Earnings Benefit From AWS Momentum?,https://www.nasdaq.com/articles/will-amazons-amzn-q4-earnings-benefit-from-aws-momentum-0,Nasdaq,2023-02-01 00:00:00 UTC,A
National Instruments (NATI) Misses Q4 Earnings and Revenue Estimates,https://www.nasdaq.com/articles/national-instruments-nati-misses-q4-earnings-and-revenue-estimates,Nasdaq,2023-01-31 00:00:00 UTC,A
"NXP Semiconductors (NXPI) Q4 Earnings Beat, Revenues Rise Y/Y",https://www.nasdaq.com/articles/nxp-semiconductors-nxpi-q4-earnings-beat-revenues-rise-y-y-0,Nasdaq,2023-01-31 00:00:00 UTC,A
"Zacks.com featured highlights Philip Morris International, Kroger, Expedia Group, Lyft and Agilent Technologies",https://www.nasdaq.com/articles/zacks.com-featured-highlights-philip-morris-international-kroger-expedia-group-lyft-and,Nasdaq,2023-01-31 00:00:00 UTC,A
5 Stocks With Upgraded Broker Ratings for Solid Returns in 2023,https://www.nasdaq.com/articles/5-stocks-with-upgraded-broker-ratings-for-solid-returns-in-2023,Nasdaq,2023-01-30 00:00:00 UTC,A
"KLA's (KLAC) Q2 Earnings & Revenues Top Estimates, Rise Y/Y",https://www.nasdaq.com/articles/klas-klac-q2-earnings-revenues-top-estimates-rise-y-y,Nasdaq,2023-01-27 00:00:00 UTC,A
"Zacks Investment Ideas feature highlights: Chevron, Kinder Morgan, Agilent Technologies, Apple and Microsoft",https://www.nasdaq.com/articles/zacks-investment-ideas-feature-highlights%3A-chevron-kinder-morgan-agilent-technologies,Nasdaq,2023-01-27 00:00:00 UTC,A
Agilent Technologies (A) Gains But Lags Market: What You Should Know,https://www.nasdaq.com/articles/agilent-technologies-a-gains-but-lags-market%3A-what-you-should-know,Nasdaq,2023-01-26 00:00:00 UTC,A
"IWR, ORLY, A, AZO: ETF Outflow Alert",https://www.nasdaq.com/articles/iwr-orly-a-azo%3A-etf-outflow-alert,Nasdaq,2023-01-26 00:00:00 UTC,A
"Lam Research (LRCX) Q2 Earnings & Revenues Beat, Rise Y/Y",https://www.nasdaq.com/articles/lam-research-lrcx-q2-earnings-revenues-beat-rise-y-y,Nasdaq,2023-01-26 00:00:00 UTC,A
"Teradyne (TER) Q4 Earnings & Revenues Beat Estimates, Down Y/Y",https://www.nasdaq.com/articles/teradyne-ter-q4-earnings-revenues-beat-estimates-down-y-y,Nasdaq,2023-01-26 00:00:00 UTC,A
Best Growth Stocks to Buy for January 26th,https://www.nasdaq.com/articles/best-growth-stocks-to-buy-for-january-26th-0,Nasdaq,2023-01-26 00:00:00 UTC,A
"TE Connectivity's (TEL) Q1 Earnings Beat, Sales Rise Y/Y",https://www.nasdaq.com/articles/te-connectivitys-tel-q1-earnings-beat-sales-rise-y-y,Nasdaq,2023-01-25 00:00:00 UTC,A
"Texas Instruments (TXN) Q4 Earnings Beat, Revenues Fall Y/Y",https://www.nasdaq.com/articles/texas-instruments-txn-q4-earnings-beat-revenues-fall-y-y,Nasdaq,2023-01-25 00:00:00 UTC,A
Agilent Inks Deal With Quest Diagnostics To Offer CtDx FIRST Liquid Biopsy Test Across US,https://www.nasdaq.com/articles/agilent-inks-deal-with-quest-diagnostics-to-offer-ctdx-first-liquid-biopsy-test-across-us,Nasdaq,2023-01-23 00:00:00 UTC,A
Agilent Technologies (A) Outpaces Stock Market Gains: What You Should Know,https://www.nasdaq.com/articles/agilent-technologies-a-outpaces-stock-market-gains%3A-what-you-should-know-3,Nasdaq,2023-01-20 00:00:00 UTC,A
Vishay (VSH) Expands Its Diode Offerings With New Rectifiers,https://www.nasdaq.com/articles/vishay-vsh-expands-its-diode-offerings-with-new-rectifiers,Nasdaq,2023-01-20 00:00:00 UTC,A
Are Computer and Technology Stocks Lagging Agilent Technologies (A) This Year?,https://www.nasdaq.com/articles/are-computer-and-technology-stocks-lagging-agilent-technologies-a-this-year,Nasdaq,2023-01-20 00:00:00 UTC,A
Alphabet (GOOGL) Strengthens Google Meet With Zoom Tie-Up,https://www.nasdaq.com/articles/alphabet-googl-strengthens-google-meet-with-zoom-tie-up,Nasdaq,2023-01-20 00:00:00 UTC,A
Texas Instruments (TXN) Introduces Ultrasonic Lens Chipsets,https://www.nasdaq.com/articles/texas-instruments-txn-introduces-ultrasonic-lens-chipsets,Nasdaq,2023-01-19 00:00:00 UTC,A
Agilent Technologies (A) Is Up 6.26% in One Week: What You Should Know,https://www.nasdaq.com/articles/agilent-technologies-a-is-up-6.26-in-one-week%3A-what-you-should-know,Nasdaq,2023-01-19 00:00:00 UTC,A
Interesting A Put And Call Options For March 17th,https://www.nasdaq.com/articles/interesting-a-put-and-call-options-for-march-17th,Nasdaq,2023-01-19 00:00:00 UTC,A
Alphabet (GOOGL) Updates Google Clock With Custom Alarm Sound,https://www.nasdaq.com/articles/alphabet-googl-updates-google-clock-with-custom-alarm-sound,Nasdaq,2023-01-18 00:00:00 UTC,A
Jack Henry (JKHY) Expands Credit Card Offerings With TIB,https://www.nasdaq.com/articles/jack-henry-jkhy-expands-credit-card-offerings-with-tib,Nasdaq,2023-01-18 00:00:00 UTC,A
"Zacks.com featured highlights include Herc Holdings, Nexstar Media Group, Expedia Group and Agilent Technologies",https://www.nasdaq.com/articles/zacks.com-featured-highlights-include-herc-holdings-nexstar-media-group-expedia-group-and,Nasdaq,2023-01-17 00:00:00 UTC,A
Garmin (GRMN) Boosts Marine Offerings With New Chartplotters,https://www.nasdaq.com/articles/garmin-grmn-boosts-marine-offerings-with-new-chartplotters,Nasdaq,2023-01-16 00:00:00 UTC,A
These 4 Stocks Boast Impressive Interest Coverage Ratio,https://www.nasdaq.com/articles/these-4-stocks-boast-impressive-interest-coverage-ratio-0,Nasdaq,2023-01-16 00:00:00 UTC,A
Alphabet (GOOGL) Joins Pivot to Aid Adoption of Nest Devices,https://www.nasdaq.com/articles/alphabet-googl-joins-pivot-to-aid-adoption-of-nest-devices,Nasdaq,2023-01-16 00:00:00 UTC,A
"If You Invested $1000 in Agilent Technologies a Decade Ago, This is How Much It'd Be Worth Now",https://www.nasdaq.com/articles/if-you-invested-%241000-in-agilent-technologies-a-decade-ago-this-is-how-much-itd-be-worth,Nasdaq,2023-01-16 00:00:00 UTC,A
Semtech (SMTC) Expands Offerings With Sierra Wireless Buyout,https://www.nasdaq.com/articles/semtech-smtc-expands-offerings-with-sierra-wireless-buyout,Nasdaq,2023-01-13 00:00:00 UTC,A
5 Top Dividend Growth Stocks for Assured Returns in 2023,https://www.nasdaq.com/articles/5-top-dividend-growth-stocks-for-assured-returns-in-2023,Nasdaq,2023-01-12 00:00:00 UTC,A
Alphabet (GOOGL) Updates Meet With 360-degree Background Feature,https://www.nasdaq.com/articles/alphabet-googl-updates-meet-with-360-degree-background-feature,Nasdaq,2023-01-12 00:00:00 UTC,A
Agilent Technologies (A) Outpaces Stock Market Gains: What You Should Know,https://www.nasdaq.com/articles/agilent-technologies-a-outpaces-stock-market-gains%3A-what-you-should-know-2,Nasdaq,2023-01-11 00:00:00 UTC,A
Jack Henry (JKHY) Strengthens Clientele With L&N Selection,https://www.nasdaq.com/articles/jack-henry-jkhy-strengthens-clientele-with-ln-selection,Nasdaq,2023-01-11 00:00:00 UTC,A
"Tuesday Sector Leaders: Healthcare, Services",https://www.nasdaq.com/articles/tuesday-sector-leaders%3A-healthcare-services,Nasdaq,2023-01-10 00:00:00 UTC,A
Agilent Technologies Inc. Shares Near 52-Week High - Market Mover,https://www.nasdaq.com/articles/agilent-technologies-inc.-shares-near-52-week-high-market-mover,Nasdaq,2023-01-10 00:00:00 UTC,A
Agilent Technologies To Repurchase Up To $2 Bln Of Stock,https://www.nasdaq.com/articles/agilent-technologies-to-repurchase-up-to-%242-bln-of-stock,Nasdaq,2023-01-09 00:00:00 UTC,A
"Company News for Jan 9, 2023",https://www.nasdaq.com/articles/company-news-for-jan-9-2023,Nasdaq,2023-01-09 00:00:00 UTC,A
Agilent Technologies To Invest $725 Mln To Double Capacity For Oligos,https://www.nasdaq.com/articles/agilent-technologies-to-invest-%24725-mln-to-double-capacity-for-oligos,Nasdaq,2023-01-09 00:00:00 UTC,A
Semtech (SMTC) Strengthens Clientele With LoRa Selection,https://www.nasdaq.com/articles/semtech-smtc-strengthens-clientele-with-lora-selection,Nasdaq,2023-01-09 00:00:00 UTC,A
NXP Semiconductors (NXPI) Boosts Customer Base With VinFast,https://www.nasdaq.com/articles/nxp-semiconductors-nxpi-boosts-customer-base-with-vinfast,Nasdaq,2023-01-09 00:00:00 UTC,A
"Friday's ETF Movers: REMX, QVML",https://www.nasdaq.com/articles/fridays-etf-movers%3A-remx-qvml,Nasdaq,2023-01-06 00:00:00 UTC,A
"Agilent, Akoya Partner To Drive Multiplex Tissue Assay Development For Biopharma Applications",https://www.nasdaq.com/articles/agilent-akoya-partner-to-drive-multiplex-tissue-assay-development-for-biopharma,Nasdaq,2023-01-06 00:00:00 UTC,A
Texas Instruments (TXN) Boosts EV Prospects With New Monitors,https://www.nasdaq.com/articles/texas-instruments-txn-boosts-ev-prospects-with-new-monitors,Nasdaq,2023-01-05 00:00:00 UTC,A
Garmin (GRMN) Boosts Automotive Offerings With Dash Cam Live,https://www.nasdaq.com/articles/garmin-grmn-boosts-automotive-offerings-with-dash-cam-live,Nasdaq,2023-01-05 00:00:00 UTC,A
Agilent (A) to Expand Portfolio With Avida Biomed Acquisition,https://www.nasdaq.com/articles/agilent-a-to-expand-portfolio-with-avida-biomed-acquisition,Nasdaq,2023-01-05 00:00:00 UTC,A
NXP (NXPI) Boosts Portfolio With i.MX 95 Application Processors,https://www.nasdaq.com/articles/nxp-nxpi-boosts-portfolio-with-i.mx-95-application-processors,Nasdaq,2023-01-05 00:00:00 UTC,A
Alphabet (GOOGL) Boosts Google Voice With Suspected Spam Caller,https://www.nasdaq.com/articles/alphabet-googl-boosts-google-voice-with-suspected-spam-caller,Nasdaq,2023-01-04 00:00:00 UTC,A
Alphabet's (GOOGL) Google Builds Terrorism Moderation Tool,https://www.nasdaq.com/articles/alphabets-googl-google-builds-terrorism-moderation-tool,Nasdaq,2023-01-04 00:00:00 UTC,A
Is Agilent Technologies (A) Stock Outpacing Its Computer and Technology Peers This Year?,https://www.nasdaq.com/articles/is-agilent-technologies-a-stock-outpacing-its-computer-and-technology-peers-this-year,Nasdaq,2023-01-04 00:00:00 UTC,A
"Alphabet (GOOGL) Ups YouTube Efforts, Boosts Google Services",https://www.nasdaq.com/articles/alphabet-googl-ups-youtube-efforts-boosts-google-services,Nasdaq,2023-01-03 00:00:00 UTC,A
Alphabet (GOOGL) Enhances Google Home App With Touch Controls,https://www.nasdaq.com/articles/alphabet-googl-enhances-google-home-app-with-touch-controls,Nasdaq,2023-01-03 00:00:00 UTC,A
"Investors Heavily Search Agilent Technologies, Inc. (A): Here is What You Need to Know",https://www.nasdaq.com/articles/investors-heavily-search-agilent-technologies-inc.-a%3A-here-is-what-you-need-to-know,Nasdaq,2022-12-30 00:00:00 UTC,A
Alphabet (GOOGL) to Strengthen Chrome With Security Option,https://www.nasdaq.com/articles/alphabet-googl-to-strengthen-chrome-with-security-option,Nasdaq,2022-12-29 00:00:00 UTC,A
Airbnb (ABNB) to Win Customer Trust With Recent Initiative,https://www.nasdaq.com/articles/airbnb-abnb-to-win-customer-trust-with-recent-initiative,Nasdaq,2022-12-28 00:00:00 UTC,A
"Ex-Dividend Reminder: Franchise Group, Agilent Technologies and Encompass Health",https://www.nasdaq.com/articles/ex-dividend-reminder%3A-franchise-group-agilent-technologies-and-encompass-health,Nasdaq,2022-12-28 00:00:00 UTC,A
Agilent (A) Upgraded to Buy: Here's What You Should Know,https://www.nasdaq.com/articles/agilent-a-upgraded-to-buy%3A-heres-what-you-should-know,Nasdaq,2022-12-27 00:00:00 UTC,A
Carrier (CARR) Boosts Fire & Security Unit With TruVision TVN12,https://www.nasdaq.com/articles/carrier-carr-boosts-fire-security-unit-with-truvision-tvn12,Nasdaq,2022-12-23 00:00:00 UTC,A
Alphabet (GOOGL) Updates Search With Redesigned Weather Card,https://www.nasdaq.com/articles/alphabet-googl-updates-search-with-redesigned-weather-card,Nasdaq,2022-12-23 00:00:00 UTC,A
Agilent (A) Down 5.7% Since Last Earnings Report: Can It Rebound?,https://www.nasdaq.com/articles/agilent-a-down-5.7-since-last-earnings-report%3A-can-it-rebound,Nasdaq,2022-12-21 00:00:00 UTC,A
"Alphabet's (GOOGL) Waymo Expands Operating Area in Phoenix, AZ",https://www.nasdaq.com/articles/alphabets-googl-waymo-expands-operating-area-in-phoenix-az,Nasdaq,2022-12-19 00:00:00 UTC,A
Alphabet (GOOGL) Enhances Google Voice With Recent Features,https://www.nasdaq.com/articles/alphabet-googl-enhances-google-voice-with-recent-features,Nasdaq,2022-12-19 00:00:00 UTC,A
"Here is What to Know Beyond Why Agilent Technologies, Inc. (A) is a Trending Stock",https://www.nasdaq.com/articles/here-is-what-to-know-beyond-why-agilent-technologies-inc.-a-is-a-trending-stock,Nasdaq,2022-12-19 00:00:00 UTC,A
"Adobe (ADBE) Q4 Earnings & Revenues Beat Estimates, Rise Y/Y",https://www.nasdaq.com/articles/adobe-adbe-q4-earnings-revenues-beat-estimates-rise-y-y-0,Nasdaq,2022-12-16 00:00:00 UTC,A
"Health Care Sector Update for 12/13/2022: MRNA, MRK, BLCO, A, MRTX",https://www.nasdaq.com/articles/health-care-sector-update-for-12-13-2022%3A-mrna-mrk-blco-a-mrtx,Nasdaq,2022-12-13 00:00:00 UTC,A
FDA Grants Accelerated Approval For Mirati Therapeutics' Lung Cancer Drug KRAZATI,https://www.nasdaq.com/articles/fda-grants-accelerated-approval-for-mirati-therapeutics-lung-cancer-drug-krazati,Nasdaq,2022-12-12 00:00:00 UTC,A
Vishay's (VSH) Launch of New Modules Expands Diodes Offerings,https://www.nasdaq.com/articles/vishays-vsh-launch-of-new-modules-expands-diodes-offerings,Nasdaq,2022-12-12 00:00:00 UTC,A
"Zacks.com featured highlights Archer-Daniels-Midland, Deere, Booz Allen Hamilton, Agilent Technologies and Boyd Gaming",https://www.nasdaq.com/articles/zacks.com-featured-highlights-archer-daniels-midland-deere-booz-allen-hamilton-agilent,Nasdaq,2022-12-12 00:00:00 UTC,A
5 Top Dividend Growth Stocks to Buy Amid Volatility,https://www.nasdaq.com/articles/5-top-dividend-growth-stocks-to-buy-amid-volatility-0,Nasdaq,2022-12-09 00:00:00 UTC,A
"The Zacks Analyst Blog Highlights Fortinet, Airbnb, Agilent Technologies and Kroger",https://www.nasdaq.com/articles/the-zacks-analyst-blog-highlights-fortinet-airbnb-agilent-technologies-and-kroger,Nasdaq,2022-12-09 00:00:00 UTC,A
4 High-Quality Stocks You'll Regret Not Buying a Year From Now,https://www.nasdaq.com/articles/4-high-quality-stocks-youll-regret-not-buying-a-year-from-now,Nasdaq,2022-12-08 00:00:00 UTC,A
Why This 1 Growth Stock Could Be a Great Addition to Your Portfolio,https://www.nasdaq.com/articles/why-this-1-growth-stock-could-be-a-great-addition-to-your-portfolio-161,Nasdaq,2022-12-07 00:00:00 UTC,A
Why This 1 Computer and Technology Stock Could Be a Great Addition to Your Portfolio,https://www.nasdaq.com/articles/why-this-1-computer-and-technology-stock-could-be-a-great-addition-to-your-portfolio-19,Nasdaq,2022-12-07 00:00:00 UTC,A
"Is Trending Stock Agilent Technologies, Inc. (A) a Buy Now?",https://www.nasdaq.com/articles/is-trending-stock-agilent-technologies-inc.-a-a-buy-now,Nasdaq,2022-12-06 00:00:00 UTC,A
Texas Instruments' (TXN) Latest Launches Aid Analog Portfolio,https://www.nasdaq.com/articles/texas-instruments-txn-latest-launches-aid-analog-portfolio,Nasdaq,2022-11-29 00:00:00 UTC,A
"Vishay (VSH) Unveils an Optocoupler, Expands Portfolio",https://www.nasdaq.com/articles/vishay-vsh-unveils-an-optocoupler-expands-portfolio,Nasdaq,2022-11-28 00:00:00 UTC,A
"Beat the Market the Zacks Way: Tenaris, Lululemon, AutoZone in Focus",https://www.nasdaq.com/articles/beat-the-market-the-zacks-way%3A-tenaris-lululemon-autozone-in-focus,Nasdaq,2022-11-28 00:00:00 UTC,A
Agilent Technologies Reaches Analyst Target Price,https://www.nasdaq.com/articles/agilent-technologies-reaches-analyst-target-price,Nasdaq,2022-11-23 00:00:00 UTC,A
"Noteworthy Tuesday Option Activity: A, XOM, GNRC",https://www.nasdaq.com/articles/noteworthy-tuesday-option-activity%3A-a-xom-gnrc,Nasdaq,2022-11-22 00:00:00 UTC,A
"US STOCKS-Retailer, energy boost helps Wall Street rally",https://www.nasdaq.com/articles/us-stocks-retailer-energy-boost-helps-wall-street-rally,Nasdaq,2022-11-22 00:00:00 UTC,A
"US STOCKS-Wall St climbs on retail, energy lift",https://www.nasdaq.com/articles/us-stocks-wall-st-climbs-on-retail-energy-lift,Nasdaq,2022-11-22 00:00:00 UTC,A
"S&P 500 Movers: DLTR, BBY",https://www.nasdaq.com/articles/sp-500-movers%3A-dltr-bby,Nasdaq,2022-11-22 00:00:00 UTC,A
"Agilent (A) Q4 Earnings Surpass Estimates, Revenues Rise Y/Y",https://www.nasdaq.com/articles/agilent-a-q4-earnings-surpass-estimates-revenues-rise-y-y,Nasdaq,2022-11-22 00:00:00 UTC,A
Agilent Technologies Gains On Q4 Revenue Growth,https://www.nasdaq.com/articles/agilent-technologies-gains-on-q4-revenue-growth,Nasdaq,2022-11-22 00:00:00 UTC,A
US STOCKS-Wall St gains as Best Buy calms fears of dull holiday season,https://www.nasdaq.com/articles/us-stocks-wall-st-gains-as-best-buy-calms-fears-of-dull-holiday-season,Nasdaq,2022-11-22 00:00:00 UTC,A
"Agilent Technologies Q4 Profit Decreases, but beats estimates",https://www.nasdaq.com/articles/agilent-technologies-q4-profit-decreases-but-beats-estimates,Nasdaq,2022-11-21 00:00:00 UTC,A
Pre Markets in Red to Kick Off Thanksgiving Week,https://www.nasdaq.com/articles/pre-markets-in-red-to-kick-off-thanksgiving-week,Nasdaq,2022-11-21 00:00:00 UTC,A
"The Zacks Analyst Blog Highlights Agilent Technologies, KeyCorp, Griffon, Group 1 Automotive and Suncor Energy",https://www.nasdaq.com/articles/the-zacks-analyst-blog-highlights-agilent-technologies-keycorp-griffon-group-1-automotive,Nasdaq,2022-11-21 00:00:00 UTC,A
"After-Hours Earnings Report for November 21, 2022 : A, ZM, DELL, ZTO, MMS, DY, GDS, URBN, GBDC, SNEX, CENTA, ENTA",https://www.nasdaq.com/articles/after-hours-earnings-report-for-november-21-2022-%3A-a-zm-dell-zto-mms-dy-gds-urbn-gbdc-snex,Nasdaq,2022-11-21 00:00:00 UTC,A
Pre-Markets in Red to Start a Fresh Week,https://www.nasdaq.com/articles/pre-markets-in-red-to-start-a-fresh-week-0,Nasdaq,2022-11-21 00:00:00 UTC,A
5 Stocks With Recent Dividend Hike for a Stable Portfolio,https://www.nasdaq.com/articles/5-stocks-with-recent-dividend-hike-for-a-stable-portfolio-0,Nasdaq,2022-11-18 00:00:00 UTC,A
Agilent Q4 Preview: Double-Digit Earnings Growth in Store?,https://www.nasdaq.com/articles/agilent-q4-preview%3A-double-digit-earnings-growth-in-store,Nasdaq,2022-11-18 00:00:00 UTC,A
"Applied Materials (AMAT) Q4 Earnings & Sales Beat, Rise Y/Y",https://www.nasdaq.com/articles/applied-materials-amat-q4-earnings-sales-beat-rise-y-y,Nasdaq,2022-11-18 00:00:00 UTC,A
"Daily Dividend Report: A, CBOE, KLIC, GFF, NOC",https://www.nasdaq.com/articles/daily-dividend-report%3A-a-cboe-klic-gff-noc,Nasdaq,2022-11-17 00:00:00 UTC,A
Garmin's (GRMN) Tacx NEO Bike Plus to Boost Fitness Segment,https://www.nasdaq.com/articles/garmins-grmn-tacx-neo-bike-plus-to-boost-fitness-segment,Nasdaq,2022-11-17 00:00:00 UTC,A
"Cisco's (CSCO) Q1 Earnings Top Estimates, Revenues Up Y/Y",https://www.nasdaq.com/articles/ciscos-csco-q1-earnings-top-estimates-revenues-up-y-y-0,Nasdaq,2022-11-17 00:00:00 UTC,A
Garmin (GRMN) Lifts Marine Segment With Signature 3i Speakers,https://www.nasdaq.com/articles/garmin-grmn-lifts-marine-segment-with-signature-3i-speakers,Nasdaq,2022-11-16 00:00:00 UTC,A
3 Electronics Stocks With Upbeat Industry Prospects to Watch,https://www.nasdaq.com/articles/3-electronics-stocks-with-upbeat-industry-prospects-to-watch,Nasdaq,2022-11-16 00:00:00 UTC,A
Semtech's (SMTC) New Tie-Up to Enhance Asset Tracking Devices,https://www.nasdaq.com/articles/semtechs-smtc-new-tie-up-to-enhance-asset-tracking-devices,Nasdaq,2022-11-14 00:00:00 UTC,A
Carrier (CARR) to Aid Cold-Chain in Africa With Recent Tie-Ups,https://www.nasdaq.com/articles/carrier-carr-to-aid-cold-chain-in-africa-with-recent-tie-ups,Nasdaq,2022-11-11 00:00:00 UTC,A
"RingCentral (RNG) Q3 Earnings Top Estimates, Revenues Up Y/Y",https://www.nasdaq.com/articles/ringcentral-rng-q3-earnings-top-estimates-revenues-up-y-y-0,Nasdaq,2022-11-10 00:00:00 UTC,A
Garmin (GRMN) Boosts Wearable Portfolio With Instinct Watch,https://www.nasdaq.com/articles/garmin-grmn-boosts-wearable-portfolio-with-instinct-watch,Nasdaq,2022-11-09 00:00:00 UTC,A
Billionaire Snapshots: The Oracle of Omaha and What He's Buying Even in the Face of a Recession,https://www.nasdaq.com/articles/billionaire-snapshots%3A-the-oracle-of-omaha-and-what-hes-buying-even-in-the-face-of-a,Nasdaq,2022-11-09 00:00:00 UTC,A
"Ziff Davis (ZD) Q3 Earnings Meet Estimates, Revenues Fall Y/Y",https://www.nasdaq.com/articles/ziff-davis-zd-q3-earnings-meet-estimates-revenues-fall-y-y,Nasdaq,2022-11-09 00:00:00 UTC,A
"Jack Henry (JKHY) Q1 Earnings Top Estimates, Revenues Rise Y/Y",https://www.nasdaq.com/articles/jack-henry-jkhy-q1-earnings-top-estimates-revenues-rise-y-y,Nasdaq,2022-11-09 00:00:00 UTC,A
"Teradata (TDC) Q3 Earnings Beat Estimates, Revenues Fall Y/Y",https://www.nasdaq.com/articles/teradata-tdc-q3-earnings-beat-estimates-revenues-fall-y-y,Nasdaq,2022-11-08 00:00:00 UTC,A
"Skyworks' (SWKS) Q4 Earnings Top Estimates, Revenues Rise Y/Y",https://www.nasdaq.com/articles/skyworks-swks-q4-earnings-top-estimates-revenues-rise-y-y,Nasdaq,2022-11-04 00:00:00 UTC,A
"Microchip (MCHP) Q2 Earnings Top Estimates, Sales Rise Y/Y",https://www.nasdaq.com/articles/microchip-mchp-q2-earnings-top-estimates-sales-rise-y-y,Nasdaq,2022-11-04 00:00:00 UTC,A
Itron (ITRI) Meets Q3 Earnings Estimates,https://www.nasdaq.com/articles/itron-itri-meets-q3-earnings-estimates,Nasdaq,2022-11-03 00:00:00 UTC,A
Ametek (AME) Q3 Earnings and Revenues Beat Estimates,https://www.nasdaq.com/articles/ametek-ame-q3-earnings-and-revenues-beat-estimates,Nasdaq,2022-11-01 00:00:00 UTC,A
"After-Hours Earnings Report for October 19, 2022 : TSLA, IBM, CCI, LRCX, KMI, PPG, LVS, EFX, STLD, REXR, KNX, AA",https://www.nasdaq.com/articles/after-hours-earnings-report-for-october-19-2022-%3A-tsla-ibm-cci-lrcx-kmi-ppg-lvs-efx-stld,Nasdaq,2022-10-19 00:00:00 UTC,A
"The Zacks Analyst Blog Highlights Perion Network, Keysight Technologies, Arista Networks and Agilent Technologies",https://www.nasdaq.com/articles/the-zacks-analyst-blog-highlights-perion-network-keysight-technologies-arista-networks-and,Nasdaq,2022-10-18 00:00:00 UTC,A
4 Under-the-Radar Tech Stocks Looking Good Right Now,https://www.nasdaq.com/articles/4-under-the-radar-tech-stocks-looking-good-right-now,Nasdaq,2022-10-17 00:00:00 UTC,A
Alphabet's (GOOGL) 5 Gig & 8 Gig Fiber Plans to Win Customers,https://www.nasdaq.com/articles/alphabets-googl-5-gig-8-gig-fiber-plans-to-win-customers,Nasdaq,2022-10-14 00:00:00 UTC,A
Garmin (GRMN) Boosts Citation Excel/XLS Performance With G5000,https://www.nasdaq.com/articles/garmin-grmn-boosts-citation-excel-xls-performance-with-g5000,Nasdaq,2022-10-14 00:00:00 UTC,A
PayPal (PYPL) Boosts Focus on Small Businesses With Terminal,https://www.nasdaq.com/articles/paypal-pypl-boosts-focus-on-small-businesses-with-terminal,Nasdaq,2022-10-13 00:00:00 UTC,A
Implied Volatility Surging for Agilent Technologies (A) Stock Options,https://www.nasdaq.com/articles/implied-volatility-surging-for-agilent-technologies-a-stock-options-1,Nasdaq,2022-10-13 00:00:00 UTC,A
Waters (WAT) to Attract Scientists With Extraction+ Device,https://www.nasdaq.com/articles/waters-wat-to-attract-scientists-with-extraction-device,Nasdaq,2022-10-13 00:00:00 UTC,A
Garmin (GRMN) Grows Wearable Portfolio With MARQ Watch Series,https://www.nasdaq.com/articles/garmin-grmn-grows-wearable-portfolio-with-marq-watch-series,Nasdaq,2022-10-12 00:00:00 UTC,A
Why Agilent Technologies (A) is a Top Stock for the Long-Term,https://www.nasdaq.com/articles/why-agilent-technologies-a-is-a-top-stock-for-the-long-term,Nasdaq,2022-10-12 00:00:00 UTC,A
Agilent Technologies (A) Gains As Market Dips: What You Should Know,https://www.nasdaq.com/articles/agilent-technologies-a-gains-as-market-dips%3A-what-you-should-know,Nasdaq,2022-10-05 00:00:00 UTC,A
Itron (ITRI) and SmartThings to Enhance Energy Management,https://www.nasdaq.com/articles/itron-itri-and-smartthings-to-enhance-energy-management,Nasdaq,2022-10-04 00:00:00 UTC,A
"Ex-Dividend Reminder: Agilent Technologies, Brixmor Property Group and Apple Hospitality REIT",https://www.nasdaq.com/articles/ex-dividend-reminder%3A-agilent-technologies-brixmor-property-group-and-apple-hospitality,Nasdaq,2022-09-29 00:00:00 UTC,A
First Week of May 2023 Options Trading For Agilent Technologies (A),https://www.nasdaq.com/articles/first-week-of-may-2023-options-trading-for-agilent-technologies-a,Nasdaq,2022-09-16 00:00:00 UTC,A
Why This 1 Computer and Technology Stock Could Be a Great Addition to Your Portfolio,https://www.nasdaq.com/articles/why-this-1-computer-and-technology-stock-could-be-a-great-addition-to-your-portfolio-18,Nasdaq,2022-09-16 00:00:00 UTC,A
Agilent (A) Down 6.4% Since Last Earnings Report: Can It Rebound?,https://www.nasdaq.com/articles/agilent-a-down-6.4-since-last-earnings-report%3A-can-it-rebound,Nasdaq,2022-09-15 00:00:00 UTC,A
"Have Agilent Technologies, Inc. (NYSE:A) Insiders Been Selling Their Stock?",https://www.nasdaq.com/articles/have-agilent-technologies-inc.-nyse%3Aa-insiders-been-selling-their-stock,Nasdaq,2022-09-11 00:00:00 UTC,A
Alcoa Reaches Analyst Target Price,https://www.nasdaq.com/articles/alcoa-reaches-analyst-target-price-1,Nasdaq,2023-12-16 00:00:00 UTC,AA
AA Quantitative Stock Analysis,https://www.nasdaq.com/articles/aa-quantitative-stock-analysis-0,Nasdaq,2023-12-15 00:00:00 UTC,AA
"Notable Friday Option Activity: CPE, AA, TGT",https://www.nasdaq.com/articles/notable-friday-option-activity%3A-cpe-aa-tgt,Nasdaq,2023-12-14 00:00:00 UTC,AA
"Notable Thursday Option Activity: AA, CIEN, PANW",https://www.nasdaq.com/articles/notable-thursday-option-activity%3A-aa-cien-panw,Nasdaq,2023-12-07 00:00:00 UTC,AA
HSBC Initiates Coverage of Alcoa (AA) with Hold Recommendation,https://www.nasdaq.com/articles/hsbc-initiates-coverage-of-alcoa-aa-with-hold-recommendation,Nasdaq,2023-12-07 00:00:00 UTC,AA
Here's Why Alcoa (AA) Fell More Than Broader Market,https://www.nasdaq.com/articles/heres-why-alcoa-aa-fell-more-than-broader-market,Nasdaq,2023-12-06 00:00:00 UTC,AA
Global aluminium producer seeks Q1 premium of $95/T -sources,https://www.nasdaq.com/articles/global-aluminium-producer-seeks-q1-premium-of-%2495-t-sources-0,Nasdaq,2023-12-01 00:00:00 UTC,AA
Alcoa (AA) Outperforms Broader Market: What You Need to Know,https://www.nasdaq.com/articles/alcoa-aa-outperforms-broader-market%3A-what-you-need-to-know,Nasdaq,2023-11-30 00:00:00 UTC,AA
Alcoa (AA) Stock Declines While Market Improves: Some Information for Investors,https://www.nasdaq.com/articles/alcoa-aa-stock-declines-while-market-improves%3A-some-information-for-investors,Nasdaq,2023-11-24 00:00:00 UTC,AA
Guru Fundamental Report for AA,https://www.nasdaq.com/articles/guru-fundamental-report-for-aa-9,Nasdaq,2023-11-23 00:00:00 UTC,AA
Implied MDYV Analyst Target Price: $76,https://www.nasdaq.com/articles/implied-mdyv-analyst-target-price%3A-%2476,Nasdaq,2023-11-20 00:00:00 UTC,AA
Industry group urges EU to impose wider sanctions on Russian aluminium,https://www.nasdaq.com/articles/industry-group-urges-eu-to-impose-wider-sanctions-on-russian-aluminium,Nasdaq,2023-11-17 00:00:00 UTC,AA
Industry group urges EU to impose broader sanctions on Russian aluminium,https://www.nasdaq.com/articles/industry-group-urges-eu-to-impose-broader-sanctions-on-russian-aluminium,Nasdaq,2023-11-17 00:00:00 UTC,AA
First Week of AA January 2025 Options Trading,https://www.nasdaq.com/articles/first-week-of-aa-january-2025-options-trading,Nasdaq,2023-11-13 00:00:00 UTC,AA
Guru Fundamental Report for AA,https://www.nasdaq.com/articles/guru-fundamental-report-for-aa-8,Nasdaq,2023-11-09 00:00:00 UTC,AA
"COLUMN-New EU power market, same old problems for metals sector: Andy Home",https://www.nasdaq.com/articles/column-new-eu-power-market-same-old-problems-for-metals-sector%3A-andy-home-0,Nasdaq,2023-11-07 00:00:00 UTC,AA
"COLUMN-New EU power market, same old problems for metals sector: Andy Home",https://www.nasdaq.com/articles/column-new-eu-power-market-same-old-problems-for-metals-sector%3A-andy-home,Nasdaq,2023-11-07 00:00:00 UTC,AA
Guru Fundamental Report for AA,https://www.nasdaq.com/articles/guru-fundamental-report-for-aa-7,Nasdaq,2023-10-26 00:00:00 UTC,AA
December 8th Options Now Available For Alcoa (AA),https://www.nasdaq.com/articles/december-8th-options-now-available-for-alcoa-aa,Nasdaq,2023-10-26 00:00:00 UTC,AA
"Ex-Dividend Reminder: Omega Healthcare Investors, Texas Instruments and Alcoa",https://www.nasdaq.com/articles/ex-dividend-reminder%3A-omega-healthcare-investors-texas-instruments-and-alcoa,Nasdaq,2023-10-26 00:00:00 UTC,AA
Morgan Stanley Maintains Alcoa (AA) Underweight Recommendation,https://www.nasdaq.com/articles/morgan-stanley-maintains-alcoa-aa-underweight-recommendation-1,Nasdaq,2023-10-24 00:00:00 UTC,AA
Alcoa Corp Shares Close in on 52-Week Low - Market Mover,https://www.nasdaq.com/articles/alcoa-corp-shares-close-in-on-52-week-low-market-mover,Nasdaq,2023-10-22 00:00:00 UTC,AA
B. Riley Securities Maintains Alcoa (AA) Neutral Recommendation,https://www.nasdaq.com/articles/b.-riley-securities-maintains-alcoa-aa-neutral-recommendation-1,Nasdaq,2023-10-20 00:00:00 UTC,AA
Citigroup Maintains Alcoa (AA) Buy Recommendation,https://www.nasdaq.com/articles/citigroup-maintains-alcoa-aa-buy-recommendation-0,Nasdaq,2023-10-20 00:00:00 UTC,AA
JP Morgan Maintains Alcoa (AA) Neutral Recommendation,https://www.nasdaq.com/articles/jp-morgan-maintains-alcoa-aa-neutral-recommendation-0,Nasdaq,2023-10-19 00:00:00 UTC,AA
BMO Capital Maintains Alcoa (AA) Market Perform Recommendation,https://www.nasdaq.com/articles/bmo-capital-maintains-alcoa-aa-market-perform-recommendation-1,Nasdaq,2023-10-19 00:00:00 UTC,AA
"Noteworthy Thursday Option Activity: MIDD, AA, LZ",https://www.nasdaq.com/articles/noteworthy-thursday-option-activity%3A-midd-aa-lz,Nasdaq,2023-10-19 00:00:00 UTC,AA
Alcoa Corp Shares Fall 5.3% Below Previous 52-Week Low - Market Mover,https://www.nasdaq.com/articles/alcoa-corp-shares-fall-5.3-below-previous-52-week-low-market-mover,Nasdaq,2023-10-18 00:00:00 UTC,AA
"Alcoa (AA) Reports Q3 Loss, Tops Revenue Estimates",https://www.nasdaq.com/articles/alcoa-aa-reports-q3-loss-tops-revenue-estimates,Nasdaq,2023-10-18 00:00:00 UTC,AA
"Alcoa Corp. Q3 Loss Decreases, but misses estimates",https://www.nasdaq.com/articles/alcoa-corp.-q3-loss-decreases-but-misses-estimates,Nasdaq,2023-10-18 00:00:00 UTC,AA
Alcoa Q3 23 Earnings Conference Call At 5:00 PM ET,https://www.nasdaq.com/articles/alcoa-q3-23-earnings-conference-call-at-5%3A00-pm-et,Nasdaq,2023-10-18 00:00:00 UTC,AA
Major Banks Start Reporting Q3 Earnings,https://www.nasdaq.com/articles/major-banks-start-reporting-q3-earnings,Nasdaq,2023-10-13 00:00:00 UTC,AA
Alcoa (AA) Declines More Than Market: Some Information for Investors,https://www.nasdaq.com/articles/alcoa-aa-declines-more-than-market%3A-some-information-for-investors,Nasdaq,2023-10-13 00:00:00 UTC,AA
What's in the Offing for Alcoa (AA) This Earnings Season?,https://www.nasdaq.com/articles/whats-in-the-offing-for-alcoa-aa-this-earnings-season-0,Nasdaq,2023-10-13 00:00:00 UTC,AA
"Big Banks Beat in Q3, Import Prices Lower",https://www.nasdaq.com/articles/big-banks-beat-in-q3-import-prices-lower,Nasdaq,2023-10-13 00:00:00 UTC,AA
What To Expect From Alcoa's Q3 Results?,https://www.nasdaq.com/articles/what-to-expect-from-alcoas-q3-results,Nasdaq,2023-10-11 00:00:00 UTC,AA
Analysts Estimate Alcoa (AA) to Report a Decline in Earnings: What to Look Out for,https://www.nasdaq.com/articles/analysts-estimate-alcoa-aa-to-report-a-decline-in-earnings%3A-what-to-look-out-for-2,Nasdaq,2023-10-11 00:00:00 UTC,AA
"AZZ's Q2 Earnings Surpass Estimates, Sales Decrease Y/Y",https://www.nasdaq.com/articles/azzs-q2-earnings-surpass-estimates-sales-decrease-y-y,Nasdaq,2023-10-11 00:00:00 UTC,AA
"Noteworthy Friday Option Activity: SP, TWLO, AA",https://www.nasdaq.com/articles/noteworthy-friday-option-activity%3A-sp-twlo-aa,Nasdaq,2023-10-06 00:00:00 UTC,AA
Jefferies Maintains Alcoa (AA) Buy Recommendation,https://www.nasdaq.com/articles/jefferies-maintains-alcoa-aa-buy-recommendation,Nasdaq,2023-10-05 00:00:00 UTC,AA
3 Long-Term Stocks Ready to Take Off Soon,https://www.nasdaq.com/articles/3-long-term-stocks-ready-to-take-off-soon,Nasdaq,2023-10-04 00:00:00 UTC,AA
Alcoa (AA) Stock Slides as Market Rises: Facts to Know Before You Trade,https://www.nasdaq.com/articles/alcoa-aa-stock-slides-as-market-rises%3A-facts-to-know-before-you-trade,Nasdaq,2023-10-04 00:00:00 UTC,AA
"Company News for Sep 26, 2023",https://www.nasdaq.com/articles/company-news-for-sep-26-2023,Nasdaq,2023-09-26 00:00:00 UTC,AA
Alcoa Promotes William Oplinger To CEO,https://www.nasdaq.com/articles/alcoa-promotes-william-oplinger-to-ceo,Nasdaq,2023-09-25 00:00:00 UTC,AA
Alcoa appoints insider William Oplinger as CEO,https://www.nasdaq.com/articles/alcoa-appoints-insider-william-oplinger-as-ceo,Nasdaq,2023-09-25 00:00:00 UTC,AA
Alcoa Slides 5% In Morning Trade,https://www.nasdaq.com/articles/alcoa-slides-5-in-morning-trade,Nasdaq,2023-09-25 00:00:00 UTC,AA
"Noteworthy Monday Option Activity: AA, CCRN, UUUU",https://www.nasdaq.com/articles/noteworthy-monday-option-activity%3A-aa-ccrn-uuuu,Nasdaq,2023-09-25 00:00:00 UTC,AA
Alcoa appoints insider William Oplinger as CEO,https://www.nasdaq.com/articles/alcoa-appoints-insider-william-oplinger-as-ceo-0,Nasdaq,2023-09-25 00:00:00 UTC,AA
Morgan Stanley Maintains Alcoa (AA) Underweight Recommendation,https://www.nasdaq.com/articles/morgan-stanley-maintains-alcoa-aa-underweight-recommendation-0,Nasdaq,2023-09-21 00:00:00 UTC,AA
Want Better Returns? Don?t Ignore These 2 Industrial Products Stocks Set to Beat Earnings,https://www.nasdaq.com/articles/want-better-returns-dont-ignore-these-2-industrial-products-stocks-set-to-beat-earnings-5,Nasdaq,2023-09-18 00:00:00 UTC,AA
"Notable Friday Option Activity: TDOC, BCO, AA",https://www.nasdaq.com/articles/notable-friday-option-activity%3A-tdoc-bco-aa,Nasdaq,2023-09-15 00:00:00 UTC,AA
JP Morgan Maintains Alcoa (AA) Neutral Recommendation,https://www.nasdaq.com/articles/jp-morgan-maintains-alcoa-aa-neutral-recommendation,Nasdaq,2023-09-15 00:00:00 UTC,AA
Alcoa (AA) Dips More Than Broader Markets: What You Should Know,https://www.nasdaq.com/articles/alcoa-aa-dips-more-than-broader-markets%3A-what-you-should-know-10,Nasdaq,2023-09-12 00:00:00 UTC,AA
1 Stock to Buy Now for the Aluminum Price Recovery,https://www.nasdaq.com/articles/1-stock-to-buy-now-for-the-aluminum-price-recovery,Nasdaq,2023-09-12 00:00:00 UTC,AA
AA October 27th Options Begin Trading,https://www.nasdaq.com/articles/aa-october-27th-options-begin-trading,Nasdaq,2023-09-07 00:00:00 UTC,AA
Alcoa (AA) Stock Moves -0.3%: What You Should Know,https://www.nasdaq.com/articles/alcoa-aa-stock-moves-0.3%3A-what-you-should-know,Nasdaq,2023-09-06 00:00:00 UTC,AA
"Unusual Put Option Trade in Alcoa (AA) Worth $6,252.50K",https://www.nasdaq.com/articles/unusual-put-option-trade-in-alcoa-aa-worth-%246252.50k,Nasdaq,2023-08-30 00:00:00 UTC,AA
Alcoa (AA) Stock Sinks As Market Gains: What You Should Know,https://www.nasdaq.com/articles/alcoa-aa-stock-sinks-as-market-gains%3A-what-you-should-know-7,Nasdaq,2023-08-30 00:00:00 UTC,AA
"Noteworthy Tuesday Option Activity: U, AA, OLLI",https://www.nasdaq.com/articles/noteworthy-tuesday-option-activity%3A-u-aa-olli,Nasdaq,2023-08-29 00:00:00 UTC,AA
Global aluminium producer seeks Q4 premium of $120/T from Japan buyers-sources,https://www.nasdaq.com/articles/global-aluminium-producer-seeks-q4-premium-of-%24120-t-from-japan-buyers-sources,Nasdaq,2023-08-25 00:00:00 UTC,AA
Interesting AA Put And Call Options For October 6th,https://www.nasdaq.com/articles/interesting-aa-put-and-call-options-for-october-6th,Nasdaq,2023-08-24 00:00:00 UTC,AA
Alcoa (AA) Stock Moves -0.21%: What You Should Know,https://www.nasdaq.com/articles/alcoa-aa-stock-moves-0.21%3A-what-you-should-know,Nasdaq,2023-08-24 00:00:00 UTC,AA
Shares of AA Now Oversold,https://www.nasdaq.com/articles/shares-of-aa-now-oversold-0,Nasdaq,2023-08-22 00:00:00 UTC,AA
"Noteworthy Wednesday Option Activity: U, AA, IRBT",https://www.nasdaq.com/articles/noteworthy-wednesday-option-activity%3A-u-aa-irbt,Nasdaq,2023-08-16 00:00:00 UTC,AA
COLUMN-Rio Tinto counts the cost of producing green aluminium: Andy Home,https://www.nasdaq.com/articles/column-rio-tinto-counts-the-cost-of-producing-green-aluminium%3A-andy-home-0,Nasdaq,2023-08-03 00:00:00 UTC,AA
Alcoa (AA) Price Target Decreased by 14.12% to 39.86,https://www.nasdaq.com/articles/alcoa-aa-price-target-decreased-by-14.12-to-39.86,Nasdaq,2023-08-03 00:00:00 UTC,AA
"Ex-Dividend Reminder: National Instruments Corp., Kennametal and Alcoa Corporation",https://www.nasdaq.com/articles/ex-dividend-reminder%3A-national-instruments-corp.-kennametal-and-alcoa-corporation,Nasdaq,2023-08-03 00:00:00 UTC,AA
Guru Fundamental Report for AA,https://www.nasdaq.com/articles/guru-fundamental-report-for-aa-5,Nasdaq,2023-08-03 00:00:00 UTC,AA
COLUMN-Rio Tinto counts the cost of producing green aluminium: Andy Home,https://www.nasdaq.com/articles/column-rio-tinto-counts-the-cost-of-producing-green-aluminium%3A-andy-home,Nasdaq,2023-08-03 00:00:00 UTC,AA
"Noteworthy Monday Option Activity: MRVL, SQ, AA",https://www.nasdaq.com/articles/noteworthy-monday-option-activity%3A-mrvl-sq-aa,Nasdaq,2023-07-31 00:00:00 UTC,AA
Morgan Stanley Maintains Alcoa (AA) Underweight Recommendation,https://www.nasdaq.com/articles/morgan-stanley-maintains-alcoa-aa-underweight-recommendation,Nasdaq,2023-07-26 00:00:00 UTC,AA
"Tuesday Sector Leaders: Computer Peripherals, Non-Precious Metals & Non-Metallic Mining Stocks",https://www.nasdaq.com/articles/tuesday-sector-leaders%3A-computer-peripherals-non-precious-metals-non-metallic-mining,Nasdaq,2023-07-25 00:00:00 UTC,AA
B. Riley Securities Maintains Alcoa (AA) Neutral Recommendation,https://www.nasdaq.com/articles/b.-riley-securities-maintains-alcoa-aa-neutral-recommendation-0,Nasdaq,2023-07-22 00:00:00 UTC,AA
Citigroup Maintains Alcoa (AA) Buy Recommendation,https://www.nasdaq.com/articles/citigroup-maintains-alcoa-aa-buy-recommendation,Nasdaq,2023-07-22 00:00:00 UTC,AA
Credit Suisse Maintains Alcoa (AA) Outperform Recommendation,https://www.nasdaq.com/articles/credit-suisse-maintains-alcoa-aa-outperform-recommendation,Nasdaq,2023-07-20 00:00:00 UTC,AA
BMO Capital Maintains Alcoa (AA) Market Perform Recommendation,https://www.nasdaq.com/articles/bmo-capital-maintains-alcoa-aa-market-perform-recommendation-0,Nasdaq,2023-07-20 00:00:00 UTC,AA
"Noteworthy Thursday Option Activity: MAXN, AA, AYX",https://www.nasdaq.com/articles/noteworthy-thursday-option-activity%3A-maxn-aa-ayx,Nasdaq,2023-07-20 00:00:00 UTC,AA
"Alcoa (AA) Reports Q2 Loss, Tops Revenue Estimates",https://www.nasdaq.com/articles/alcoa-aa-reports-q2-loss-tops-revenue-estimates,Nasdaq,2023-07-19 00:00:00 UTC,AA
Alcoa Corp. Q2 Earnings Summary,https://www.nasdaq.com/articles/alcoa-corp.-q2-earnings-summary,Nasdaq,2023-07-19 00:00:00 UTC,AA
Alcoa Q2 23 Earnings Conference Call At 5:00 PM ET,https://www.nasdaq.com/articles/alcoa-q2-23-earnings-conference-call-at-5%3A00-pm-et,Nasdaq,2023-07-19 00:00:00 UTC,AA
Analysts Anticipate XME To Hit $61,https://www.nasdaq.com/articles/analysts-anticipate-xme-to-hit-%2461,Nasdaq,2023-07-17 00:00:00 UTC,AA
Stocks Post Moderate Gains on Positive Q2 Bank Earnings,https://www.nasdaq.com/articles/stocks-post-moderate-gains-on-positive-q2-bank-earnings,Nasdaq,2023-07-14 00:00:00 UTC,AA
Stocks Mixed After Positive Q2 Bank Earnings,https://www.nasdaq.com/articles/stocks-mixed-after-positive-q2-bank-earnings,Nasdaq,2023-07-14 00:00:00 UTC,AA
Markets Today: Stocks Push Higher as Positive Q2 Bank Earnings Roll In,https://www.nasdaq.com/articles/markets-today%3A-stocks-push-higher-as-positive-q2-bank-earnings-roll-in,Nasdaq,2023-07-14 00:00:00 UTC,AA
1 Dividend Stock Down 64% You'll Regret Not Buying on the Dip,https://www.nasdaq.com/articles/1-dividend-stock-down-64-youll-regret-not-buying-on-the-dip,Nasdaq,2023-07-14 00:00:00 UTC,AA
September 1st Options Now Available For Alcoa (AA),https://www.nasdaq.com/articles/september-1st-options-now-available-for-alcoa-aa,Nasdaq,2023-07-13 00:00:00 UTC,AA
What To Expect From Alcoa's Q2 Results?,https://www.nasdaq.com/articles/what-to-expect-from-alcoas-q2-results,Nasdaq,2023-07-12 00:00:00 UTC,AA
Morgan Stanley Reiterates Alcoa (AA) Underweight Recommendation,https://www.nasdaq.com/articles/morgan-stanley-reiterates-alcoa-aa-underweight-recommendation-0,Nasdaq,2023-07-12 00:00:00 UTC,AA
Morgan Stanley Reiterates Alcoa (AA) Underweight Recommendation,https://www.nasdaq.com/articles/morgan-stanley-reiterates-alcoa-aa-underweight-recommendation,Nasdaq,2023-07-12 00:00:00 UTC,AA
Alcoa (AA) to Report Q2 Earnings: What's in the Offing?,https://www.nasdaq.com/articles/alcoa-aa-to-report-q2-earnings%3A-whats-in-the-offing,Nasdaq,2023-07-12 00:00:00 UTC,AA
Analysts Estimate Alcoa (AA) to Report a Decline in Earnings: What to Look Out for,https://www.nasdaq.com/articles/analysts-estimate-alcoa-aa-to-report-a-decline-in-earnings%3A-what-to-look-out-for-1,Nasdaq,2023-07-12 00:00:00 UTC,AA
"Noteworthy Friday Option Activity: HUM, AA, MS",https://www.nasdaq.com/articles/noteworthy-friday-option-activity%3A-hum-aa-ms,Nasdaq,2023-07-07 00:00:00 UTC,AA
Alcoa (AA) Price Target Decreased by 7.57% to 46.42,https://www.nasdaq.com/articles/alcoa-aa-price-target-decreased-by-7.57-to-46.42,Nasdaq,2023-07-06 00:00:00 UTC,AA
COLUMN-Europe adds aluminium to its critical raw materials list: Andy Home,https://www.nasdaq.com/articles/column-europe-adds-aluminium-to-its-critical-raw-materials-list%3A-andy-home-0,Nasdaq,2023-07-06 00:00:00 UTC,AA
COLUMN-Europe adds aluminium to its critical raw materials list: Andy Home,https://www.nasdaq.com/articles/column-europe-adds-aluminium-to-its-critical-raw-materials-list%3A-andy-home,Nasdaq,2023-07-06 00:00:00 UTC,AA
AA Quantitative Stock Analysis,https://www.nasdaq.com/articles/aa-quantitative-stock-analysis,Nasdaq,2023-07-04 00:00:00 UTC,AA
Alcoa (AA) Gains But Lags Market: What You Should Know,https://www.nasdaq.com/articles/alcoa-aa-gains-but-lags-market%3A-what-you-should-know-6,Nasdaq,2023-06-30 00:00:00 UTC,AA
Alcoa (AA) Dips More Than Broader Markets: What You Should Know,https://www.nasdaq.com/articles/alcoa-aa-dips-more-than-broader-markets%3A-what-you-should-know-9,Nasdaq,2023-06-23 00:00:00 UTC,AA
Interesting AA Put And Call Options For August 4th,https://www.nasdaq.com/articles/interesting-aa-put-and-call-options-for-august-4th,Nasdaq,2023-06-22 00:00:00 UTC,AA
Interesting AA Put And Call Options For August 4th,https://www.nasdaq.com/articles/interesting-aa-put-and-call-options-for-august-4th-0,Nasdaq,2023-06-22 00:00:00 UTC,AA
Validea's Top 5 Materials Stocks Based On Warren Buffett - 6/15/2023,https://www.nasdaq.com/articles/valideas-top-5-materials-stocks-based-on-warren-buffett-6-15-2023,Nasdaq,2023-06-15 00:00:00 UTC,AA
We Did The Math MDY Can Go To $534,https://www.nasdaq.com/articles/we-did-the-math-mdy-can-go-to-%24534,Nasdaq,2023-06-15 00:00:00 UTC,AA
Alcoa (AA) Stock Sinks As Market Gains: What You Should Know,https://www.nasdaq.com/articles/alcoa-aa-stock-sinks-as-market-gains%3A-what-you-should-know-6,Nasdaq,2023-06-14 00:00:00 UTC,AA
Global aluminium producer cuts Q3 premium offer to $170/T from initial $180/T -sources,https://www.nasdaq.com/articles/global-aluminium-producer-cuts-q3-premium-offer-to-%24170-t-from-initial-%24180-t-sources,Nasdaq,2023-06-13 00:00:00 UTC,AA
"Noteworthy Tuesday Option Activity: GNRC, AA, LUV",https://www.nasdaq.com/articles/noteworthy-tuesday-option-activity%3A-gnrc-aa-luv,Nasdaq,2023-06-13 00:00:00 UTC,AA
Interesting AA Put And Call Options For July 28th,https://www.nasdaq.com/articles/interesting-aa-put-and-call-options-for-july-28th,Nasdaq,2023-06-08 00:00:00 UTC,AA
Validea Detailed Fundamental Analysis - AA,https://www.nasdaq.com/articles/validea-detailed-fundamental-analysis-aa,Nasdaq,2023-06-02 00:00:00 UTC,AA
"Noteworthy Friday Option Activity: IRBT, DDD, AA",https://www.nasdaq.com/articles/noteworthy-friday-option-activity%3A-irbt-ddd-aa,Nasdaq,2023-06-02 00:00:00 UTC,AA
"Pre-Market Most Active for May 31, 2023 : AI, SQQQ, TQQQ, PLTR, SOFI, TSLA, NVDA, AAL, NIO, TAL, BBAI, AAP",https://www.nasdaq.com/articles/pre-market-most-active-for-may-31-2023-%3A-ai-sqqq-tqqq-pltr-sofi-tsla-nvda-aal-nio-tal-bbai,Nasdaq,2023-05-31 00:00:00 UTC,AA
AA Stock Crowded With Sellers,https://www.nasdaq.com/articles/aa-stock-crowded-with-sellers,Nasdaq,2023-05-30 00:00:00 UTC,AA
Global aluminium producer seeks Q3 premium of $165/T from Japan buyers -sources,https://www.nasdaq.com/articles/global-aluminium-producer-seeks-q3-premium-of-%24165-t-from-japan-buyers-sources,Nasdaq,2023-05-26 00:00:00 UTC,AA
Alcoa (AA) Stock Sinks As Market Gains: What You Should Know,https://www.nasdaq.com/articles/alcoa-aa-stock-sinks-as-market-gains%3A-what-you-should-know-5,Nasdaq,2023-05-25 00:00:00 UTC,AA
Alcoa : United Steelworkers Members Ratify Labor Agreement,https://www.nasdaq.com/articles/alcoa-%3A-united-steelworkers-members-ratify-labor-agreement,Nasdaq,2023-05-18 00:00:00 UTC,AA
Guru Fundamental Report for AA,https://www.nasdaq.com/articles/guru-fundamental-report-for-aa-3,Nasdaq,2023-05-18 00:00:00 UTC,AA
"Notable Wednesday Option Activity: MA, KSS, AA",https://www.nasdaq.com/articles/notable-wednesday-option-activity%3A-ma-kss-aa,Nasdaq,2023-05-17 00:00:00 UTC,AA
"PICK, STLD, CLF, AA: Large Outflows Detected at ETF",https://www.nasdaq.com/articles/pick-stld-clf-aa%3A-large-outflows-detected-at-etf,Nasdaq,2023-05-15 00:00:00 UTC,AA
How The Pieces Add Up: QUS Targets $131,https://www.nasdaq.com/articles/how-the-pieces-add-up%3A-qus-targets-%24131,Nasdaq,2023-05-15 00:00:00 UTC,AA
Alcoa signs 8-year alumina supply deal with Emirates Global Aluminium,https://www.nasdaq.com/articles/alcoa-signs-8-year-alumina-supply-deal-with-emirates-global-aluminium,Nasdaq,2023-05-15 00:00:00 UTC,AA
Alcoa Reaches Tentative Agreement With United Steelworkers For Employees At Two U.S. Locations,https://www.nasdaq.com/articles/alcoa-reaches-tentative-agreement-with-united-steelworkers-for-employees-at-two-u.s.,Nasdaq,2023-05-11 00:00:00 UTC,AA
Credit Suisse Upgrades Alcoa (AA),https://www.nasdaq.com/articles/credit-suisse-upgrades-alcoa-aa,Nasdaq,2023-05-11 00:00:00 UTC,AA
"‘Time to Buy,’ Says J.P. Morgan About These Top Aluminum Stocks",https://www.nasdaq.com/articles/time-to-buy-says-j.p.-morgan-about-these-top-aluminum-stocks,Nasdaq,2023-05-08 00:00:00 UTC,AA
JP Morgan Initiates Coverage of Alcoa (AA) with Overweight Recommendation,https://www.nasdaq.com/articles/jp-morgan-initiates-coverage-of-alcoa-aa-with-overweight-recommendation,Nasdaq,2023-05-08 00:00:00 UTC,AA
Alcoa (AA) Declares $0.10 Dividend,https://www.nasdaq.com/articles/alcoa-aa-declares-%240.10-dividend,Nasdaq,2023-05-06 00:00:00 UTC,AA
Why Arconic Stock Zoomed This Week,https://www.nasdaq.com/articles/why-arconic-stock-zoomed-this-week,Nasdaq,2023-05-05 00:00:00 UTC,AA
Guru Fundamental Report for AA,https://www.nasdaq.com/articles/guru-fundamental-report-for-aa-2,Nasdaq,2023-05-04 00:00:00 UTC,AA
AA June 23rd Options Begin Trading,https://www.nasdaq.com/articles/aa-june-23rd-options-begin-trading,Nasdaq,2023-05-04 00:00:00 UTC,AA
"‘Load Up,’ Says Goldman Sachs About These 3 Metal Stocks",https://www.nasdaq.com/articles/load-up-says-goldman-sachs-about-these-3-metal-stocks,Nasdaq,2023-04-27 00:00:00 UTC,AA
Japan buyers agree to pay Q2 aluminium premiums of $125-$130/T -sources,https://www.nasdaq.com/articles/japan-buyers-agree-to-pay-q2-aluminium-premiums-of-%24125-%24130-t-sources,Nasdaq,2023-04-27 00:00:00 UTC,AA
June 9th Options Now Available For Alcoa (AA),https://www.nasdaq.com/articles/june-9th-options-now-available-for-alcoa-aa,Nasdaq,2023-04-27 00:00:00 UTC,AA
Morgan Stanley Maintains Alcoa (AA) Equal-Weight Recommendation,https://www.nasdaq.com/articles/morgan-stanley-maintains-alcoa-aa-equal-weight-recommendation,Nasdaq,2023-04-25 00:00:00 UTC,AA
AA Crosses Critical Technical Indicator,https://www.nasdaq.com/articles/aa-crosses-critical-technical-indicator,Nasdaq,2023-04-25 00:00:00 UTC,AA
"Notable Monday Option Activity: RETA, AA, FOXA",https://www.nasdaq.com/articles/notable-monday-option-activity%3A-reta-aa-foxa,Nasdaq,2023-04-24 00:00:00 UTC,AA
New Strong Sell Stocks for April 24th,https://www.nasdaq.com/articles/new-strong-sell-stocks-for-april-24th,Nasdaq,2023-04-24 00:00:00 UTC,AA
B. Riley Securities Maintains Alcoa (AA) Neutral Recommendation,https://www.nasdaq.com/articles/b.-riley-securities-maintains-alcoa-aa-neutral-recommendation,Nasdaq,2023-04-21 00:00:00 UTC,AA
COLUMN-Aluminium's fortunes tied to Yunnan weather forecast: Andy Home,https://www.nasdaq.com/articles/column-aluminiums-fortunes-tied-to-yunnan-weather-forecast%3A-andy-home,Nasdaq,2023-04-21 00:00:00 UTC,AA
"Friday Sector Laggards: Metals & Mining, Non-Precious Metals & Non-Metallic Mining Stocks",https://www.nasdaq.com/articles/friday-sector-laggards%3A-metals-mining-non-precious-metals-non-metallic-mining-stocks-0,Nasdaq,2023-04-21 00:00:00 UTC,AA
BMO Capital Maintains Alcoa (AA) Market Perform Recommendation,https://www.nasdaq.com/articles/bmo-capital-maintains-alcoa-aa-market-perform-recommendation,Nasdaq,2023-04-20 00:00:00 UTC,AA
Guru Fundamental Report for AA,https://www.nasdaq.com/articles/guru-fundamental-report-for-aa-1,Nasdaq,2023-04-20 00:00:00 UTC,AA
"Alcoa (AA) Reports Q1 Loss, Tops Revenue Estimates",https://www.nasdaq.com/articles/alcoa-aa-reports-q1-loss-tops-revenue-estimates,Nasdaq,2023-04-19 00:00:00 UTC,AA
Alcoa Corp. Q1 Earnings Summary,https://www.nasdaq.com/articles/alcoa-corp.-q1-earnings-summary,Nasdaq,2023-04-19 00:00:00 UTC,AA
Alcoa Q1 23 Earnings Conference Call At 5:00 PM ET,https://www.nasdaq.com/articles/alcoa-q1-23-earnings-conference-call-at-5%3A00-pm-et,Nasdaq,2023-04-19 00:00:00 UTC,AA
GRAPHIC-Hefty shortages to help buoy aluminium prices this year,https://www.nasdaq.com/articles/graphic-hefty-shortages-to-help-buoy-aluminium-prices-this-year,Nasdaq,2023-04-18 00:00:00 UTC,AA
What To Anticipate From Alcoa's Q1 Results?,https://www.nasdaq.com/articles/what-to-anticipate-from-alcoas-q1-results,Nasdaq,2023-04-17 00:00:00 UTC,AA
Alcoa (AA) Dips More Than Broader Markets: What You Should Know,https://www.nasdaq.com/articles/alcoa-aa-dips-more-than-broader-markets%3A-what-you-should-know-8,Nasdaq,2023-04-14 00:00:00 UTC,AA
"Noteworthy Friday Option Activity: APLS, AA, CELH",https://www.nasdaq.com/articles/noteworthy-friday-option-activity%3A-apls-aa-celh,Nasdaq,2023-04-14 00:00:00 UTC,AA
What's in the Offing for Alcoa (AA) This Earnings Season?,https://www.nasdaq.com/articles/whats-in-the-offing-for-alcoa-aa-this-earnings-season,Nasdaq,2023-04-14 00:00:00 UTC,AA
AA June 2nd Options Begin Trading,https://www.nasdaq.com/articles/aa-june-2nd-options-begin-trading,Nasdaq,2023-04-13 00:00:00 UTC,AA
Market Awaits Consumer Price Index Numbers,https://www.nasdaq.com/articles/market-awaits-consumer-price-index-numbers,Nasdaq,2023-04-11 00:00:00 UTC,AA
Flat Markets Bespeak Importance of CPI Data,https://www.nasdaq.com/articles/flat-markets-bespeak-importance-of-cpi-data,Nasdaq,2023-04-11 00:00:00 UTC,AA
Alcoa (AA) Stock Sinks As Market Gains: What You Should Know,https://www.nasdaq.com/articles/alcoa-aa-stock-sinks-as-market-gains%3A-what-you-should-know-4,Nasdaq,2023-04-06 00:00:00 UTC,AA
Guru Fundamental Report for AA,https://www.nasdaq.com/articles/guru-fundamental-report-for-aa-0,Nasdaq,2023-04-06 00:00:00 UTC,AA
May 26th Options Now Available For Alcoa (AA),https://www.nasdaq.com/articles/may-26th-options-now-available-for-alcoa-aa,Nasdaq,2023-04-06 00:00:00 UTC,AA
"Pre-Market Most Active for Apr 6, 2023 : AMC, TQQQ, SQQQ, TSLA, AI, QQQ, TSLL, IFRX, BBAI, AA, PLTR, LYG",https://www.nasdaq.com/articles/pre-market-most-active-for-apr-6-2023-%3A-amc-tqqq-sqqq-tsla-ai-qqq-tsll-ifrx-bbai-aa-pltr,Nasdaq,2023-04-06 00:00:00 UTC,AA
Unusual Put Option Trade in Alcoa (AA) Worth $421.36K,https://www.nasdaq.com/articles/unusual-put-option-trade-in-alcoa-aa-worth-%24421.36k,Nasdaq,2023-04-04 00:00:00 UTC,AA
Alcoa (AA) Outpaces Stock Market Gains: What You Should Know,https://www.nasdaq.com/articles/alcoa-aa-outpaces-stock-market-gains%3A-what-you-should-know-5,Nasdaq,2023-03-31 00:00:00 UTC,AA
AA May 12th Options Begin Trading,https://www.nasdaq.com/articles/aa-may-12th-options-begin-trading,Nasdaq,2023-03-30 00:00:00 UTC,AA
Alcoa (AA) Stock Sinks As Market Gains: What You Should Know,https://www.nasdaq.com/articles/alcoa-aa-stock-sinks-as-market-gains%3A-what-you-should-know-3,Nasdaq,2023-03-24 00:00:00 UTC,AA
May 5th Options Now Available For Alcoa (AA),https://www.nasdaq.com/articles/may-5th-options-now-available-for-alcoa-aa,Nasdaq,2023-03-23 00:00:00 UTC,AA
Guru Fundamental Report for AA,https://www.nasdaq.com/articles/guru-fundamental-report-for-aa,Nasdaq,2023-03-21 00:00:00 UTC,AA
"Noteworthy ETF Outflows: MDYV, RGA, LEA, AA",https://www.nasdaq.com/articles/noteworthy-etf-outflows%3A-mdyv-rga-lea-aa,Nasdaq,2023-03-20 00:00:00 UTC,AA
"Pre-Market Most Active for Mar 20, 2023 : FRC, TQQQ, PACW, NYCB, UBS, SQQQ, PDD, AA, VTRS, GM, TSLA, BAC",https://www.nasdaq.com/articles/pre-market-most-active-for-mar-20-2023-%3A-frc-tqqq-pacw-nycb-ubs-sqqq-pdd-aa-vtrs-gm-tsla,Nasdaq,2023-03-20 00:00:00 UTC,AA
"METALS-London copper rebounds as Credit Suisse gets lifeline, China demand",https://www.nasdaq.com/articles/metals-london-copper-rebounds-as-credit-suisse-gets-lifeline-china-demand,Nasdaq,2023-03-16 00:00:00 UTC,AA
Shares of AA Now Oversold,https://www.nasdaq.com/articles/shares-of-aa-now-oversold,Nasdaq,2023-03-15 00:00:00 UTC,AA
New Strong Sell Stocks for March 14th,https://www.nasdaq.com/articles/new-strong-sell-stocks-for-march-14th-0,Nasdaq,2023-03-14 00:00:00 UTC,AA
Alcoa (AA) Stock Sinks As Market Gains: What You Should Know,https://www.nasdaq.com/articles/alcoa-aa-stock-sinks-as-market-gains%3A-what-you-should-know-2,Nasdaq,2023-03-14 00:00:00 UTC,AA
Alcoa's Australia unit to cut output at Portland aluminium smelter,https://www.nasdaq.com/articles/alcoas-australia-unit-to-cut-output-at-portland-aluminium-smelter,Nasdaq,2023-03-14 00:00:00 UTC,AA
Alcoa Australia to cut Portland aluminium smelter output to 75% capacity,https://www.nasdaq.com/articles/alcoa-australia-to-cut-portland-aluminium-smelter-output-to-75-capacity,Nasdaq,2023-03-14 00:00:00 UTC,AA
New Strong Sell Stocks for March 10th,https://www.nasdaq.com/articles/new-strong-sell-stocks-for-march-10th-0,Nasdaq,2023-03-10 00:00:00 UTC,AA
"Notable Thursday Option Activity: PACW, ICUI, AA",https://www.nasdaq.com/articles/notable-thursday-option-activity%3A-pacw-icui-aa,Nasdaq,2023-03-09 00:00:00 UTC,AA
Alcoa (AA) Outpaces Stock Market Gains: What You Should Know,https://www.nasdaq.com/articles/alcoa-aa-outpaces-stock-market-gains%3A-what-you-should-know-4,Nasdaq,2023-03-08 00:00:00 UTC,AA
AA June 2024 Options Begin Trading,https://www.nasdaq.com/articles/aa-june-2024-options-begin-trading,Nasdaq,2023-03-07 00:00:00 UTC,AA
Validea Guru Fundamental Report for AA - 3/7/2023,https://www.nasdaq.com/articles/validea-guru-fundamental-report-for-aa-3-7-2023,Nasdaq,2023-03-07 00:00:00 UTC,AA
New Strong Sell Stocks for March 6th,https://www.nasdaq.com/articles/new-strong-sell-stocks-for-march-6th,Nasdaq,2023-03-06 00:00:00 UTC,AA
Alcoa Reaches Analyst Target Price,https://www.nasdaq.com/articles/alcoa-reaches-analyst-target-price-0,Nasdaq,2023-03-03 00:00:00 UTC,AA
"Ex-Dividend Reminder: Mativ, Kronos Worldwide and Alcoa",https://www.nasdaq.com/articles/ex-dividend-reminder%3A-mativ-kronos-worldwide-and-alcoa,Nasdaq,2023-03-02 00:00:00 UTC,AA
Alcoa (AA) Gains As Market Dips: What You Should Know,https://www.nasdaq.com/articles/alcoa-aa-gains-as-market-dips%3A-what-you-should-know-9,Nasdaq,2023-02-28 00:00:00 UTC,AA
U.S. to impose 200% tariff on aluminum from Russia -White House,https://www.nasdaq.com/articles/u.s.-to-impose-200-tariff-on-aluminum-from-russia-white-house,Nasdaq,2023-02-24 00:00:00 UTC,AA
"Noteworthy Friday Option Activity: GOOG, LITE, AA",https://www.nasdaq.com/articles/noteworthy-friday-option-activity%3A-goog-lite-aa,Nasdaq,2023-02-24 00:00:00 UTC,AA
New Strong Sell Stocks for February 22nd,https://www.nasdaq.com/articles/new-strong-sell-stocks-for-february-22nd-0,Nasdaq,2023-02-22 00:00:00 UTC,AA
Validea Guru Fundamental Report for AA - 2/21/2023,https://www.nasdaq.com/articles/validea-guru-fundamental-report-for-aa-2-21-2023,Nasdaq,2023-02-21 00:00:00 UTC,AA
"MDYV, RRX, WBS, AA: Large Inflows Detected at ETF",https://www.nasdaq.com/articles/mdyv-rrx-wbs-aa%3A-large-inflows-detected-at-etf,Nasdaq,2023-02-10 00:00:00 UTC,AA
AA Makes Notable Cross Below Critical Moving Average,https://www.nasdaq.com/articles/aa-makes-notable-cross-below-critical-moving-average-0,Nasdaq,2023-02-10 00:00:00 UTC,AA
Alcoa says workers back 2024 restart of its aluminum smelter in Spain,https://www.nasdaq.com/articles/alcoa-says-workers-back-2024-restart-of-its-aluminum-smelter-in-spain,Nasdaq,2023-02-03 00:00:00 UTC,AA
AA March 24th Options Begin Trading,https://www.nasdaq.com/articles/aa-march-24th-options-begin-trading,Nasdaq,2023-02-02 00:00:00 UTC,AA
SPDR S&P Metals & Mining ETF Experiences Big Inflow,https://www.nasdaq.com/articles/spdr-sp-metals-mining-etf-experiences-big-inflow-1,Nasdaq,2023-01-30 00:00:00 UTC,AA
BlackRock Increases Position in Alcoa (AA),https://www.nasdaq.com/articles/blackrock-increases-position-in-alcoa-aa,Nasdaq,2023-01-30 00:00:00 UTC,AA
3 Stocks to Avoid This Week,https://www.nasdaq.com/articles/3-stocks-to-avoid-this-week-62,Nasdaq,2023-01-23 00:00:00 UTC,AA
COLUMN-Power problems rein in global aluminium output growth: Andy Home,https://www.nasdaq.com/articles/column-power-problems-rein-in-global-aluminium-output-growth%3A-andy-home-0,Nasdaq,2023-01-23 00:00:00 UTC,AA
COLUMN-Power problems rein in global aluminium output growth: Andy Home,https://www.nasdaq.com/articles/column-power-problems-rein-in-global-aluminium-output-growth%3A-andy-home,Nasdaq,2023-01-23 00:00:00 UTC,AA
"Pre-market Movers: BMEA, GGE, HUDI, STBX, TIRX…",https://www.nasdaq.com/articles/pre-market-movers%3A-bmea-gge-hudi-stbx-tirx...,Nasdaq,2023-01-19 00:00:00 UTC,AA
These 2 Stocks Are Yanking the Market Lower Thursday,https://www.nasdaq.com/articles/these-2-stocks-are-yanking-the-market-lower-thursday,Nasdaq,2023-01-19 00:00:00 UTC,AA
Alcoa Q4 22 Earnings Conference Call At 5:00 PM ET,https://www.nasdaq.com/articles/alcoa-q4-22-earnings-conference-call-at-5%3A00-pm-et,Nasdaq,2023-01-18 00:00:00 UTC,AA
3 Companies Positively Surprising in Earnings Season,https://www.nasdaq.com/articles/3-companies-positively-surprising-in-earnings-season,Nasdaq,2023-01-18 00:00:00 UTC,AA
Alcoa Corp. Q4 Earnings Summary,https://www.nasdaq.com/articles/alcoa-corp.-q4-earnings-summary,Nasdaq,2023-01-18 00:00:00 UTC,AA
"After-Hours Earnings Report for January 18, 2023 : KMI, DFS, FHN, AA, WTFC, FUL, TCBI, EGBN, PFBC",https://www.nasdaq.com/articles/after-hours-earnings-report-for-january-18-2023-%3A-kmi-dfs-fhn-aa-wtfc-ful-tcbi-egbn-pfbc,Nasdaq,2023-01-18 00:00:00 UTC,AA
"Alcoa (AA) Reports Q4 Loss, Tops Revenue Estimates",https://www.nasdaq.com/articles/alcoa-aa-reports-q4-loss-tops-revenue-estimates,Nasdaq,2023-01-18 00:00:00 UTC,AA
"Weekly Preview: Earnings To Watch This Week 1-15-23 (AA, NFLX)",https://www.nasdaq.com/articles/weekly-preview-earnings-to-watch-aa-nflx,Nasdaq,2023-01-15 00:00:00 UTC,AA
Fed Fodder Highlights Holiday-Shortened Week,https://www.nasdaq.com/articles/fed-fodder-highlights-holiday-shortened-week,Nasdaq,2023-01-12 00:00:00 UTC,AA
"Notable ETF Inflow Detected - XME, CLF, AA, UEC",https://www.nasdaq.com/articles/notable-etf-inflow-detected-xme-clf-aa-uec,Nasdaq,2023-01-12 00:00:00 UTC,AA
Will Alcoa (AA) Disappoint in Q4 Earnings on Lower Shipments?,https://www.nasdaq.com/articles/will-alcoa-aa-disappoint-in-q4-earnings-on-lower-shipments,Nasdaq,2023-01-12 00:00:00 UTC,AA
Earnings Preview for the Week of January 16th,https://www.nasdaq.com/articles/earnings-preview-for-the-week-of-january-16th,Nasdaq,2023-01-12 00:00:00 UTC,AA
Alcoa reverts to gas for fuelling alumina refineries in Western Australia,https://www.nasdaq.com/articles/alcoa-reverts-to-gas-for-fuelling-alumina-refineries-in-western-australia,Nasdaq,2023-01-11 00:00:00 UTC,AA
Earnings Preview: Alcoa (AA) Q4 Earnings Expected to Decline,https://www.nasdaq.com/articles/earnings-preview%3A-alcoa-aa-q4-earnings-expected-to-decline,Nasdaq,2023-01-11 00:00:00 UTC,AA
Chevron restarts production at Wheatstone gas plant,https://www.nasdaq.com/articles/chevron-restarts-production-at-wheatstone-gas-plant-0,Nasdaq,2023-01-11 00:00:00 UTC,AA
"Alcoa Names William Oplinger COO, Molly Beerman CFO, Effective February 1",https://www.nasdaq.com/articles/alcoa-names-william-oplinger-coo-molly-beerman-cfo-effective-february-1,Nasdaq,2023-01-10 00:00:00 UTC,AA
Bullish Two Hundred Day Moving Average Cross - AA,https://www.nasdaq.com/articles/bullish-two-hundred-day-moving-average-cross-aa,Nasdaq,2023-01-10 00:00:00 UTC,AA
Alcoa's Australia unit flags 30% production cut at alumina refinery,https://www.nasdaq.com/articles/alcoas-australia-unit-flags-30-production-cut-at-alumina-refinery,Nasdaq,2023-01-09 00:00:00 UTC,AA
Alcoa's Australia unit flags production cuts at alumina refinery,https://www.nasdaq.com/articles/alcoas-australia-unit-flags-production-cuts-at-alumina-refinery,Nasdaq,2023-01-09 00:00:00 UTC,AA
Alcoa (AA) Gains But Lags Market: What You Should Know,https://www.nasdaq.com/articles/alcoa-aa-gains-but-lags-market%3A-what-you-should-know-5,Nasdaq,2023-01-06 00:00:00 UTC,AA
"Noteworthy Friday Option Activity: DVA, MRVL, AA",https://www.nasdaq.com/articles/noteworthy-friday-option-activity%3A-dva-mrvl-aa,Nasdaq,2023-01-06 00:00:00 UTC,AA
"Buy, Sell, or Hold Alcoa Stock As Aluminum Prices Remain Soft?",https://www.nasdaq.com/articles/buy-sell-or-hold-alcoa-stock-as-aluminum-prices-remain-soft,Nasdaq,2023-01-04 00:00:00 UTC,AA
Alcoa (AA) Dips More Than Broader Markets: What You Should Know,https://www.nasdaq.com/articles/alcoa-aa-dips-more-than-broader-markets%3A-what-you-should-know-7,Nasdaq,2023-01-03 00:00:00 UTC,AA
AA vs. ARNC: Should You Buy These Aluminum Stocks?,https://www.nasdaq.com/articles/aa-vs.-arnc%3A-should-you-buy-these-aluminum-stocks,Nasdaq,2022-12-29 00:00:00 UTC,AA
February 2023 Options Now Available For Alcoa (AA),https://www.nasdaq.com/articles/february-2023-options-now-available-for-alcoa-aa,Nasdaq,2022-12-29 00:00:00 UTC,AA
"MDYV, RRX, AA, UGI: Large Outflows Detected at ETF",https://www.nasdaq.com/articles/mdyv-rrx-aa-ugi%3A-large-outflows-detected-at-etf,Nasdaq,2022-12-28 00:00:00 UTC,AA
"Noteworthy Wednesday Option Activity: PARA, AA, LEG",https://www.nasdaq.com/articles/noteworthy-wednesday-option-activity%3A-para-aa-leg,Nasdaq,2022-12-28 00:00:00 UTC,AA
Alcoa (AA) Gains As Market Dips: What You Should Know,https://www.nasdaq.com/articles/alcoa-aa-gains-as-market-dips%3A-what-you-should-know-7,Nasdaq,2022-12-27 00:00:00 UTC,AA
Alcoa (AA) Is a Trending Stock: Facts to Know Before Betting on It,https://www.nasdaq.com/articles/alcoa-aa-is-a-trending-stock%3A-facts-to-know-before-betting-on-it-0,Nasdaq,2022-12-23 00:00:00 UTC,AA
Alcoa (AA) Outpaces Stock Market Gains: What You Should Know,https://www.nasdaq.com/articles/alcoa-aa-outpaces-stock-market-gains%3A-what-you-should-know-3,Nasdaq,2022-12-21 00:00:00 UTC,AA
"Noteworthy Tuesday Option Activity: ENVX, XPEL, AA",https://www.nasdaq.com/articles/noteworthy-tuesday-option-activity%3A-envx-xpel-aa,Nasdaq,2022-12-20 00:00:00 UTC,AA
"ANALYSIS-Bumper green aluminium output is good news for carmakers, and climate",https://www.nasdaq.com/articles/analysis-bumper-green-aluminium-output-is-good-news-for-carmakers-and-climate-0,Nasdaq,2022-12-19 00:00:00 UTC,AA
"ANALYSIS-Bumper green aluminium output is good news for carmakers, and climate",https://www.nasdaq.com/articles/analysis-bumper-green-aluminium-output-is-good-news-for-carmakers-and-climate,Nasdaq,2022-12-17 00:00:00 UTC,AA
Global aluminium producers offer Japan buyers Q1 premiums of $95-$105/T -sources,https://www.nasdaq.com/articles/global-aluminium-producers-offer-japan-buyers-q1-premiums-of-%2495-%24105-t-sources,Nasdaq,2022-12-14 00:00:00 UTC,AA
Alcoa (AA) Dips More Than Broader Markets: What You Should Know,https://www.nasdaq.com/articles/alcoa-aa-dips-more-than-broader-markets%3A-what-you-should-know-6,Nasdaq,2022-12-14 00:00:00 UTC,AA
Investors Heavily Search Alcoa (AA): Here is What You Need to Know,https://www.nasdaq.com/articles/investors-heavily-search-alcoa-aa%3A-here-is-what-you-need-to-know-0,Nasdaq,2022-12-12 00:00:00 UTC,AA
"Noteworthy Monday Option Activity: AA, SGEN, WTTR",https://www.nasdaq.com/articles/noteworthy-monday-option-activity%3A-aa-sgen-wttr,Nasdaq,2022-12-12 00:00:00 UTC,AA
"EPS: Winners, Losers, & Industry Themes",https://www.nasdaq.com/articles/eps%3A-winners-losers-industry-themes,Nasdaq,2022-12-09 00:00:00 UTC,AA
Interesting AA Put And Call Options For January 2023,https://www.nasdaq.com/articles/interesting-aa-put-and-call-options-for-january-2023,Nasdaq,2022-12-08 00:00:00 UTC,AA
Alcoa (AA) Outpaces Stock Market Gains: What You Should Know,https://www.nasdaq.com/articles/alcoa-aa-outpaces-stock-market-gains%3A-what-you-should-know-2,Nasdaq,2022-12-08 00:00:00 UTC,AA
Sum Up The Parts: XME Could Be Worth $58,https://www.nasdaq.com/articles/sum-up-the-parts%3A-xme-could-be-worth-%2458,Nasdaq,2022-12-06 00:00:00 UTC,AA
"Noteworthy Wednesday Option Activity: AA, NVDA, RKT",https://www.nasdaq.com/articles/noteworthy-wednesday-option-activity%3A-aa-nvda-rkt,Nasdaq,2022-11-30 00:00:00 UTC,AA
January 2023 Options Now Available For Alcoa (AA),https://www.nasdaq.com/articles/january-2023-options-now-available-for-alcoa-aa,Nasdaq,2022-11-23 00:00:00 UTC,AA
"Notable Tuesday Option Activity: CF, MOS, AA",https://www.nasdaq.com/articles/notable-tuesday-option-activity%3A-cf-mos-aa,Nasdaq,2022-11-22 00:00:00 UTC,AA
Alcoa backs Rusal's call for LME to reveal origin of all metal stocks,https://www.nasdaq.com/articles/alcoa-backs-rusals-call-for-lme-to-reveal-origin-of-all-metal-stocks,Nasdaq,2022-11-21 00:00:00 UTC,AA
Russia's Rusal calls for LME to disclose origin of all metal stocks,https://www.nasdaq.com/articles/russias-rusal-calls-for-lme-to-disclose-origin-of-all-metal-stocks,Nasdaq,2022-11-17 00:00:00 UTC,AA
"Noteworthy Friday Option Activity: KBH, AA, CHPT",https://www.nasdaq.com/articles/noteworthy-friday-option-activity%3A-kbh-aa-chpt,Nasdaq,2022-11-11 00:00:00 UTC,AA
"Why Alcoa, Chevron, and Freeport-McMoRan Stocks Sizzled on Friday",https://www.nasdaq.com/articles/why-alcoa-chevron-and-freeport-mcmoran-stocks-sizzled-on-friday,Nasdaq,2022-11-11 00:00:00 UTC,AA
"Why Alcoa, Southern Copper, and Other Metal Mining Stocks Are Soaring Today",https://www.nasdaq.com/articles/why-alcoa-southern-copper-and-other-metal-mining-stocks-are-soaring-today,Nasdaq,2022-11-04 00:00:00 UTC,AA
Alcoa sent three letters to the LME requesting action on Russian metal,https://www.nasdaq.com/articles/alcoa-sent-three-letters-to-the-lme-requesting-action-on-russian-metal,Nasdaq,2022-11-03 00:00:00 UTC,AA
AA Named 'Top Dividend Stock of the S&P Metals & Mining Index' at Dividend Channel With 1.0% Yield,https://www.nasdaq.com/articles/aa-named-top-dividend-stock-of-the-sp-metals-mining-index-at-dividend-channel-with-1.0,Nasdaq,2022-10-31 00:00:00 UTC,AA
LMEWEEK-Glencore to stick with Rusal's aluminium in 2023 -sources,https://www.nasdaq.com/articles/lmeweek-glencore-to-stick-with-rusals-aluminium-in-2023-sources-0,Nasdaq,2022-10-28 00:00:00 UTC,AA
"Noteworthy Friday Option Activity: PFE, RWT, AA",https://www.nasdaq.com/articles/noteworthy-friday-option-activity%3A-pfe-rwt-aa,Nasdaq,2022-10-28 00:00:00 UTC,AA
COLUMN-Metal markets brace for a downturn of a different kind: Andy Home,https://www.nasdaq.com/articles/column-metal-markets-brace-for-a-downturn-of-a-different-kind%3A-andy-home-0,Nasdaq,2022-10-27 00:00:00 UTC,AA
LMEWEEK-Glencore to stick with Rusal's aluminium in 2023 -sources,https://www.nasdaq.com/articles/lmeweek-glencore-to-stick-with-rusals-aluminium-in-2023-sources,Nasdaq,2022-10-27 00:00:00 UTC,AA
"Ex-Dividend Reminder: Omega Healthcare Investors, East West Bancorp and Alcoa",https://www.nasdaq.com/articles/ex-dividend-reminder%3A-omega-healthcare-investors-east-west-bancorp-and-alcoa,Nasdaq,2022-10-27 00:00:00 UTC,AA
LMEWEEK-Pressure builds on London Metal Exchange to boycott Russia,https://www.nasdaq.com/articles/lmeweek-pressure-builds-on-london-metal-exchange-to-boycott-russia,Nasdaq,2022-10-27 00:00:00 UTC,AA
AA December 9th Options Begin Trading,https://www.nasdaq.com/articles/aa-december-9th-options-begin-trading,Nasdaq,2022-10-27 00:00:00 UTC,AA
"LMEWEEK-Norsk Hydro calls for EU, US sanctions on Russian aluminium",https://www.nasdaq.com/articles/lmeweek-norsk-hydro-calls-for-eu-us-sanctions-on-russian-aluminium,Nasdaq,2022-10-25 00:00:00 UTC,AA
LMEWEEK-Codelco expects China's copper demand to be resilient,https://www.nasdaq.com/articles/lmeweek-codelco-expects-chinas-copper-demand-to-be-resilient-0,Nasdaq,2022-10-24 00:00:00 UTC,AA
Business groups say bans on Russian aluminium will decimate European industry,https://www.nasdaq.com/articles/business-groups-say-bans-on-russian-aluminium-will-decimate-european-industry,Nasdaq,2022-10-24 00:00:00 UTC,AA
See How Alcoa Corporation Ranks Among Analysts' Top Metals Picks,https://www.nasdaq.com/articles/see-how-alcoa-corporation-ranks-among-analysts-top-metals-picks,Nasdaq,2022-10-20 00:00:00 UTC,AA
"Alcoa (AA) Reports Q3 Loss, Lags Revenue Estimates",https://www.nasdaq.com/articles/alcoa-aa-reports-q3-loss-lags-revenue-estimates,Nasdaq,2022-10-19 00:00:00 UTC,AA
Alcoa Q3 22 Earnings Conference Call At 5:00 PM ET,https://www.nasdaq.com/articles/alcoa-q3-22-earnings-conference-call-at-5%3A00-pm-et,Nasdaq,2022-10-19 00:00:00 UTC,AA
Alcoa Corporation's (NYSE:AA) Stock Has Been Sliding But Fundamentals Look Strong: Is The Market Wrong?,https://www.nasdaq.com/articles/alcoa-corporations-nyse%3Aaa-stock-has-been-sliding-but-fundamentals-look-strong%3A-is-the,Nasdaq,2022-10-17 00:00:00 UTC,AA
En+ says Rusal remains in full compliance with U.S. regulations,https://www.nasdaq.com/articles/en-says-rusal-remains-in-full-compliance-with-u.s.-regulations,Nasdaq,2022-10-14 00:00:00 UTC,AA
Alcoa asks White House to block U.S. imports of Russian aluminum,https://www.nasdaq.com/articles/alcoa-asks-white-house-to-block-u.s.-imports-of-russian-aluminum,Nasdaq,2022-10-13 00:00:00 UTC,AA
Interesting AA Put And Call Options For December 2nd,https://www.nasdaq.com/articles/interesting-aa-put-and-call-options-for-december-2nd,Nasdaq,2022-10-13 00:00:00 UTC,AA
Will Alcoa (AA) Disappoint in Q3 Earnings on Cost Woes?,https://www.nasdaq.com/articles/will-alcoa-aa-disappoint-in-q3-earnings-on-cost-woes,Nasdaq,2022-10-13 00:00:00 UTC,AA
"AZZ's Q2 Earnings and Revenues Miss Estimates, Rise Y/Y",https://www.nasdaq.com/articles/azzs-q2-earnings-and-revenues-miss-estimates-rise-y-y,Nasdaq,2022-10-13 00:00:00 UTC,AA
"Notable Wednesday Option Activity: OKTA, AXP, AA",https://www.nasdaq.com/articles/notable-wednesday-option-activity%3A-okta-axp-aa,Nasdaq,2022-10-12 00:00:00 UTC,AA
US STOCKS-Wall St struggles to stay higher on rate-hike worries; Fed minutes awaited,https://www.nasdaq.com/articles/us-stocks-wall-st-struggles-to-stay-higher-on-rate-hike-worries-fed-minutes-awaited,Nasdaq,2022-10-12 00:00:00 UTC,AA
"US STOCKS-Wall St ends volatile day lower after Fed minutes, PPI",https://www.nasdaq.com/articles/us-stocks-wall-st-ends-volatile-day-lower-after-fed-minutes-ppi,Nasdaq,2022-10-12 00:00:00 UTC,AA
Analysts Estimate Alcoa (AA) to Report a Decline in Earnings: What to Look Out for,https://www.nasdaq.com/articles/analysts-estimate-alcoa-aa-to-report-a-decline-in-earnings%3A-what-to-look-out-for,Nasdaq,2022-10-12 00:00:00 UTC,AA
New Strong Sell Stocks for October 11th,https://www.nasdaq.com/articles/new-strong-sell-stocks-for-october-11th,Nasdaq,2022-10-11 00:00:00 UTC,AA
Alcoa (AA) Stock Moves -0.44%: What You Should Know,https://www.nasdaq.com/articles/alcoa-aa-stock-moves-0.44%3A-what-you-should-know,Nasdaq,2022-10-10 00:00:00 UTC,AA
Falling Aluminum Prices Will Weigh On Alcoa's Q3 Results,https://www.nasdaq.com/articles/falling-aluminum-prices-will-weigh-on-alcoas-q3-results,Nasdaq,2022-10-10 00:00:00 UTC,AA
Alcoa (AA) Dips More Than Broader Markets: What You Should Know,https://www.nasdaq.com/articles/alcoa-aa-dips-more-than-broader-markets%3A-what-you-should-know-4,Nasdaq,2022-10-05 00:00:00 UTC,AA
Here is What to Know Beyond Why Alcoa (AA) is a Trending Stock,https://www.nasdaq.com/articles/here-is-what-to-know-beyond-why-alcoa-aa-is-a-trending-stock-0,Nasdaq,2022-10-05 00:00:00 UTC,AA
"Notable Monday Option Activity: LCID, AA, ADSK",https://www.nasdaq.com/articles/notable-monday-option-activity%3A-lcid-aa-adsk,Nasdaq,2022-10-03 00:00:00 UTC,AA
"Why Alcoa, Century Aluminum, and Uranium Energy Stocks Popped Today",https://www.nasdaq.com/articles/why-alcoa-century-aluminum-and-uranium-energy-stocks-popped-today,Nasdaq,2022-10-03 00:00:00 UTC,AA
How The Parts Add Up: SHE Headed For $97,https://www.nasdaq.com/articles/how-the-parts-add-up%3A-she-headed-for-%2497,Nasdaq,2022-09-30 00:00:00 UTC,AA
Alcoa (AA) Gains But Lags Market: What You Should Know,https://www.nasdaq.com/articles/alcoa-aa-gains-but-lags-market%3A-what-you-should-know-4,Nasdaq,2022-09-28 00:00:00 UTC,AA
Alcoa (AA) Gains As Market Dips: What You Should Know,https://www.nasdaq.com/articles/alcoa-aa-gains-as-market-dips%3A-what-you-should-know-6,Nasdaq,2022-09-27 00:00:00 UTC,AA
It's Down 35% But Alcoa Corporation (NYSE:AA) Could Be Riskier Than It Looks,https://www.nasdaq.com/articles/its-down-35-but-alcoa-corporation-nyse%3Aaa-could-be-riskier-than-it-looks,Nasdaq,2022-09-24 00:00:00 UTC,AA
Alcoa is Oversold,https://www.nasdaq.com/articles/alcoa-is-oversold,Nasdaq,2022-09-23 00:00:00 UTC,AA
Is Trending Stock Alcoa (AA) a Buy Now?,https://www.nasdaq.com/articles/is-trending-stock-alcoa-aa-a-buy-now-0,Nasdaq,2022-09-22 00:00:00 UTC,AA
"Noteworthy Wednesday Option Activity: AA, FCX, EVBG",https://www.nasdaq.com/articles/noteworthy-wednesday-option-activity%3A-aa-fcx-evbg,Nasdaq,2022-09-21 00:00:00 UTC,AA
Alcoa Corp Shares Approach 52-Week Low - Market Mover,https://www.nasdaq.com/articles/alcoa-corp-shares-approach-52-week-low-market-mover,Nasdaq,2022-09-20 00:00:00 UTC,AA
Alcoa (AA) Dips More Than Broader Markets: What You Should Know,https://www.nasdaq.com/articles/alcoa-aa-dips-more-than-broader-markets%3A-what-you-should-know-3,Nasdaq,2022-09-16 00:00:00 UTC,AA
"Thursday's ETF Movers: FCG, FXZ",https://www.nasdaq.com/articles/thursdays-etf-movers%3A-fcg-fxz,Nasdaq,2022-09-15 00:00:00 UTC,AA
Here's Why Genuine Parts Is a No-Brainer Dividend Stock,https://www.nasdaq.com/articles/heres-why-genuine-parts-is-a-no-brainer-dividend-stock,Nasdaq,2022-09-14 00:00:00 UTC,AA
"Notable Friday Option Activity: AA, CLF, APPH",https://www.nasdaq.com/articles/notable-friday-option-activity%3A-aa-clf-apph,Nasdaq,2022-09-09 00:00:00 UTC,AA
Is Most-Watched Stock Alcoa (AA) Worth Betting on Now?,https://www.nasdaq.com/articles/is-most-watched-stock-alcoa-aa-worth-betting-on-now-1,Nasdaq,2022-09-09 00:00:00 UTC,AA
Alcoa (AA) Stock Sinks As Market Gains: What You Should Know,https://www.nasdaq.com/articles/alcoa-aa-stock-sinks-as-market-gains%3A-what-you-should-know-1,Nasdaq,2022-09-07 00:00:00 UTC,AA
Global aluminium producers offer Q4 premiums of $115-$133/T -sources,https://www.nasdaq.com/articles/global-aluminium-producers-offer-q4-premiums-of-%24115-%24133-t-sources-0,Nasdaq,2022-09-07 00:00:00 UTC,AA
Global aluminium producers offer Q4 premiums of $115-$133/T -sources,https://www.nasdaq.com/articles/global-aluminium-producers-offer-q4-premiums-of-%24115-%24133-t-sources,Nasdaq,2022-09-07 00:00:00 UTC,AA
Why The 23% Return On Capital At Alcoa (NYSE:AA) Should Have Your Attention,https://www.nasdaq.com/articles/why-the-23-return-on-capital-at-alcoa-nyse%3Aaa-should-have-your-attention,Nasdaq,2022-09-06 00:00:00 UTC,AA
Dutch aluminium maker Aldel halts more output over high energy prices,https://www.nasdaq.com/articles/dutch-aluminium-maker-aldel-halts-more-output-over-high-energy-prices,Nasdaq,2022-09-02 00:00:00 UTC,AA
COLUMN-European smelter closures fracture aluminium pricing: Andy Home,https://www.nasdaq.com/articles/column-european-smelter-closures-fracture-aluminium-pricing%3A-andy-home,Nasdaq,2022-09-01 00:00:00 UTC,AA
Why Is Alcoa (AA) Stock Down 10% Today?,https://www.nasdaq.com/articles/why-is-alcoa-aa-stock-down-10-today,Nasdaq,2022-08-30 00:00:00 UTC,AA
"Why Freeport-McMoRan, Steel Dynamics, and Alcoa Plunged Today",https://www.nasdaq.com/articles/why-freeport-mcmoran-steel-dynamics-and-alcoa-plunged-today,Nasdaq,2022-08-30 00:00:00 UTC,AA
Alcoa To Curtail One Third Of Its Production Capacity At Lista Smelter,https://www.nasdaq.com/articles/alcoa-to-curtail-one-third-of-its-production-capacity-at-lista-smelter,Nasdaq,2022-08-30 00:00:00 UTC,AA
Implied MTUM Analyst Target Price: $159,https://www.nasdaq.com/articles/implied-mtum-analyst-target-price%3A-%24159,Nasdaq,2022-08-30 00:00:00 UTC,AA
ANALYSIS-Development banks under pressure to compensate harmed communities,https://www.nasdaq.com/articles/analysis-development-banks-under-pressure-to-compensate-harmed-communities,Nasdaq,2022-08-30 00:00:00 UTC,AA
AA October 7th Options Begin Trading,https://www.nasdaq.com/articles/aa-october-7th-options-begin-trading,Nasdaq,2022-08-25 00:00:00 UTC,AA
Norway electrochemical workers strike ends,https://www.nasdaq.com/articles/norway-electrochemical-workers-strike-ends,Nasdaq,2022-08-24 00:00:00 UTC,AA
Wednesday's ETF with Unusual Volume: MDYV,https://www.nasdaq.com/articles/wednesdays-etf-with-unusual-volume%3A-mdyv,Nasdaq,2022-08-24 00:00:00 UTC,AA
Alcoa Says Labor Strike Ends At Mosjoen Smelter In Norway,https://www.nasdaq.com/articles/alcoa-says-labor-strike-ends-at-mosjoen-smelter-in-norway,Nasdaq,2022-08-24 00:00:00 UTC,AA
Boliden declares force majeure on zinc amid Norway strike,https://www.nasdaq.com/articles/boliden-declares-force-majeure-on-zinc-amid-norway-strike,Nasdaq,2022-08-23 00:00:00 UTC,AA
Alcoa (AA) Stock Moves -1.45%: What You Should Know,https://www.nasdaq.com/articles/alcoa-aa-stock-moves-1.45%3A-what-you-should-know,Nasdaq,2022-08-22 00:00:00 UTC,AA
Alcoa Issues Update On Strike At Mosjoen Smelter In Norway,https://www.nasdaq.com/articles/alcoa-issues-update-on-strike-at-mosjoen-smelter-in-norway,Nasdaq,2022-08-22 00:00:00 UTC,AA
Validea's Top Five Basic Materials Stocks Based On Martin Zweig - 8/21/2022,https://www.nasdaq.com/articles/valideas-top-five-basic-materials-stocks-based-on-martin-zweig-8-21-2022,Nasdaq,2022-08-21 00:00:00 UTC,AA
COLUMN-Power is the big new problem for industrial metals supply: Andy Home,https://www.nasdaq.com/articles/column-power-is-the-big-new-problem-for-industrial-metals-supply%3A-andy-home-0,Nasdaq,2022-08-18 00:00:00 UTC,AA
COLUMN-Power is the big new problem for industrial metals supply: Andy Home,https://www.nasdaq.com/articles/column-power-is-the-big-new-problem-for-industrial-metals-supply%3A-andy-home,Nasdaq,2022-08-18 00:00:00 UTC,AA
Norwegian electrochemical industry workers warn of strike escalation,https://www.nasdaq.com/articles/norwegian-electrochemical-industry-workers-warn-of-strike-escalation,Nasdaq,2022-08-16 00:00:00 UTC,AA
We Think Alcoa (NYSE:AA) Can Stay On Top Of Its Debt,https://www.nasdaq.com/articles/we-think-alcoa-nyse%3Aaa-can-stay-on-top-of-its-debt,Nasdaq,2022-08-14 00:00:00 UTC,AA
7 Reddit Stocks to Buy on the Dip,https://www.nasdaq.com/articles/7-reddit-stocks-to-buy-on-the-dip,Nasdaq,2022-08-11 00:00:00 UTC,AA
7 A-Rated Stocks to Buy for Safety,https://www.nasdaq.com/articles/7-a-rated-stocks-to-buy-for-safety,Nasdaq,2022-08-10 00:00:00 UTC,AA
Alcoa Announces Pension Annuity Transaction; To Record Non-cash Settlement Charge In Q3,https://www.nasdaq.com/articles/alcoa-announces-pension-annuity-transaction-to-record-non-cash-settlement-charge-in-q3,Nasdaq,2022-08-08 00:00:00 UTC,AA
"Ex-Dividend Reminder: Carlyle Group, Navios Maritime Partners and Alcoa",https://www.nasdaq.com/articles/ex-dividend-reminder%3A-carlyle-group-navios-maritime-partners-and-alcoa,Nasdaq,2022-08-04 00:00:00 UTC,AA
Is This Steel Company Making a Big Aluminum Mistake?,https://www.nasdaq.com/articles/is-this-steel-company-making-a-big-aluminum-mistake,Nasdaq,2022-08-03 00:00:00 UTC,AA
USEQ's Holdings Could Mean 19% Gain Potential,https://www.nasdaq.com/articles/useqs-holdings-could-mean-19-gain-potential,Nasdaq,2022-07-28 00:00:00 UTC,AA
Is Most-Watched Stock Alcoa (AA) Worth Betting on Now?,https://www.nasdaq.com/articles/is-most-watched-stock-alcoa-aa-worth-betting-on-now-0,Nasdaq,2022-07-25 00:00:00 UTC,AA
COLUMN-Aluminium producers feel the margin pain as price slumps: Andy Home,https://www.nasdaq.com/articles/column-aluminium-producers-feel-the-margin-pain-as-price-slumps%3A-andy-home-0,Nasdaq,2022-07-24 00:00:00 UTC,AA
Validea's Top Five Basic Materials Stocks Based On Motley Fool - 7/24/2022,https://www.nasdaq.com/articles/valideas-top-five-basic-materials-stocks-based-on-motley-fool-7-24-2022,Nasdaq,2022-07-24 00:00:00 UTC,AA
Validea Motley Fool Strategy Daily Upgrade Report - 7/22/2022,https://www.nasdaq.com/articles/validea-motley-fool-strategy-daily-upgrade-report-7-22-2022,Nasdaq,2022-07-22 00:00:00 UTC,AA
Selling US$10m worth of stock earlier this year was a lucrative decision for Alcoa Corporation (NYSE:AA) insiders,https://www.nasdaq.com/articles/selling-us%2410m-worth-of-stock-earlier-this-year-was-a-lucrative-decision-for-alcoa,Nasdaq,2022-07-22 00:00:00 UTC,AA
COLUMN-Aluminium producers feel the margin pain as price slumps: Andy Home,https://www.nasdaq.com/articles/column-aluminium-producers-feel-the-margin-pain-as-price-slumps%3A-andy-home,Nasdaq,2022-07-22 00:00:00 UTC,AA
Thursday's ETF with Unusual Volume: XMMO,https://www.nasdaq.com/articles/thursdays-etf-with-unusual-volume%3A-xmmo,Nasdaq,2022-07-21 00:00:00 UTC,AA
METALS-Copper retreats on stubborn recession fears ahead of ECB move,https://www.nasdaq.com/articles/metals-copper-retreats-on-stubborn-recession-fears-ahead-of-ecb-move,Nasdaq,2022-07-21 00:00:00 UTC,AA
"Alcoa Q2 Profit, Revenues Beat Street View",https://www.nasdaq.com/articles/alcoa-q2-profit-revenues-beat-street-view,Nasdaq,2022-07-20 00:00:00 UTC,AA
Alcoa (AA) Beats Q2 Earnings and Revenue Estimates,https://www.nasdaq.com/articles/alcoa-aa-beats-q2-earnings-and-revenue-estimates,Nasdaq,2022-07-20 00:00:00 UTC,AA
Alcoa Q2 22 Earnings Conference Call At 5:00 PM ET,https://www.nasdaq.com/articles/alcoa-q2-22-earnings-conference-call-at-5%3A00-pm-et,Nasdaq,2022-07-20 00:00:00 UTC,AA
"Notable Wednesday Option Activity: CALX, STAA, AA",https://www.nasdaq.com/articles/notable-wednesday-option-activity%3A-calx-staa-aa,Nasdaq,2022-07-20 00:00:00 UTC,AA
Alcoa (AA): Looking for a Potential Options Trade,https://www.nasdaq.com/articles/alcoa-aa%3A-looking-for-a-potential-options-trade,Nasdaq,2022-07-20 00:00:00 UTC,AA
"Weekly Preview: Earnings To Watch This Week (AA, IBM, NFLX, TSLA)",https://www.nasdaq.com/articles/weekly-preview%3A-earnings-to-watch-this-week-aa-ibm-nflx-tsla-0,Nasdaq,2022-07-17 00:00:00 UTC,AA
Should iShares Core S&P MidCap ETF (IJH) Be on Your Investing Radar?,https://www.nasdaq.com/articles/should-ishares-core-sp-midcap-etf-ijh-be-on-your-investing-radar-2,Nasdaq,2022-07-14 00:00:00 UTC,AA
Alcoa (AA) Reports Next Week: Wall Street Expects Earnings Growth,https://www.nasdaq.com/articles/alcoa-aa-reports-next-week%3A-wall-street-expects-earnings-growth-0,Nasdaq,2022-07-13 00:00:00 UTC,AA
Alcoa (AA) Dips More Than Broader Markets: What You Should Know,https://www.nasdaq.com/articles/alcoa-aa-dips-more-than-broader-markets%3A-what-you-should-know-2,Nasdaq,2022-07-12 00:00:00 UTC,AA
Will Raw Material Cost Inflation Mar Alcoa's (AA) Q2 Earnings?,https://www.nasdaq.com/articles/will-raw-material-cost-inflation-mar-alcoas-aa-q2-earnings,Nasdaq,2022-07-12 00:00:00 UTC,AA
Wall Street Eagerly Waits for Q2 Earnings Season to Commence,https://www.nasdaq.com/articles/wall-street-eagerly-waits-for-q2-earnings-season-to-commence,Nasdaq,2022-07-11 00:00:00 UTC,AA
"Quiet Morning Ahead of Q2 Earnings, CPI This Week",https://www.nasdaq.com/articles/quiet-morning-ahead-of-q2-earnings-cpi-this-week,Nasdaq,2022-07-11 00:00:00 UTC,AA
Alcoa Boosts Casting Capabilities At Deschambault Smelter In Canada,https://www.nasdaq.com/articles/alcoa-boosts-casting-capabilities-at-deschambault-smelter-in-canada,Nasdaq,2022-07-08 00:00:00 UTC,AA
August 26th Options Now Available For Alcoa (AA),https://www.nasdaq.com/articles/august-26th-options-now-available-for-alcoa-aa,Nasdaq,2022-07-07 00:00:00 UTC,AA
Is iShares MSCI USA SmallCap Multifactor ETF (SMLF) a Strong ETF Right Now?,https://www.nasdaq.com/articles/is-ishares-msci-usa-smallcap-multifactor-etf-smlf-a-strong-etf-right-now-2,Nasdaq,2022-07-06 00:00:00 UTC,AA
Alcoa (AA) Outpaces Stock Market Gains: What You Should Know,https://www.nasdaq.com/articles/alcoa-aa-outpaces-stock-market-gains%3A-what-you-should-know-1,Nasdaq,2022-07-06 00:00:00 UTC,AA
Should Schwab U.S. SmallCap ETF (SCHA) Be on Your Investing Radar?,https://www.nasdaq.com/articles/should-schwab-u.s.-smallcap-etf-scha-be-on-your-investing-radar-2,Nasdaq,2022-07-05 00:00:00 UTC,AA
Should SPDR S&P MidCap 400 ETF (MDY) Be on Your Investing Radar?,https://www.nasdaq.com/articles/should-spdr-sp-midcap-400-etf-mdy-be-on-your-investing-radar-2,Nasdaq,2022-07-05 00:00:00 UTC,AA
Alcoa (AA) is Attracting Investor Attention: Here is What You Should Know,https://www.nasdaq.com/articles/alcoa-aa-is-attracting-investor-attention%3A-here-is-what-you-should-know,Nasdaq,2022-07-05 00:00:00 UTC,AA
New Strong Sell Stocks for July 5th,https://www.nasdaq.com/articles/new-strong-sell-stocks-for-july-5th,Nasdaq,2022-07-05 00:00:00 UTC,AA
"Notable Friday Option Activity: CLX, AA, JPM",https://www.nasdaq.com/articles/notable-friday-option-activity%3A-clx-aa-jpm,Nasdaq,2022-07-01 00:00:00 UTC,AA
AA August 12th Options Begin Trading,https://www.nasdaq.com/articles/aa-august-12th-options-begin-trading,Nasdaq,2022-06-30 00:00:00 UTC,AA
"Some Japanese buyers agree to Q3 aluminium premium of $148/T, down 14% from Q2",https://www.nasdaq.com/articles/some-japanese-buyers-agree-to-q3-aluminium-premium-of-%24148-t-down-14-from-q2,Nasdaq,2022-06-29 00:00:00 UTC,AA
"With Aluminum Prices On The Decline, What Next For Alcoa?",https://www.nasdaq.com/articles/with-aluminum-prices-on-the-decline-what-next-for-alcoa,Nasdaq,2022-06-26 00:00:00 UTC,AA
"XME, ARCH, RGLD, AA: Large Outflows Detected at ETF",https://www.nasdaq.com/articles/xme-arch-rgld-aa%3A-large-outflows-detected-at-etf,Nasdaq,2022-06-24 00:00:00 UTC,AA
Alcoa (AA) Is a Trending Stock: Facts to Know Before Betting on It,https://www.nasdaq.com/articles/alcoa-aa-is-a-trending-stock%3A-facts-to-know-before-betting-on-it,Nasdaq,2022-06-24 00:00:00 UTC,AA
Should iShares MSCI USA SmallCap Multifactor ETF (SMLF) Be on Your Investing Radar?,https://www.nasdaq.com/articles/should-ishares-msci-usa-smallcap-multifactor-etf-smlf-be-on-your-investing-radar-2,Nasdaq,2022-06-22 00:00:00 UTC,AA
Alcoa (AA) Stock Sinks As Market Gains: What You Should Know,https://www.nasdaq.com/articles/alcoa-aa-stock-sinks-as-market-gains%3A-what-you-should-know-0,Nasdaq,2022-06-20 00:00:00 UTC,AA
Alcoa Investing $51 Mln At Its Mosjøen Smelter In Norway,https://www.nasdaq.com/articles/alcoa-investing-%2451-mln-at-its-mosjoen-smelter-in-norway,Nasdaq,2022-06-15 00:00:00 UTC,AA
7 Undervalued Stocks That the Smart Money Is Piling Into,https://www.nasdaq.com/articles/7-undervalued-stocks-that-the-smart-money-is-piling-into,Nasdaq,2022-06-15 00:00:00 UTC,AA
Investors Heavily Search Alcoa (AA): Here is What You Need to Know,https://www.nasdaq.com/articles/investors-heavily-search-alcoa-aa%3A-here-is-what-you-need-to-know,Nasdaq,2022-06-13 00:00:00 UTC,AA
Should SPDR Portfolio S&P 400 Mid Cap ETF (SPMD) Be on Your Investing Radar?,https://www.nasdaq.com/articles/should-spdr-portfolio-sp-400-mid-cap-etf-spmd-be-on-your-investing-radar-1,Nasdaq,2022-06-13 00:00:00 UTC,AA
Validea Kenneth Fisher Strategy Daily Upgrade Report - 6/11/2022,https://www.nasdaq.com/articles/validea-kenneth-fisher-strategy-daily-upgrade-report-6-11-2022,Nasdaq,2022-06-11 00:00:00 UTC,AA
Validea Peter Lynch Strategy Daily Upgrade Report - 6/10/2022,https://www.nasdaq.com/articles/validea-peter-lynch-strategy-daily-upgrade-report-6-10-2022,Nasdaq,2022-06-10 00:00:00 UTC,AA
"Thursday's ETF Movers: GXC, PICK",https://www.nasdaq.com/articles/thursdays-etf-movers%3A-gxc-pick,Nasdaq,2022-06-09 00:00:00 UTC,AA
Alcoa Breaks Below 200-Day Moving Average - Notable for AA,https://www.nasdaq.com/articles/alcoa-breaks-below-200-day-moving-average-notable-for-aa,Nasdaq,2022-06-09 00:00:00 UTC,AA
Alcoa To Participate In Deutsche Bank Materials Conference At 9:45 AM ET,https://www.nasdaq.com/articles/alcoa-to-participate-in-deutsche-bank-materials-conference-at-9%3A45-am-et,Nasdaq,2022-06-09 00:00:00 UTC,AA
Alcoa (AA) Gains As Market Dips: What You Should Know,https://www.nasdaq.com/articles/alcoa-aa-gains-as-market-dips%3A-what-you-should-know-4,Nasdaq,2022-06-01 00:00:00 UTC,AA
Here is What to Know Beyond Why Alcoa (AA) is a Trending Stock,https://www.nasdaq.com/articles/here-is-what-to-know-beyond-why-alcoa-aa-is-a-trending-stock,Nasdaq,2022-05-31 00:00:00 UTC,AA
The Implied Analyst 12-Month Target For IVOG,https://www.nasdaq.com/articles/the-implied-analyst-12-month-target-for-ivog,Nasdaq,2022-05-26 00:00:00 UTC,AA
July 8th Options Now Available For Alcoa (AA),https://www.nasdaq.com/articles/july-8th-options-now-available-for-alcoa-aa,Nasdaq,2022-05-26 00:00:00 UTC,AA
7 Undervalued Blue-Chip Stocks to Buy for June,https://www.nasdaq.com/articles/7-undervalued-blue-chip-stocks-to-buy-for-june,Nasdaq,2022-05-25 00:00:00 UTC,AA
COLUMN-Europe's aluminium output slides as energy crunch bites: Andy Home,https://www.nasdaq.com/articles/column-europes-aluminium-output-slides-as-energy-crunch-bites%3A-andy-home,Nasdaq,2022-05-24 00:00:00 UTC,AA
COLUMN-Europe's aluminium output slides as energy crunch bites: Andy Home,https://www.nasdaq.com/articles/column-europes-aluminium-output-slides-as-energy-crunch-bites%3A-andy-home-0,Nasdaq,2022-05-24 00:00:00 UTC,AA
XRP vs. Alcoa: Price Relationship Crosses Threshold,https://www.nasdaq.com/articles/xrp-vs.-alcoa%3A-price-relationship-crosses-threshold,Nasdaq,2022-05-23 00:00:00 UTC,AA
Is Trending Stock Alcoa (AA) a Buy Now?,https://www.nasdaq.com/articles/is-trending-stock-alcoa-aa-a-buy-now,Nasdaq,2022-05-18 00:00:00 UTC,AA
August 19th Options Now Available For Alcoa,https://www.nasdaq.com/articles/august-19th-options-now-available-for-alcoa,Nasdaq,2022-05-17 00:00:00 UTC,AA
7 Undervalued Blue-Chip Stocks to Buy Now,https://www.nasdaq.com/articles/7-undervalued-blue-chip-stocks-to-buy-now,Nasdaq,2022-05-16 00:00:00 UTC,AA
Here's Why Avery Dennison (AVY) is an Attractive Bet Now,https://www.nasdaq.com/articles/heres-why-avery-dennison-avy-is-an-attractive-bet-now,Nasdaq,2022-05-13 00:00:00 UTC,AA
Reasons to Hold Sealed Air (SEE) in Your Portfolio Now,https://www.nasdaq.com/articles/reasons-to-hold-sealed-air-see-in-your-portfolio-now,Nasdaq,2022-05-12 00:00:00 UTC,AA
"Ex-Dividend Reminder: IDEX, Shyft Group and Alcoa",https://www.nasdaq.com/articles/ex-dividend-reminder%3A-idex-shyft-group-and-alcoa,Nasdaq,2022-05-12 00:00:00 UTC,AA
Should Value Investors Buy Alcoa (AA) Stock?,https://www.nasdaq.com/articles/should-value-investors-buy-alcoa-aa-stock,Nasdaq,2022-05-11 00:00:00 UTC,AA
7 of the Most Undervalued Mid-Cap Stocks to Buy Now,https://www.nasdaq.com/articles/7-of-the-most-undervalued-mid-cap-stocks-to-buy-now,Nasdaq,2022-05-11 00:00:00 UTC,AA
Should iShares Core S&P MidCap ETF (IJH) Be on Your Investing Radar?,https://www.nasdaq.com/articles/should-ishares-core-sp-midcap-etf-ijh-be-on-your-investing-radar-1,Nasdaq,2022-05-10 00:00:00 UTC,AA
Best Growth Stocks to Buy for May 10th,https://www.nasdaq.com/articles/best-growth-stocks-to-buy-for-may-10th,Nasdaq,2022-05-10 00:00:00 UTC,AA
Validea Peter Lynch Strategy Daily Upgrade Report - 5/10/2022,https://www.nasdaq.com/articles/validea-peter-lynch-strategy-daily-upgrade-report-5-10-2022,Nasdaq,2022-05-10 00:00:00 UTC,AA
Validea Kenneth Fisher Strategy Daily Upgrade Report - 5/10/2022,https://www.nasdaq.com/articles/validea-kenneth-fisher-strategy-daily-upgrade-report-5-10-2022,Nasdaq,2022-05-10 00:00:00 UTC,AA
"Dover (DOV) to Acquire Malema, Expand Biopharma Offerings",https://www.nasdaq.com/articles/dover-dov-to-acquire-malema-expand-biopharma-offerings,Nasdaq,2022-05-10 00:00:00 UTC,AA
AA Makes Notable Cross Below Critical Moving Average,https://www.nasdaq.com/articles/aa-makes-notable-cross-below-critical-moving-average,Nasdaq,2022-05-09 00:00:00 UTC,AA
Is Alcoa (AA) Stock Outpacing Its Industrial Products Peers This Year?,https://www.nasdaq.com/articles/is-alcoa-aa-stock-outpacing-its-industrial-products-peers-this-year,Nasdaq,2022-05-09 00:00:00 UTC,AA
"Manitowoc (MTW) Q1 Earnings Miss Estimates, Revenues Beat",https://www.nasdaq.com/articles/manitowoc-mtw-q1-earnings-miss-estimates-revenues-beat,Nasdaq,2022-05-06 00:00:00 UTC,AA
"Ball Corp (BLL) Q1 Earnings Miss, Sales Beat Estimates, Up Y/Y",https://www.nasdaq.com/articles/ball-corp-bll-q1-earnings-miss-sales-beat-estimates-up-y-y,Nasdaq,2022-05-05 00:00:00 UTC,AA
Should Schwab U.S. SmallCap ETF (SCHA) Be on Your Investing Radar?,https://www.nasdaq.com/articles/should-schwab-u.s.-smallcap-etf-scha-be-on-your-investing-radar-1,Nasdaq,2022-05-04 00:00:00 UTC,AA
"Timken (TKR) Earnings & Sales Surpass Estimates in Q1, Up Y/Y",https://www.nasdaq.com/articles/timken-tkr-earnings-sales-surpass-estimates-in-q1-up-y-y,Nasdaq,2022-05-04 00:00:00 UTC,AA
"AGCO Corp (AGCO) Q1 Earnings & Sales Top Estimates, Up Y/Y",https://www.nasdaq.com/articles/agco-corp-agco-q1-earnings-sales-top-estimates-up-y-y,Nasdaq,2022-05-04 00:00:00 UTC,AA
Is iShares MSCI USA SmallCap Multifactor ETF (SMLF) a Strong ETF Right Now?,https://www.nasdaq.com/articles/is-ishares-msci-usa-smallcap-multifactor-etf-smlf-a-strong-etf-right-now-1,Nasdaq,2022-05-04 00:00:00 UTC,AA
"Amcor (AMCR) Q3 Earnings Beat Estimates, Raises FY22 View",https://www.nasdaq.com/articles/amcor-amcr-q3-earnings-beat-estimates-raises-fy22-view,Nasdaq,2022-05-04 00:00:00 UTC,AA
Is Most-Watched Stock Alcoa (AA) Worth Betting on Now?,https://www.nasdaq.com/articles/is-most-watched-stock-alcoa-aa-worth-betting-on-now,Nasdaq,2022-05-04 00:00:00 UTC,AA
"Sealed Air (SEE) Q1 Earnings Top Estimates, Raises FY22 View",https://www.nasdaq.com/articles/sealed-air-see-q1-earnings-top-estimates-raises-fy22-view,Nasdaq,2022-05-03 00:00:00 UTC,AA
Should SPDR S&P MidCap 400 ETF (MDY) Be on Your Investing Radar?,https://www.nasdaq.com/articles/should-spdr-sp-midcap-400-etf-mdy-be-on-your-investing-radar-1,Nasdaq,2022-05-03 00:00:00 UTC,AA
3 High Beta Stocks that Could Rocket When the Market Rallies,https://www.nasdaq.com/articles/3-high-beta-stocks-that-could-rocket-when-the-market-rallies,Nasdaq,2022-05-03 00:00:00 UTC,AA
Rockwell Automation (ROK) Q2 Earnings & Sales Miss Estimates,https://www.nasdaq.com/articles/rockwell-automation-rok-q2-earnings-sales-miss-estimates,Nasdaq,2022-05-03 00:00:00 UTC,AA
Alcoa (AA) is an Incredible Growth Stock: 3 Reasons Why,https://www.nasdaq.com/articles/alcoa-aa-is-an-incredible-growth-stock%3A-3-reasons-why-1,Nasdaq,2022-05-02 00:00:00 UTC,AA
"The Zacks Analyst Blog Highlights Tesla, Pool, Alcoa, Zebra Technologies and SVB Financial Group",https://www.nasdaq.com/articles/the-zacks-analyst-blog-highlights-tesla-pool-alcoa-zebra-technologies-and-svb-financial,Nasdaq,2022-05-02 00:00:00 UTC,AA
5 Stocks to Buy At Lucrative Valuation After April Mayhem,https://www.nasdaq.com/articles/5-stocks-to-buy-at-lucrative-valuation-after-april-mayhem,Nasdaq,2022-04-29 00:00:00 UTC,AA
"Stanley Black (SWK) Q1 Earnings Top Estimates, Revenues Miss",https://www.nasdaq.com/articles/stanley-black-swk-q1-earnings-top-estimates-revenues-miss,Nasdaq,2022-04-29 00:00:00 UTC,AA
Honeywell's (HON) Q1 Earnings & Revenues Beat Estimates,https://www.nasdaq.com/articles/honeywells-hon-q1-earnings-revenues-beat-estimates,Nasdaq,2022-04-29 00:00:00 UTC,AA
"Silgan (SLGN) Q1 Earnings & Sales Top Estimates, Hikes '22 View",https://www.nasdaq.com/articles/silgan-slgn-q1-earnings-sales-top-estimates-hikes-22-view,Nasdaq,2022-04-29 00:00:00 UTC,AA
A. O. Smith's (AOS) Q1 Earnings & Revenues Top Estimates,https://www.nasdaq.com/articles/a.-o.-smiths-aos-q1-earnings-revenues-top-estimates,Nasdaq,2022-04-28 00:00:00 UTC,AA
"Grainger (GWW) Earnings & Sales Beat Estimates in Q1, Up Y/Y",https://www.nasdaq.com/articles/grainger-gww-earnings-sales-beat-estimates-in-q1-up-y-y,Nasdaq,2022-04-28 00:00:00 UTC,AA
"Crown Holdings (CCK) Q1 Earnings & Sales Top Estimates, Up Y/Y",https://www.nasdaq.com/articles/crown-holdings-cck-q1-earnings-sales-top-estimates-up-y-y,Nasdaq,2022-04-27 00:00:00 UTC,AA
John Bean (JBT) Revenues and Earnings Beat Estimates in Q1,https://www.nasdaq.com/articles/john-bean-jbt-revenues-and-earnings-beat-estimates-in-q1,Nasdaq,2022-04-27 00:00:00 UTC,AA
"Avery Dennison (AVY) Tops Q1 Earnings Estimates, Ups '22 View",https://www.nasdaq.com/articles/avery-dennison-avy-tops-q1-earnings-estimates-ups-22-view,Nasdaq,2022-04-26 00:00:00 UTC,AA
"Packaging Corp (PKG) Q1 Earnings & Sales Top Estimates, Up Y/Y",https://www.nasdaq.com/articles/packaging-corp-pkg-q1-earnings-sales-top-estimates-up-y-y,Nasdaq,2022-04-26 00:00:00 UTC,AA
3M's (MMM) Earnings and Revenues Surpass Estimates in Q1,https://www.nasdaq.com/articles/3ms-mmm-earnings-and-revenues-surpass-estimates-in-q1,Nasdaq,2022-04-26 00:00:00 UTC,AA
"General Electric (GE) Q1 Earnings Top Estimates, Revenues Miss",https://www.nasdaq.com/articles/general-electric-ge-q1-earnings-top-estimates-revenues-miss,Nasdaq,2022-04-26 00:00:00 UTC,AA
"O-I Glass' (OI) Q1 Earnings Beat Estimates, Ups '22 Guidance",https://www.nasdaq.com/articles/o-i-glass-oi-q1-earnings-beat-estimates-ups-22-guidance,Nasdaq,2022-04-26 00:00:00 UTC,AA
"After Plunging 26.7% in 4 Weeks, Here's Why the Trend Might Reverse for Alcoa (AA)",https://www.nasdaq.com/articles/after-plunging-26.7-in-4-weeks-heres-why-the-trend-might-reverse-for-alcoa-aa,Nasdaq,2022-04-25 00:00:00 UTC,AA
"Sonoco (SON) Q1 Earnings Surpass Estimates, Raises View",https://www.nasdaq.com/articles/sonoco-son-q1-earnings-surpass-estimates-raises-view,Nasdaq,2022-04-25 00:00:00 UTC,AA
"Alcoa Stock: High-Need Commodity, Easy to Like",https://www.nasdaq.com/articles/alcoa-stock%3A-high-need-commodity-easy-to-like,Nasdaq,2022-04-25 00:00:00 UTC,AA
Analysts See 10% Upside For IYM,https://www.nasdaq.com/articles/analysts-see-10-upside-for-iym,Nasdaq,2022-04-25 00:00:00 UTC,AA
Alcoa Stock Getting Very Oversold,https://www.nasdaq.com/articles/alcoa-stock-getting-very-oversold,Nasdaq,2022-04-22 00:00:00 UTC,AA
"Friday's ETF Movers: MCHI, PICK",https://www.nasdaq.com/articles/fridays-etf-movers%3A-mchi-pick,Nasdaq,2022-04-22 00:00:00 UTC,AA
"Company News for Apr 22, 2022",https://www.nasdaq.com/articles/company-news-for-apr-22-2022,Nasdaq,2022-04-22 00:00:00 UTC,AA
Should iShares MSCI USA SmallCap Multifactor ETF (SMLF) Be on Your Investing Radar?,https://www.nasdaq.com/articles/should-ishares-msci-usa-smallcap-multifactor-etf-smlf-be-on-your-investing-radar-1,Nasdaq,2022-04-22 00:00:00 UTC,AA
Wall St ends down as Powell plops 50 bps rate hike on table,https://www.nasdaq.com/articles/wall-st-ends-down-as-powell-plops-50-bps-rate-hike-on-table,Nasdaq,2022-04-21 00:00:00 UTC,AA
Why Alcoa Stock Is Crashing Today,https://www.nasdaq.com/articles/why-alcoa-stock-is-crashing-today,Nasdaq,2022-04-21 00:00:00 UTC,AA
AA June 3rd Options Begin Trading,https://www.nasdaq.com/articles/aa-june-3rd-options-begin-trading,Nasdaq,2022-04-21 00:00:00 UTC,AA
"Daily Markets: Pace of Earnings Accelerates, Powell and Lagarde on Deck",https://www.nasdaq.com/articles/daily-markets%3A-pace-of-earnings-accelerates-powell-and-lagarde-on-deck,Nasdaq,2022-04-21 00:00:00 UTC,AA
"Pre-market Movers: RDBX, IGIC, ESPR, EFX, CRXT…",https://www.nasdaq.com/articles/pre-market-movers%3A-rdbx-igic-espr-efx-crxt...,Nasdaq,2022-04-21 00:00:00 UTC,AA
Alcoa (AA) Q1 Earnings Top Estimates,https://www.nasdaq.com/articles/alcoa-aa-q1-earnings-top-estimates,Nasdaq,2022-04-20 00:00:00 UTC,AA
Alcoa Q1 Profit Beats Street View,https://www.nasdaq.com/articles/alcoa-q1-profit-beats-street-view,Nasdaq,2022-04-20 00:00:00 UTC,AA
"Alcoa Corp. Q1 Profit Increases, beats estimates",https://www.nasdaq.com/articles/alcoa-corp.-q1-profit-increases-beats-estimates,Nasdaq,2022-04-20 00:00:00 UTC,AA
"After-Hours Earnings Report for April 20, 2022 : TSLA, CCI, CSX, LRCX, KMI, EFX, STLD, AA, UAL, THC, CVNA, FR",https://www.nasdaq.com/articles/after-hours-earnings-report-for-april-20-2022-%3A-tsla-cci-csx-lrcx-kmi-efx-stld-aa-ual-thc,Nasdaq,2022-04-20 00:00:00 UTC,AA
5 Must-Buy High-Beta Stocks Flying High in a Volatile Market,https://www.nasdaq.com/articles/5-must-buy-high-beta-stocks-flying-high-in-a-volatile-market,Nasdaq,2022-04-20 00:00:00 UTC,AA
Alcoa Q1 22 Earnings Conference Call At 5:00 PM ET,https://www.nasdaq.com/articles/alcoa-q1-22-earnings-conference-call-at-5%3A00-pm-et,Nasdaq,2022-04-20 00:00:00 UTC,AA
iShares Core S&P Mid-Cap ETF Experiences Big Outflow,https://www.nasdaq.com/articles/ishares-core-sp-mid-cap-etf-experiences-big-outflow,Nasdaq,2022-04-19 00:00:00 UTC,AA
Will Strength in Aluminum Benefit Alcoa (AA) in Q1 Earnings?,https://www.nasdaq.com/articles/will-strength-in-aluminum-benefit-alcoa-aa-in-q1-earnings,Nasdaq,2022-04-18 00:00:00 UTC,AA
Will Alumina and Bauxite Benefit Alcoa's (AA) Q1 Earnings?,https://www.nasdaq.com/articles/will-alumina-and-bauxite-benefit-alcoas-aa-q1-earnings,Nasdaq,2022-04-18 00:00:00 UTC,AA
Alcoa (AA) to Report Q1 Earnings: What's in the Offing?,https://www.nasdaq.com/articles/alcoa-aa-to-report-q1-earnings%3A-whats-in-the-offing,Nasdaq,2022-04-18 00:00:00 UTC,AA
"Weekly Preview: Earnings To Watch This Week (AA, IBM, NFLX, TSLA)",https://www.nasdaq.com/articles/weekly-preview%3A-earnings-to-watch-this-week-aa-ibm-nflx-tsla,Nasdaq,2022-04-17 00:00:00 UTC,AA
Alcoa (AA) Gains As Market Dips: What You Should Know,https://www.nasdaq.com/articles/alcoa-aa-gains-as-market-dips%3A-what-you-should-know-3,Nasdaq,2022-04-14 00:00:00 UTC,AA
3 Reasons Why Growth Investors Shouldn't Overlook Alcoa (AA),https://www.nasdaq.com/articles/3-reasons-why-growth-investors-shouldnt-overlook-alcoa-aa,Nasdaq,2022-04-14 00:00:00 UTC,AA
Is a Surprise Coming for Alcoa (AA) This Earnings Season?,https://www.nasdaq.com/articles/is-a-surprise-coming-for-alcoa-aa-this-earnings-season,Nasdaq,2022-04-14 00:00:00 UTC,AA
Alcoa (AA) Earnings Expected to Grow: Should You Buy?,https://www.nasdaq.com/articles/alcoa-aa-earnings-expected-to-grow%3A-should-you-buy,Nasdaq,2022-04-13 00:00:00 UTC,AA
Dover (DOV) to Report Q1 Earnings: What's in the Cards?,https://www.nasdaq.com/articles/dover-dov-to-report-q1-earnings%3A-whats-in-the-cards,Nasdaq,2022-04-13 00:00:00 UTC,AA
3 of the Best Momentum Stocks to Buy Using Driehaus Strategy,https://www.nasdaq.com/articles/3-of-the-best-momentum-stocks-to-buy-using-driehaus-strategy,Nasdaq,2022-04-13 00:00:00 UTC,AA
Alcoa (AA) Gains As Market Dips: What You Should Know,https://www.nasdaq.com/articles/alcoa-aa-gains-as-market-dips%3A-what-you-should-know-2,Nasdaq,2022-04-12 00:00:00 UTC,AA
Why Nordson (NDSN) is an Attractive Bet for Investors Now,https://www.nasdaq.com/articles/why-nordson-ndsn-is-an-attractive-bet-for-investors-now,Nasdaq,2022-04-11 00:00:00 UTC,AA
iShares Core S&P Mid-Cap ETF Experiences Big Inflow,https://www.nasdaq.com/articles/ishares-core-sp-mid-cap-etf-experiences-big-inflow-1,Nasdaq,2022-04-11 00:00:00 UTC,AA
Guinea asks bauxite miners to present local refinery plans by May,https://www.nasdaq.com/articles/guinea-asks-bauxite-miners-to-present-local-refinery-plans-by-may,Nasdaq,2022-04-08 00:00:00 UTC,AA
"IDEX's (IEX) Strong Prospects Promise Growth, Risks Linger",https://www.nasdaq.com/articles/idexs-iex-strong-prospects-promise-growth-risks-linger,Nasdaq,2022-04-08 00:00:00 UTC,AA
"Notable Thursday Option Activity: ASO, AA, RIVN",https://www.nasdaq.com/articles/notable-thursday-option-activity%3A-aso-aa-rivn,Nasdaq,2022-04-07 00:00:00 UTC,AA
"Graco (GGG) Exhibits Strong Prospects, Risks Persist",https://www.nasdaq.com/articles/graco-ggg-exhibits-strong-prospects-risks-persist,Nasdaq,2022-04-07 00:00:00 UTC,AA
Alcoa (AA) Gains As Market Dips: What You Should Know,https://www.nasdaq.com/articles/alcoa-aa-gains-as-market-dips%3A-what-you-should-know-1,Nasdaq,2022-04-06 00:00:00 UTC,AA
Here's Why It Is Worth Investing in Donaldson (DCI) Right Now,https://www.nasdaq.com/articles/heres-why-it-is-worth-investing-in-donaldson-dci-right-now,Nasdaq,2022-04-06 00:00:00 UTC,AA
Some Japanese buyers agree Q2 aluminium premium of $172/T -sources,https://www.nasdaq.com/articles/some-japanese-buyers-agree-q2-aluminium-premium-of-%24172-t-sources,Nasdaq,2022-04-05 00:00:00 UTC,AA
Stay Ahead of The Market With These 3 Strong Buy Stocks,https://www.nasdaq.com/articles/stay-ahead-of-the-market-with-these-3-strong-buy-stocks,Nasdaq,2022-04-05 00:00:00 UTC,AA
Top 5 Momentum Picks for April After Markets Rebound in March,https://www.nasdaq.com/articles/top-5-momentum-picks-for-april-after-markets-rebound-in-march,Nasdaq,2022-04-04 00:00:00 UTC,AA
"Noteworthy ETF Outflows: XME, MP, AA, NUE",https://www.nasdaq.com/articles/noteworthy-etf-outflows%3A-xme-mp-aa-nue,Nasdaq,2022-03-30 00:00:00 UTC,AA
3 Commodity Stocks to Buy on the Dip,https://www.nasdaq.com/articles/3-commodity-stocks-to-buy-on-the-dip,Nasdaq,2022-03-30 00:00:00 UTC,AA
"Alcoa Corporation Moves Up In Market Cap Rank, Passing FactSet Research Systems",https://www.nasdaq.com/articles/alcoa-corporation-moves-up-in-market-cap-rank-passing-factset-research-systems,Nasdaq,2022-03-29 00:00:00 UTC,AA
Are You a Growth Investor? This 1 Stock Could Be the Perfect Pick,https://www.nasdaq.com/articles/are-you-a-growth-investor-this-1-stock-could-be-the-perfect-pick-22,Nasdaq,2022-03-29 00:00:00 UTC,AA
Alcoa (AA) Gains But Lags Market: What You Should Know,https://www.nasdaq.com/articles/alcoa-aa-gains-but-lags-market%3A-what-you-should-know-2,Nasdaq,2022-03-28 00:00:00 UTC,AA
Alcoa (AA) is an Incredible Growth Stock: 3 Reasons Why,https://www.nasdaq.com/articles/alcoa-aa-is-an-incredible-growth-stock%3A-3-reasons-why-0,Nasdaq,2022-03-28 00:00:00 UTC,AA
Interesting AA Put And Call Options For May 6th,https://www.nasdaq.com/articles/interesting-aa-put-and-call-options-for-may-6th,Nasdaq,2022-03-24 00:00:00 UTC,AA
Why Is Alcoa Stock Attracting Investor Optimism?,https://www.nasdaq.com/articles/why-is-alcoa-stock-attracting-investor-optimism,Nasdaq,2022-03-24 00:00:00 UTC,AA
"Alcoa (AA) Soars to 52-Week High, Time to Cash Out?",https://www.nasdaq.com/articles/alcoa-aa-soars-to-52-week-high-time-to-cash-out,Nasdaq,2022-03-24 00:00:00 UTC,AA
"XME, BTU, ARCH, AA: Large Inflows Detected at ETF",https://www.nasdaq.com/articles/xme-btu-arch-aa%3A-large-inflows-detected-at-etf,Nasdaq,2022-03-22 00:00:00 UTC,AA
Best Momentum Stocks to Buy for March 22nd,https://www.nasdaq.com/articles/best-momentum-stocks-to-buy-for-march-22nd,Nasdaq,2022-03-22 00:00:00 UTC,AA
Reliance Steel (RS) Hits Fresh High: Is There Still Room to Run?,https://www.nasdaq.com/articles/reliance-steel-rs-hits-fresh-high%3A-is-there-still-room-to-run,Nasdaq,2022-03-22 00:00:00 UTC,AA
New Strong Buy Stocks for March 22nd,https://www.nasdaq.com/articles/new-strong-buy-stocks-for-march-22nd,Nasdaq,2022-03-22 00:00:00 UTC,AA
Alcoa (AA) Stock Sinks As Market Gains: What You Should Know,https://www.nasdaq.com/articles/alcoa-aa-stock-sinks-as-market-gains%3A-what-you-should-know,Nasdaq,2022-03-22 00:00:00 UTC,AA
Earnings Estimates Moving Higher for Alcoa (AA): Time to Buy?,https://www.nasdaq.com/articles/earnings-estimates-moving-higher-for-alcoa-aa%3A-time-to-buy-0,Nasdaq,2022-03-21 00:00:00 UTC,AA
COLUMN-Australian alumina ban will squeeze Rusal and aluminium: Andy Home,https://www.nasdaq.com/articles/column-australian-alumina-ban-will-squeeze-rusal-and-aluminium%3A-andy-home-0,Nasdaq,2022-03-21 00:00:00 UTC,AA
COLUMN-Australian alumina ban will squeeze Rusal and aluminium: Andy Home,https://www.nasdaq.com/articles/column-australian-alumina-ban-will-squeeze-rusal-and-aluminium%3A-andy-home,Nasdaq,2022-03-21 00:00:00 UTC,AA
Why Alcoa Stock Soared 10% on Monday,https://www.nasdaq.com/articles/why-alcoa-stock-soared-10-on-monday,Nasdaq,2022-03-21 00:00:00 UTC,AA
Why Century Aluminum Stock Is on Fire Today,https://www.nasdaq.com/articles/why-century-aluminum-stock-is-on-fire-today,Nasdaq,2022-03-21 00:00:00 UTC,AA
"Notable Monday Option Activity: AA, MOS, MEDP",https://www.nasdaq.com/articles/notable-monday-option-activity%3A-aa-mos-medp,Nasdaq,2022-03-21 00:00:00 UTC,AA
Best Momentum Stocks to Buy for March 17th,https://www.nasdaq.com/articles/best-momentum-stocks-to-buy-for-march-17th,Nasdaq,2022-03-17 00:00:00 UTC,AA
Best Value Stocks to Buy for March 17th,https://www.nasdaq.com/articles/best-value-stocks-to-buy-for-march-17th,Nasdaq,2022-03-17 00:00:00 UTC,AA
New Strong Buy Stocks for March 17th,https://www.nasdaq.com/articles/new-strong-buy-stocks-for-march-17th,Nasdaq,2022-03-17 00:00:00 UTC,AA
Alcoa (AA) Gains But Lags Market: What You Should Know,https://www.nasdaq.com/articles/alcoa-aa-gains-but-lags-market%3A-what-you-should-know-1,Nasdaq,2022-03-15 00:00:00 UTC,AA
Are These Industrial Products Stocks a Great Value Stocks Right Now?,https://www.nasdaq.com/articles/are-these-industrial-products-stocks-a-great-value-stocks-right-now-1,Nasdaq,2022-03-15 00:00:00 UTC,AA
AA September 16th Options Begin Trading,https://www.nasdaq.com/articles/aa-september-16th-options-begin-trading,Nasdaq,2022-03-14 00:00:00 UTC,AA
"Noteworthy ETF Inflows: XME, BTU, ARCH, AA",https://www.nasdaq.com/articles/noteworthy-etf-inflows%3A-xme-btu-arch-aa,Nasdaq,2022-03-14 00:00:00 UTC,AA
New Strong Buy Stocks for March 11th,https://www.nasdaq.com/articles/new-strong-buy-stocks-for-march-11th,Nasdaq,2022-03-11 00:00:00 UTC,AA
Best Momentum Stocks to Buy for March 11th,https://www.nasdaq.com/articles/best-momentum-stocks-to-buy-for-march-11th,Nasdaq,2022-03-11 00:00:00 UTC,AA
"Is Alcoa (AA) a Solid Growth Stock? 3 Reasons to Think "" Yes """,https://www.nasdaq.com/articles/is-alcoa-aa-a-solid-growth-stock-3-reasons-to-think-yes,Nasdaq,2022-03-11 00:00:00 UTC,AA
New Strong Buy Stocks for March 9th,https://www.nasdaq.com/articles/new-strong-buy-stocks-for-march-9th,Nasdaq,2022-03-09 00:00:00 UTC,AA
"Pre-Market Most Active for Mar 7, 2022 : BBBY, NINE, TQQQ, SQQQ, OXY, CTVA, QQQ, ING, CNR, BCEL, NIO, AAL",https://www.nasdaq.com/articles/pre-market-most-active-for-mar-7-2022-%3A-bbby-nine-tqqq-sqqq-oxy-ctva-qqq-ing-cnr-bcel-nio,Nasdaq,2022-03-07 00:00:00 UTC,AA
"Zacks.com featured highlights include Lantheus Holdings, TimkenSteel, Allegheny Technologies, Peabody Energy and Alcoa",https://www.nasdaq.com/articles/zacks.com-featured-highlights-include-lantheus-holdings-timkensteel-allegheny-technologies,Nasdaq,2022-03-07 00:00:00 UTC,AA
Alcoa (AA) Hits Fresh High: Is There Still Room to Run?,https://www.nasdaq.com/articles/alcoa-aa-hits-fresh-high%3A-is-there-still-room-to-run,Nasdaq,2022-03-07 00:00:00 UTC,AA
"The Zacks Analyst Blog Highlights Exxon Mobil, Marathon Oil, ConocoPhillips, The Mosaic, and Alcoa",https://www.nasdaq.com/articles/the-zacks-analyst-blog-highlights-exxon-mobil-marathon-oil-conocophillips-the-mosaic-and,Nasdaq,2022-03-04 00:00:00 UTC,AA
5 Stocks With Recent Price Strength Amid Geopolitical Conflict,https://www.nasdaq.com/articles/5-stocks-with-recent-price-strength-amid-geopolitical-conflict,Nasdaq,2022-03-04 00:00:00 UTC,AA
Has Alcoa (AA) Outpaced Other Industrial Products Stocks This Year?,https://www.nasdaq.com/articles/has-alcoa-aa-outpaced-other-industrial-products-stocks-this-year-0,Nasdaq,2022-03-04 00:00:00 UTC,AA
Is First Trust Mid Cap Core AlphaDEX ETF (FNX) a Strong ETF Right Now?,https://www.nasdaq.com/articles/is-first-trust-mid-cap-core-alphadex-etf-fnx-a-strong-etf-right-now-0,Nasdaq,2022-03-04 00:00:00 UTC,AA
SPDR S&P Metals & Mining ETF Experiences Big Inflow,https://www.nasdaq.com/articles/spdr-sp-metals-mining-etf-experiences-big-inflow,Nasdaq,2022-03-04 00:00:00 UTC,AA
"Noteworthy Friday Option Activity: SAVA, MSFT, AA",https://www.nasdaq.com/articles/noteworthy-friday-option-activity%3A-sava-msft-aa,Nasdaq,2022-03-04 00:00:00 UTC,AA
Should First Trust Mid Cap Core AlphaDEX ETF (FNX) Be on Your Investing Radar?,https://www.nasdaq.com/articles/should-first-trust-mid-cap-core-alphadex-etf-fnx-be-on-your-investing-radar-0,Nasdaq,2022-03-03 00:00:00 UTC,AA
Powell Hints Cautious Approach to Rate Hike: 5 Growth Picks,https://www.nasdaq.com/articles/powell-hints-cautious-approach-to-rate-hike%3A-5-growth-picks,Nasdaq,2022-03-03 00:00:00 UTC,AA
Alcoa (AA) Gains As Market Dips: What You Should Know,https://www.nasdaq.com/articles/alcoa-aa-gains-as-market-dips%3A-what-you-should-know-0,Nasdaq,2022-03-03 00:00:00 UTC,AA
AA Ex-Dividend Reminder - 3/7/22,https://www.nasdaq.com/articles/aa-ex-dividend-reminder-3-7-22,Nasdaq,2022-03-03 00:00:00 UTC,AA
New Strong Buy Stocks for March 2nd,https://www.nasdaq.com/articles/new-strong-buy-stocks-for-march-2nd,Nasdaq,2022-03-02 00:00:00 UTC,AA
Should iShares Morningstar SmallCap Value ETF (ISCV) Be on Your Investing Radar?,https://www.nasdaq.com/articles/should-ishares-morningstar-smallcap-value-etf-iscv-be-on-your-investing-radar-0,Nasdaq,2022-03-02 00:00:00 UTC,AA
Why Alcoa Stock Jumped as Much as 13.5% Today,https://www.nasdaq.com/articles/why-alcoa-stock-jumped-as-much-as-13.5-today,Nasdaq,2022-03-01 00:00:00 UTC,AA
Interesting AA Put And Call Options For October 21st,https://www.nasdaq.com/articles/interesting-aa-put-and-call-options-for-october-21st,Nasdaq,2022-03-01 00:00:00 UTC,AA
"Notable Thursday Option Activity: PYPL, AA, SAVA",https://www.nasdaq.com/articles/notable-thursday-option-activity%3A-pypl-aa-sava,Nasdaq,2022-02-24 00:00:00 UTC,AA
"Daily Dividend Report: TMO,TXT,BEN,AA,DE",https://www.nasdaq.com/articles/daily-dividend-report%3A-tmotxtbenaade,Nasdaq,2022-02-24 00:00:00 UTC,AA
Best Momentum Stocks to Buy for February 24th,https://www.nasdaq.com/articles/best-momentum-stocks-to-buy-for-february-24th,Nasdaq,2022-02-24 00:00:00 UTC,AA
New Strong Buy Stocks for February 24th,https://www.nasdaq.com/articles/new-strong-buy-stocks-for-february-24th,Nasdaq,2022-02-24 00:00:00 UTC,AA
Are These Industrial Products Stocks Undervalued Right Now?,https://www.nasdaq.com/articles/are-these-industrial-products-stocks-undervalued-right-now-2,Nasdaq,2022-02-23 00:00:00 UTC,AA
"XME, BTU, AA, ARCH: ETF Inflow Alert",https://www.nasdaq.com/articles/xme-btu-aa-arch%3A-etf-inflow-alert,Nasdaq,2022-02-23 00:00:00 UTC,AA
Analyst Favorites: Alcoa Corporation Ranks As a Top Metals Pick,https://www.nasdaq.com/articles/analyst-favorites%3A-alcoa-corporation-ranks-as-a-top-metals-pick,Nasdaq,2022-02-23 00:00:00 UTC,AA
What Makes Alcoa (AA) a Strong Momentum Stock: Buy Now?,https://www.nasdaq.com/articles/what-makes-alcoa-aa-a-strong-momentum-stock%3A-buy-now,Nasdaq,2022-02-18 00:00:00 UTC,AA
Alcoa (AA) is an Incredible Growth Stock: 3 Reasons Why,https://www.nasdaq.com/articles/alcoa-aa-is-an-incredible-growth-stock%3A-3-reasons-why,Nasdaq,2022-02-18 00:00:00 UTC,AA
Bull of the Day: Alcoa Corp. (AA),https://www.nasdaq.com/articles/bull-of-the-day%3A-alcoa-corp.-aa,Nasdaq,2022-02-17 00:00:00 UTC,AA
Alcoa Corporation and First Solar highlighted as Zacks Bull and Bear of the Day,https://www.nasdaq.com/articles/alcoa-corporation-and-first-solar-highlighted-as-zacks-bull-and-bear-of-the-day,Nasdaq,2022-02-17 00:00:00 UTC,AA
Best Momentum Stocks to Buy for February 16th,https://www.nasdaq.com/articles/best-momentum-stocks-to-buy-for-february-16th,Nasdaq,2022-02-16 00:00:00 UTC,AA
Earnings Estimates Moving Higher for Alcoa (AA): Time to Buy?,https://www.nasdaq.com/articles/earnings-estimates-moving-higher-for-alcoa-aa%3A-time-to-buy,Nasdaq,2022-02-16 00:00:00 UTC,AA
Is Alcoa (AA) Outperforming Other Industrial Products Stocks This Year?,https://www.nasdaq.com/articles/is-alcoa-aa-outperforming-other-industrial-products-stocks-this-year,Nasdaq,2022-02-16 00:00:00 UTC,AA
New Strong Buy Stocks for February 16th,https://www.nasdaq.com/articles/new-strong-buy-stocks-for-february-16th,Nasdaq,2022-02-16 00:00:00 UTC,AA
Are You a Momentum Investor? This 1 Stock Could Be the Perfect Pick,https://www.nasdaq.com/articles/are-you-a-momentum-investor-this-1-stock-could-be-the-perfect-pick-14,Nasdaq,2022-02-14 00:00:00 UTC,AA
3 Inflation Stocks to Hedge Rising Prices,https://www.nasdaq.com/articles/3-inflation-stocks-to-hedge-rising-prices,Nasdaq,2022-02-14 00:00:00 UTC,AA
3 Stocks That Could Sabotage Your Portfolio,https://www.nasdaq.com/articles/3-stocks-that-could-sabotage-your-portfolio,Nasdaq,2022-02-12 00:00:00 UTC,AA
"Notable Friday Option Activity: AA, XOM, CF",https://www.nasdaq.com/articles/notable-friday-option-activity%3A-aa-xom-cf,Nasdaq,2022-02-11 00:00:00 UTC,AA
Why Alcoa and Century Aluminum Popped on Tuesday,https://www.nasdaq.com/articles/why-alcoa-and-century-aluminum-popped-on-tuesday,Nasdaq,2022-02-08 00:00:00 UTC,AA
Alcoa Reaches Analyst Target Price,https://www.nasdaq.com/articles/alcoa-reaches-analyst-target-price,Nasdaq,2022-02-04 00:00:00 UTC,AA
March 11th Options Now Available For Alcoa (AA),https://www.nasdaq.com/articles/march-11th-options-now-available-for-alcoa-aa,Nasdaq,2022-01-27 00:00:00 UTC,AA
Why I’m Happy About Today’s Selloff,https://www.nasdaq.com/articles/why-im-happy-about-todays-selloff,Nasdaq,2022-01-25 00:00:00 UTC,AA
COLUMN-Power problems take a toll on global aluminium output: Andy Home,https://www.nasdaq.com/articles/column-power-problems-take-a-toll-on-global-aluminium-output%3A-andy-home-0,Nasdaq,2022-01-24 00:00:00 UTC,AA
"The Zacks Analyst Blog Highlights: J.B. Hunt Transport Services, BankUnited, PacWest Bancorp and Alcoa",https://www.nasdaq.com/articles/the-zacks-analyst-blog-highlights%3A-j.b.-hunt-transport-services-bankunited-pacwest-bancorp,Nasdaq,2022-01-24 00:00:00 UTC,AA
COLUMN-Power problems take a toll on global aluminium output: Andy Home,https://www.nasdaq.com/articles/column-power-problems-take-a-toll-on-global-aluminium-output%3A-andy-home,Nasdaq,2022-01-24 00:00:00 UTC,AA
4 Stocks Worth Buying After Strong Earnings Reports This Week,https://www.nasdaq.com/articles/4-stocks-worth-buying-after-strong-earnings-reports-this-week,Nasdaq,2022-01-21 00:00:00 UTC,AA
Fast-paced Momentum Stock Alcoa (AA) Is Still Trading at a Bargain,https://www.nasdaq.com/articles/fast-paced-momentum-stock-alcoa-aa-is-still-trading-at-a-bargain,Nasdaq,2022-01-20 00:00:00 UTC,AA
Alcoa Ascends 4% As Earnings Surpass Estimates,https://www.nasdaq.com/articles/alcoa-ascends-4-as-earnings-surpass-estimates,Nasdaq,2022-01-20 00:00:00 UTC,AA
Alcoa Q4 21 Earnings Conference Call At 5:00 PM ET,https://www.nasdaq.com/articles/alcoa-q4-21-earnings-conference-call-at-5%3A00-pm-et,Nasdaq,2022-01-19 00:00:00 UTC,AA
"After-Hours Earnings Report for January 19, 2022 : KMI, DFS, UAL, AA, PACW, WTFC, UMPQ, FNB, FUL, COLB, EGBN, PFBC",https://www.nasdaq.com/articles/after-hours-earnings-report-for-january-19-2022-%3A-kmi-dfs-ual-aa-pacw-wtfc-umpq-fnb-ful,Nasdaq,2022-01-19 00:00:00 UTC,AA
Alcoa (AA) Q4 Earnings: What to Expect,https://www.nasdaq.com/articles/alcoa-aa-q4-earnings%3A-what-to-expect,Nasdaq,2022-01-19 00:00:00 UTC,AA
"Alcoa Corp. Q4 Loss Decreases, beats estimates",https://www.nasdaq.com/articles/alcoa-corp.-q4-loss-decreases-beats-estimates,Nasdaq,2022-01-19 00:00:00 UTC,AA
Alcoa (AA) Q4 Earnings and Revenues Surpass Estimates,https://www.nasdaq.com/articles/alcoa-aa-q4-earnings-and-revenues-surpass-estimates,Nasdaq,2022-01-19 00:00:00 UTC,AA
Alcoa Q4 Profit Trumps Wall Street Estimates,https://www.nasdaq.com/articles/alcoa-q4-profit-trumps-wall-street-estimates,Nasdaq,2022-01-19 00:00:00 UTC,AA
"Weekly Preview: Earnings To Watch This Week (AA, BAC, NFLX, UAL)",https://www.nasdaq.com/articles/weekly-preview%3A-earnings-to-watch-this-week-aa-bac-nflx-ual,Nasdaq,2022-01-16 00:00:00 UTC,AA
Alcoa (AA) Outpaces Stock Market Gains: What You Should Know,https://www.nasdaq.com/articles/alcoa-aa-outpaces-stock-market-gains%3A-what-you-should-know-0,Nasdaq,2022-01-14 00:00:00 UTC,AA
How Alcoa (AA) Stock Stands Out in a Strong Industry,https://www.nasdaq.com/articles/how-alcoa-aa-stock-stands-out-in-a-strong-industry,Nasdaq,2022-01-14 00:00:00 UTC,AA
Alcoa (AA) Reports Next Week: Wall Street Expects Earnings Growth,https://www.nasdaq.com/articles/alcoa-aa-reports-next-week%3A-wall-street-expects-earnings-growth,Nasdaq,2022-01-12 00:00:00 UTC,AA
Alcoa Corp Shares Close in on 52-Week High - Market Mover,https://www.nasdaq.com/articles/alcoa-corp-shares-close-in-on-52-week-high-market-mover-2,Nasdaq,2022-01-12 00:00:00 UTC,AA
GRAPHIC-Power fuels aluminium's price surge to record in Europe,https://www.nasdaq.com/articles/graphic-power-fuels-aluminiums-price-surge-to-record-in-europe,Nasdaq,2022-01-11 00:00:00 UTC,AA
COLUMN-Europe's power crunch sparks aluminium smelter meltdown: Andy Home,https://www.nasdaq.com/articles/column-europes-power-crunch-sparks-aluminium-smelter-meltdown%3A-andy-home-0,Nasdaq,2022-01-06 00:00:00 UTC,AA
METALS-Shanghai aluminium scales over 2-month peak on supply worries,https://www.nasdaq.com/articles/metals-shanghai-aluminium-scales-over-2-month-peak-on-supply-worries,Nasdaq,2022-01-06 00:00:00 UTC,AA
"South32, Alcoa to restart Alumar aluminium smelter in Brazil",https://www.nasdaq.com/articles/south32-alcoa-to-restart-alumar-aluminium-smelter-in-brazil,Nasdaq,2022-01-05 00:00:00 UTC,AA
Japan Q1 aluminium premium falls 20% to $177/T -sources,https://www.nasdaq.com/articles/japan-q1-aluminium-premium-falls-20-to-%24177-t-sources,Nasdaq,2022-01-05 00:00:00 UTC,AA
METALS-Copper prices slip as U.S. Fed's hawkish signal lifts dollar,https://www.nasdaq.com/articles/metals-copper-prices-slip-as-u.s.-feds-hawkish-signal-lifts-dollar,Nasdaq,2022-01-05 00:00:00 UTC,AA
"Noteworthy Tuesday Option Activity: CVX, ISEE, AA",https://www.nasdaq.com/articles/noteworthy-tuesday-option-activity%3A-cvx-isee-aa,Nasdaq,2022-01-04 00:00:00 UTC,AA
Alcoa signs renewable energy deals for Spanish plant,https://www.nasdaq.com/articles/alcoa-signs-renewable-energy-deals-for-spanish-plant,Nasdaq,2021-12-30 00:00:00 UTC,AA
Norway's Hydro to cut Slovakia aluminium output due to power cost,https://www.nasdaq.com/articles/norways-hydro-to-cut-slovakia-aluminium-output-due-to-power-cost,Nasdaq,2021-12-30 00:00:00 UTC,AA
METALS-Copper range-bound ahead of New Year holiday,https://www.nasdaq.com/articles/metals-copper-range-bound-ahead-of-new-year-holiday,Nasdaq,2021-12-30 00:00:00 UTC,AA
3 Metal Stocks That Are Heating Up,https://www.nasdaq.com/articles/3-metal-stocks-that-are-heating-up,Nasdaq,2021-12-30 00:00:00 UTC,AA
Alcoa to halt primary aluminium production in Spain for two years,https://www.nasdaq.com/articles/alcoa-to-halt-primary-aluminium-production-in-spain-for-two-years,Nasdaq,2021-12-29 00:00:00 UTC,AA
Alcoa To Curtail Aluminum Smelter In Spain For Two Years Due To High Energy Prices,https://www.nasdaq.com/articles/alcoa-to-curtail-aluminum-smelter-in-spain-for-two-years-due-to-high-energy-prices,Nasdaq,2021-12-29 00:00:00 UTC,AA
"METALS-Copper slips in range-bound trade, aluminium shines on supply worries",https://www.nasdaq.com/articles/metals-copper-slips-in-range-bound-trade-aluminium-shines-on-supply-worries,Nasdaq,2021-12-29 00:00:00 UTC,AA
Alcoa Corp Shares Close in on 52-Week High - Market Mover,https://www.nasdaq.com/articles/alcoa-corp-shares-close-in-on-52-week-high-market-mover-1,Nasdaq,2021-12-27 00:00:00 UTC,AA
Alcoa Corp Shares Close in on 52-Week High - Market Mover,https://www.nasdaq.com/articles/alcoa-corp-shares-close-in-on-52-week-high-market-mover-0,Nasdaq,2021-12-24 00:00:00 UTC,AA
Alcoa Corp Shares Climb 3.3% Past Previous 52-Week High - Market Mover,https://www.nasdaq.com/articles/alcoa-corp-shares-climb-3.3-past-previous-52-week-high-market-mover,Nasdaq,2021-12-23 00:00:00 UTC,AA
Alcoa Corp Shares Close in on 52-Week High - Market Mover,https://www.nasdaq.com/articles/alcoa-corp-shares-close-in-on-52-week-high-market-mover,Nasdaq,2021-12-21 00:00:00 UTC,AA
"Noteworthy Tuesday Option Activity: IGT, AA, CVGW",https://www.nasdaq.com/articles/noteworthy-tuesday-option-activity%3A-igt-aa-cvgw,Nasdaq,2021-12-21 00:00:00 UTC,AA
"Unusual Options Activity in Alcoa (AA), Alibaba (BABA), and Cerner (CERN)",https://www.nasdaq.com/articles/unusual-options-activity-in-alcoa-aa-alibaba-baba-and-cerner-cern,Nasdaq,2021-12-17 00:00:00 UTC,AA
What’s Behind The Recent Surge In Alcoa Stock?,https://www.nasdaq.com/articles/whats-behind-the-recent-surge-in-alcoa-stock,Nasdaq,2021-12-17 00:00:00 UTC,AA
Why Shares in Alcoa Surged This Week,https://www.nasdaq.com/articles/why-shares-in-alcoa-surged-this-week,Nasdaq,2021-12-16 00:00:00 UTC,AA
Estimating The Fair Value Of Alcoa Corporation (NYSE:AA),https://www.nasdaq.com/articles/estimating-the-fair-value-of-alcoa-corporation-nyse%3Aaa,Nasdaq,2021-12-15 00:00:00 UTC,AA
Why Alcoa Stock Popped This Week,https://www.nasdaq.com/articles/why-alcoa-stock-popped-this-week,Nasdaq,2021-12-10 00:00:00 UTC,AA
Offshore wind could power Alcoa's Portland smelter in Australia,https://www.nasdaq.com/articles/offshore-wind-could-power-alcoas-portland-smelter-in-australia,Nasdaq,2021-12-06 00:00:00 UTC,AA
January 2022 Options Now Available For Alcoa (AA),https://www.nasdaq.com/articles/january-2022-options-now-available-for-alcoa-aa,Nasdaq,2021-12-02 00:00:00 UTC,AA
COLUMN-Carbon brakes aluminium supply response to booming prices: Andy Home,https://www.nasdaq.com/articles/column-carbon-brakes-aluminium-supply-response-to-booming-prices%3A-andy-home,Nasdaq,2021-12-01 00:00:00 UTC,AA
"Notable Wednesday Option Activity: VEEV, AA, YETI",https://www.nasdaq.com/articles/notable-wednesday-option-activity%3A-veev-aa-yeti,Nasdaq,2021-12-01 00:00:00 UTC,AA
One Global aluminium producer seeks Q1 premiums of $195/T -sources,https://www.nasdaq.com/articles/one-global-aluminium-producer-seeks-q1-premiums-of-%24195-t-sources,Nasdaq,2021-11-30 00:00:00 UTC,AA
How a little Texas town snagged a $17 bln Samsung chip plant deal,https://www.nasdaq.com/articles/how-a-little-texas-town-snagged-a-%2417-bln-samsung-chip-plant-deal,Nasdaq,2021-11-24 00:00:00 UTC,AA
Alcoa To Participate In Goldman Sachs Global Metals & Mining Conference At 10:00 AM ET,https://www.nasdaq.com/articles/alcoa-to-participate-in-goldman-sachs-global-metals-mining-conference-at-10%3A00-am-et,Nasdaq,2021-11-17 00:00:00 UTC,AA
Alcoa Announces Transfer Of Approx. $1 Bln Of Pension Obligations - Quick Facts,https://www.nasdaq.com/articles/alcoa-announces-transfer-of-approx.-%241-bln-of-pension-obligations-quick-facts,Nasdaq,2021-11-17 00:00:00 UTC,AA
Alcoa Stock Above $50 – What’s Behind This Surge?,https://www.nasdaq.com/articles/alcoa-stock-above-%2450-whats-behind-this-surge,Nasdaq,2021-11-17 00:00:00 UTC,AA
What Kind Of Investors Own Most Of Alcoa Corporation (NYSE:AA)?,https://www.nasdaq.com/articles/what-kind-of-investors-own-most-of-alcoa-corporation-nyse%3Aaa-2021-11-15,Nasdaq,2021-11-15 00:00:00 UTC,AA
Why Metals Stocks Are Red-Hot Today,https://www.nasdaq.com/articles/why-metals-stocks-are-red-hot-today,Nasdaq,2021-11-11 00:00:00 UTC,AA
Alcoa To Restart Curtailed Aluminum Smelting Capacity At Portland Aluminium In Australia,https://www.nasdaq.com/articles/alcoa-to-restart-curtailed-aluminum-smelting-capacity-at-portland-aluminium-in-australia,Nasdaq,2021-11-07 00:00:00 UTC,AA
Alcoa to restart long idled capacity at Australian aluminium smelter,https://www.nasdaq.com/articles/alcoa-to-restart-long-idled-capacity-at-australian-aluminium-smelter-2021-11-07,Nasdaq,2021-11-07 00:00:00 UTC,AA
"Alcoa Corporation (AA) Ex-Dividend Date Scheduled for October 28, 2021",https://www.nasdaq.com/articles/alcoa-corporation-aa-ex-dividend-date-scheduled-for-october-28-2021-2021-10-27,Nasdaq,2021-10-27 00:00:00 UTC,AA
"Ex-Dividend Reminder: Signature Bank, EPR Properties and Alcoa",https://www.nasdaq.com/articles/ex-dividend-reminder%3A-signature-bank-epr-properties-and-alcoa-2021-10-26,Nasdaq,2021-10-26 00:00:00 UTC,AA
3 Smart Options Trades for Bulls to Play,https://www.nasdaq.com/articles/3-smart-options-trades-for-bulls-to-play-2021-10-22,Nasdaq,2021-10-22 00:00:00 UTC,AA
"Notable ETF Inflow Detected - XME, FCX, AA, MP",https://www.nasdaq.com/articles/notable-etf-inflow-detected-xme-fcx-aa-mp-2021-10-22,Nasdaq,2021-10-22 00:00:00 UTC,AA
December 3rd Options Now Available For Alcoa,https://www.nasdaq.com/articles/december-3rd-options-now-available-for-alcoa-2021-10-21,Nasdaq,2021-10-21 00:00:00 UTC,AA
"Alcoa (NYSE:AA) swells 22% this week, taking one-year gains to 344%",https://www.nasdaq.com/articles/alcoa-nyse%3Aaa-swells-22-this-week-taking-one-year-gains-to-344-2021-10-16,Nasdaq,2021-10-16 00:00:00 UTC,AA
Wall Street ends up with Goldman; Dow posts biggest weekly rise since June,https://www.nasdaq.com/articles/wall-street-ends-up-with-goldman-dow-posts-biggest-weekly-rise-since-june-2021-10-15,Nasdaq,2021-10-15 00:00:00 UTC,AA
Why Alcoa Stock Skyrocketed to 52-Week Highs Today,https://www.nasdaq.com/articles/why-alcoa-stock-skyrocketed-to-52-week-highs-today-2021-10-15,Nasdaq,2021-10-15 00:00:00 UTC,AA
Alcoa Corporation (AA) Q3 2021 Earnings Call Transcript,https://www.nasdaq.com/articles/alcoa-corporation-aa-q3-2021-earnings-call-transcript-2021-10-15,Nasdaq,2021-10-15 00:00:00 UTC,AA
Alcoa Corp. Q3 adjusted earnings Beat Estimates,https://www.nasdaq.com/articles/alcoa-corp.-q3-adjusted-earnings-beat-estimates-2021-10-14,Nasdaq,2021-10-14 00:00:00 UTC,AA
"Alcoa Q3 Results Beat Street View, To Buyback $500 Mln Shares; Stock Up 5%",https://www.nasdaq.com/articles/alcoa-q3-results-beat-street-view-to-buyback-%24500-mln-shares-stock-up-5-2021-10-14,Nasdaq,2021-10-14 00:00:00 UTC,AA
Alcoa Q3 21 Earnings Conference Call At 5:00 PM ET,https://www.nasdaq.com/articles/alcoa-q3-21-earnings-conference-call-at-5%3A00-pm-et-2021-10-14,Nasdaq,2021-10-14 00:00:00 UTC,AA
"After-Hours Earnings Report for October 14, 2021 : AA, DCT, TACO",https://www.nasdaq.com/articles/after-hours-earnings-report-for-october-14-2021-%3A-aa-dct-taco-2021-10-14,Nasdaq,2021-10-14 00:00:00 UTC,AA
"Aluminum Price Nearing $3,000 – What’s The Impact On Alcoa Stock?",https://www.nasdaq.com/articles/aluminum-price-nearing-%243000-whats-the-impact-on-alcoa-stock-2021-10-13,Nasdaq,2021-10-13 00:00:00 UTC,AA
"Weekly Preview: Earnings to Watch This Week (AA, JPM, WBA, WFC)",https://www.nasdaq.com/articles/weekly-preview%3A-earnings-to-watch-this-week-aa-jpm-wba-wfc-2021-10-10,Nasdaq,2021-10-10 00:00:00 UTC,AA
Australian carbon offset prices hit record high in polluters' spree,https://www.nasdaq.com/articles/australian-carbon-offset-prices-hit-record-high-in-polluters-spree-2021-10-08,Nasdaq,2021-10-08 00:00:00 UTC,AA
Alcoa Reports After the Close on 10/14 -- Options Contracts Expire the Next Day,https://www.nasdaq.com/articles/alcoa-reports-after-the-close-on-10-14-options-contracts-expire-the-next-day-2021-10-06,Nasdaq,2021-10-06 00:00:00 UTC,AA
World's largest miners pledge net zero carbon emissions by 2050,https://www.nasdaq.com/articles/worlds-largest-miners-pledge-net-zero-carbon-emissions-by-2050-2021-10-06,Nasdaq,2021-10-06 00:00:00 UTC,AA
World's largest miners pledge net zero carbon emissions by 2050,https://www.nasdaq.com/articles/worlds-largest-miners-pledge-net-zero-carbon-emissions-by-2050-2021-10-05-0,Nasdaq,2021-10-05 00:00:00 UTC,AA
Why Alcoa Stock Popped 10% in September,https://www.nasdaq.com/articles/why-alcoa-stock-popped-10-in-september-2021-10-05,Nasdaq,2021-10-05 00:00:00 UTC,AA
Under-the-Radar Aerospace Stocks,https://www.nasdaq.com/articles/under-the-radar-aerospace-stocks-2021-10-05,Nasdaq,2021-10-05 00:00:00 UTC,AA
Alcoa Executes Binding Term Sheet With FYI Resources To Produce High-purity Alumina,https://www.nasdaq.com/articles/alcoa-executes-binding-term-sheet-with-fyi-resources-to-produce-high-purity-alumina-2021,Nasdaq,2021-09-30 00:00:00 UTC,AA
Interesting AA Put And Call Options For November 12th,https://www.nasdaq.com/articles/interesting-aa-put-and-call-options-for-november-12th-2021-09-30,Nasdaq,2021-09-30 00:00:00 UTC,AA
"Lauren Hobart, Dick’s Sporting Goods’ Newest CEO, on Her People-First Strategy",https://www.nasdaq.com/articles/lauren-hobart-dicks-sporting-goods-newest-ceo-on-her-people-first-strategy-2021-09-27,Nasdaq,2021-09-27 00:00:00 UTC,AA
COLUMN-Alcoa powers up in Brazil as China aluminium powers down: Andy Home,https://www.nasdaq.com/articles/column-alcoa-powers-up-in-brazil-as-china-aluminium-powers-down%3A-andy-home-2021-09-24,Nasdaq,2021-09-23 00:00:00 UTC,AA
Best Stocks To Watch Today? 4 Industrial Stocks To Know,https://www.nasdaq.com/articles/best-stocks-to-watch-today-4-industrial-stocks-to-know-2021-09-23,Nasdaq,2021-09-23 00:00:00 UTC,AA
AA Crosses Above Average Analyst Target,https://www.nasdaq.com/articles/aa-crosses-above-average-analyst-target-2021-09-23,Nasdaq,2021-09-23 00:00:00 UTC,AA
COLUMN-Alcoa powers up in Brazil as China aluminium powers down: Andy Home,https://www.nasdaq.com/articles/column-alcoa-powers-up-in-brazil-as-china-aluminium-powers-down%3A-andy-home-2021-09-23,Nasdaq,2021-09-23 00:00:00 UTC,AA
Interesting AA Put And Call Options For October 15th,https://www.nasdaq.com/articles/interesting-aa-put-and-call-options-for-october-15th-2021-09-22,Nasdaq,2021-09-22 00:00:00 UTC,AA
Interesting AA Put And Call Options For November 19th,https://www.nasdaq.com/articles/interesting-aa-put-and-call-options-for-november-19th-2021-09-21,Nasdaq,2021-09-21 00:00:00 UTC,AA
Alcoa To Present At Jefferies Base Metals & Battery Materials Summit; Webcast At 1:30 PM ET,https://www.nasdaq.com/articles/alcoa-to-present-at-jefferies-base-metals-battery-materials-summit-webcast-at-1%3A30-pm-et,Nasdaq,2021-09-21 00:00:00 UTC,AA
"Tuesday Sector Laggards: Metals Fabrication & Products, Construction Stocks",https://www.nasdaq.com/articles/tuesday-sector-laggards%3A-metals-fabrication-products-construction-stocks-2021-09-21,Nasdaq,2021-09-21 00:00:00 UTC,AA
"Notable Monday Option Activity: AA, DOW, NVAX",https://www.nasdaq.com/articles/notable-monday-option-activity%3A-aa-dow-nvax-2021-09-20,Nasdaq,2021-09-20 00:00:00 UTC,AA
Alcoa Plans To Restart Its Alumar Smelter Facility In Brazil,https://www.nasdaq.com/articles/alcoa-plans-to-restart-its-alumar-smelter-facility-in-brazil-2021-09-20,Nasdaq,2021-09-20 00:00:00 UTC,AA
"Japan buyer agrees to pay Q4 aluminium premium of $220/T, 19% higher than Q3",https://www.nasdaq.com/articles/japan-buyer-agrees-to-pay-q4-aluminium-premium-of-%24220-t-19-higher-than-q3-2021-09-16-0,Nasdaq,2021-09-16 00:00:00 UTC,AA
Small-Caps a Great Play on Value Investing Amidst S&P 500 Highs,https://www.nasdaq.com/articles/small-caps-a-great-play-on-value-investing-amidst-sp-500-highs-2021-09-15,Nasdaq,2021-09-15 00:00:00 UTC,AA
National Beverage Drinks Up Big Gains Despite Supply Chain Headwinds,https://www.nasdaq.com/articles/national-beverage-drinks-up-big-gains-despite-supply-chain-headwinds-2021-09-13,Nasdaq,2021-09-13 00:00:00 UTC,AA
Why Aluminum Corporation of China Stock Blasted to 52-Week Highs This Week,https://www.nasdaq.com/articles/why-aluminum-corporation-of-china-stock-blasted-to-52-week-highs-this-week-2021-09-10,Nasdaq,2021-09-10 00:00:00 UTC,AA
Do Its Financials Have Any Role To Play In Driving Alcoa Corporation's (NYSE:AA) Stock Up Recently?,https://www.nasdaq.com/articles/do-its-financials-have-any-role-to-play-in-driving-alcoa-corporations-nyse%3Aaa-stock-up,Nasdaq,2021-09-10 00:00:00 UTC,AA
"XME, QCON: Big ETF Outflows",https://www.nasdaq.com/articles/xme-qcon%3A-big-etf-outflows-2021-09-08,Nasdaq,2021-09-08 00:00:00 UTC,AA
7 Aluminum Stocks to Buy as Prices Hit Decade Highs,https://www.nasdaq.com/articles/7-aluminum-stocks-to-buy-as-prices-hit-decade-highs-2021-09-08,Nasdaq,2021-09-08 00:00:00 UTC,AA
Why Alcoa Stock Is Soaring This Week and May Not Stop,https://www.nasdaq.com/articles/why-alcoa-stock-is-soaring-this-week-and-may-not-stop-2021-08-27,Nasdaq,2021-08-27 00:00:00 UTC,AA
One global aluminium producer seeks Q4 premiums of $230/T -sources,https://www.nasdaq.com/articles/one-global-aluminium-producer-seeks-q4-premiums-of-%24230-t-sources-2021-08-23,Nasdaq,2021-08-23 00:00:00 UTC,AA
What’s Behind The 80% Jump In Alcoa Stock?,https://www.nasdaq.com/articles/whats-behind-the-80-jump-in-alcoa-stock-2021-08-22,Nasdaq,2021-08-22 00:00:00 UTC,AA
White House withholds support of Democratic carbon border tax,https://www.nasdaq.com/articles/white-house-withholds-support-of-democratic-carbon-border-tax-2021-08-20-0,Nasdaq,2021-08-20 00:00:00 UTC,AA
White House withholds support of Democratic carbon border tax,https://www.nasdaq.com/articles/white-house-withholds-support-of-democratic-carbon-border-tax-2021-08-20,Nasdaq,2021-08-20 00:00:00 UTC,AA
Why Shares of Major Metals and Mining Stocks Melted This Week,https://www.nasdaq.com/articles/why-shares-of-major-metals-and-mining-stocks-melted-this-week-2021-08-20,Nasdaq,2021-08-20 00:00:00 UTC,AA
Why Alcoa Stock Plunged Today,https://www.nasdaq.com/articles/why-alcoa-stock-plunged-today-2021-08-19,Nasdaq,2021-08-19 00:00:00 UTC,AA
Alcoa Reaches Analyst Target Price,https://www.nasdaq.com/articles/alcoa-reaches-analyst-target-price-2021-08-12,Nasdaq,2021-08-12 00:00:00 UTC,AA
"XME, MP, CENX, AA: ETF Inflow Alert",https://www.nasdaq.com/articles/xme-mp-cenx-aa%3A-etf-inflow-alert-2021-08-06,Nasdaq,2021-08-06 00:00:00 UTC,AA
7 Materials Stocks Ready to Supply the Infrastructure Boom,https://www.nasdaq.com/articles/7-materials-stocks-ready-to-supply-the-infrastructure-boom-2021-08-06,Nasdaq,2021-08-06 00:00:00 UTC,AA
Why This Metal Stock Plunged 19% Amid a Commodities Boom,https://www.nasdaq.com/articles/why-this-metal-stock-plunged-19-amid-a-commodities-boom-2021-08-05,Nasdaq,2021-08-05 00:00:00 UTC,AA
The Top 10 Stocks to Buy According to Analysts,https://www.nasdaq.com/articles/the-top-10-stocks-to-buy-according-to-analysts-2021-08-04,Nasdaq,2021-08-04 00:00:00 UTC,AA
7 Infrastructure Stocks to Buy as America Rebuilds,https://www.nasdaq.com/articles/7-infrastructure-stocks-to-buy-as-america-rebuilds-2021-08-02,Nasdaq,2021-08-02 00:00:00 UTC,AA
"Noteworthy Monday Option Activity: AA, STZ, AAL",https://www.nasdaq.com/articles/noteworthy-monday-option-activity%3A-aa-stz-aal-2021-07-26,Nasdaq,2021-07-26 00:00:00 UTC,AA
COLUMN-Aluminium producers struggle to respond to higher prices: Andy Home,https://www.nasdaq.com/articles/column-aluminium-producers-struggle-to-respond-to-higher-prices%3A-andy-home-2021-07-26,Nasdaq,2021-07-25 00:00:00 UTC,AA
Why Alcoa Stock Is Soaring This Week,https://www.nasdaq.com/articles/why-alcoa-stock-is-soaring-this-week-2021-07-23,Nasdaq,2021-07-23 00:00:00 UTC,AA
"XME, MP, RGLD, AA: ETF Outflow Alert",https://www.nasdaq.com/articles/xme-mp-rgld-aa%3A-etf-outflow-alert-2021-07-23,Nasdaq,2021-07-23 00:00:00 UTC,AA
Why Kaiser Aluminum Stock Slumped Today Despite 169% Sales Growth,https://www.nasdaq.com/articles/why-kaiser-aluminum-stock-slumped-today-despite-169-sales-growth-2021-07-22,Nasdaq,2021-07-22 00:00:00 UTC,AA
Why Alcoa Stock Popped Today,https://www.nasdaq.com/articles/why-alcoa-stock-popped-today-2021-07-20,Nasdaq,2021-07-20 00:00:00 UTC,AA
Shares of AA Now Oversold,https://www.nasdaq.com/articles/shares-of-aa-now-oversold-2021-07-19,Nasdaq,2021-07-19 00:00:00 UTC,AA
Wall Street Has High Hopes for These 2 Unsung Stocks,https://www.nasdaq.com/articles/wall-street-has-high-hopes-for-these-2-unsung-stocks-2021-07-16,Nasdaq,2021-07-16 00:00:00 UTC,AA
"Noteworthy Friday Option Activity: AA, TXG, SPOT",https://www.nasdaq.com/articles/noteworthy-friday-option-activity%3A-aa-txg-spot-2021-07-16,Nasdaq,2021-07-16 00:00:00 UTC,AA
"After-Hours Earnings Report for July 15, 2021 : WAL, PBCT, AA, VLRS, MRTN",https://www.nasdaq.com/articles/after-hours-earnings-report-for-july-15-2021-%3A-wal-pbct-aa-vlrs-mrtn-2021-07-15,Nasdaq,2021-07-15 00:00:00 UTC,AA
Thursday's ETF with Unusual Volume: FYT,https://www.nasdaq.com/articles/thursdays-etf-with-unusual-volume%3A-fyt-2021-07-15,Nasdaq,2021-07-15 00:00:00 UTC,AA
Alcoa (AA) Q2 Earnings: What to Expect,https://www.nasdaq.com/articles/alcoa-aa-q2-earnings%3A-what-to-expect-2021-07-15,Nasdaq,2021-07-15 00:00:00 UTC,AA
What’s Next For Alcoa Stock After Its 50% Rally?,https://www.nasdaq.com/articles/whats-next-for-alcoa-stock-after-its-50-rally-2021-07-14,Nasdaq,2021-07-14 00:00:00 UTC,AA
Alcoa (NYSE:AA) Takes On Some Risk With Its Use Of Debt,https://www.nasdaq.com/articles/alcoa-nyse%3Aaa-takes-on-some-risk-with-its-use-of-debt-2021-07-12,Nasdaq,2021-07-12 00:00:00 UTC,AA
"Weekly Preview: Earnings to Watch This Week (AA, JPM, PEP, WFC)",https://www.nasdaq.com/articles/weekly-preview%3A-earnings-to-watch-this-week-aa-jpm-pep-wfc-2021-07-11,Nasdaq,2021-07-11 00:00:00 UTC,AA
3 Industrial Stocks To Watch In July 2021,https://www.nasdaq.com/articles/3-industrial-stocks-to-watch-in-july-2021-2021-06-30,Nasdaq,2021-06-30 00:00:00 UTC,AA
Why Falling Homebuilder Stocks Look Like a Buy,https://www.nasdaq.com/articles/why-falling-homebuilder-stocks-look-like-a-buy-2021-06-23,Nasdaq,2021-06-23 00:00:00 UTC,AA
Fed Chair's Testimony to Support Inflation Trades: Here’s One Stock to Consider,https://www.nasdaq.com/articles/fed-chairs-testimony-to-support-inflation-trades%3A-heres-one-stock-to-consider-2021-06-22,Nasdaq,2021-06-22 00:00:00 UTC,AA
We Did The Math IYM Can Go To $142,https://www.nasdaq.com/articles/we-did-the-math-iym-can-go-to-%24142-2021-06-21,Nasdaq,2021-06-21 00:00:00 UTC,AA
Alcoa (AA) Shares Enter Oversold Territory,https://www.nasdaq.com/articles/alcoa-aa-shares-enter-oversold-territory-2021-06-18,Nasdaq,2021-06-18 00:00:00 UTC,AA
Why AMC Stock Popped But Express and Alcoa Stocks Dropped This Week,https://www.nasdaq.com/articles/why-amc-stock-popped-but-express-and-alcoa-stocks-dropped-this-week-2021-06-18,Nasdaq,2021-06-18 00:00:00 UTC,AA
Alcoa details plans to cut carbon emissions from making alumina,https://www.nasdaq.com/articles/alcoa-details-plans-to-cut-carbon-emissions-from-making-alumina-2021-06-17,Nasdaq,2021-06-17 00:00:00 UTC,AA
"Noteworthy Tuesday Option Activity: SWBI, AA, HIG",https://www.nasdaq.com/articles/noteworthy-tuesday-option-activity%3A-swbi-aa-hig-2021-06-15,Nasdaq,2021-06-15 00:00:00 UTC,AA
July 30th Options Now Available For Alcoa (AA),https://www.nasdaq.com/articles/july-30th-options-now-available-for-alcoa-aa-2021-06-10,Nasdaq,2021-06-10 00:00:00 UTC,AA
"Pre-Market Most Active for Jun 10, 2021 : CLOV, WISH, IVR, CLNE, AMC, MDLY, AHT, CLF, XIN, FCEL, SQQQ, AAL",https://www.nasdaq.com/articles/pre-market-most-active-for-jun-10-2021-%3A-clov-wish-ivr-clne-amc-mdly-aht-clf-xin-fcel-sqqq,Nasdaq,2021-06-10 00:00:00 UTC,AA
"The Executive VP & General Counsel of Alcoa Corporation (NYSE:AA), Jeffrey Heeter, Just Sold 87% Of Their Holding",https://www.nasdaq.com/articles/the-executive-vp-general-counsel-of-alcoa-corporation-nyse%3Aaa-jeffrey-heeter-just-sold-87,Nasdaq,2021-06-06 00:00:00 UTC,AA
"XME, HL, STLD, AA: ETF Inflow Alert",https://www.nasdaq.com/articles/xme-hl-stld-aa%3A-etf-inflow-alert-2021-06-04,Nasdaq,2021-06-04 00:00:00 UTC,AA
Some Japan buyers agree to pay 24-25% higher Q3 aluminium premium of $185/T,https://www.nasdaq.com/articles/some-japan-buyers-agree-to-pay-24-25-higher-q3-aluminium-premium-of-%24185-t-2021-06-01-0,Nasdaq,2021-06-01 00:00:00 UTC,AA
Alcoa Corporation's (NYSE:AA) Intrinsic Value Is Potentially 94% Above Its Share Price,https://www.nasdaq.com/articles/alcoa-corporations-nyse%3Aaa-intrinsic-value-is-potentially-94-above-its-share-price-2021-05,Nasdaq,2021-05-30 00:00:00 UTC,AA
AA Crosses Above Average Analyst Target,https://www.nasdaq.com/articles/aa-crosses-above-average-analyst-target-2021-05-28,Nasdaq,2021-05-28 00:00:00 UTC,AA
Alcoa Stock Sheds 10% Of Its Value Within A Week – Here’s Why,https://www.nasdaq.com/articles/alcoa-stock-sheds-10-of-its-value-within-a-week-heres-why-2021-05-27,Nasdaq,2021-05-27 00:00:00 UTC,AA
One global aluminium producer seeks Q3 premiums of $185/T - sources,https://www.nasdaq.com/articles/one-global-aluminium-producer-seeks-q3-premiums-of-%24185-t-sources-2021-05-20,Nasdaq,2021-05-20 00:00:00 UTC,AA
Alcoa gets Australian grant for process to cut alumina emissions,https://www.nasdaq.com/articles/alcoa-gets-australian-grant-for-process-to-cut-alumina-emissions-2021-05-20,Nasdaq,2021-05-20 00:00:00 UTC,AA
"Noteworthy ETF Inflows: IWN, DAR, CLF, AA",https://www.nasdaq.com/articles/noteworthy-etf-inflows%3A-iwn-dar-clf-aa-2021-05-13,Nasdaq,2021-05-13 00:00:00 UTC,AA
Why C3.ai Stock Does Not Compute,https://www.nasdaq.com/articles/why-c3.ai-stock-does-not-compute-2021-05-12,Nasdaq,2021-05-12 00:00:00 UTC,AA
"Noteworthy Monday Option Activity: AA, FRO, JBHT",https://www.nasdaq.com/articles/noteworthy-monday-option-activity%3A-aa-fro-jbht-2021-05-10,Nasdaq,2021-05-10 00:00:00 UTC,AA
"US STOCKS-Dow reaches all-time high on commodity surge; S&P, Nasdaq drop",https://www.nasdaq.com/articles/us-stocks-dow-reaches-all-time-high-on-commodity-surge-sp-nasdaq-drop-2021-05-10,Nasdaq,2021-05-10 00:00:00 UTC,AA
"US STOCKS-S&P 500, Dow eye record open; materials, energy stocks rise",https://www.nasdaq.com/articles/us-stocks-sp-500-dow-eye-record-open-materials-energy-stocks-rise-2021-05-10,Nasdaq,2021-05-10 00:00:00 UTC,AA
"US STOCKS-S&P futures hover at record levels; materials, energy stocks rise",https://www.nasdaq.com/articles/us-stocks-sp-futures-hover-at-record-levels-materials-energy-stocks-rise-2021-05-10,Nasdaq,2021-05-10 00:00:00 UTC,AA
"Notable ETF Inflow Detected - XME, AA, ATI, CLF",https://www.nasdaq.com/articles/notable-etf-inflow-detected-xme-aa-ati-clf-2021-04-30,Nasdaq,2021-04-30 00:00:00 UTC,AA
Should Shareholders Reconsider Alcoa Corporation's (NYSE:AA) CEO Compensation Package?,https://www.nasdaq.com/articles/should-shareholders-reconsider-alcoa-corporations-nyse%3Aaa-ceo-compensation-package-2021-04,Nasdaq,2021-04-30 00:00:00 UTC,AA
June 11th Options Now Available For Alcoa (AA),https://www.nasdaq.com/articles/june-11th-options-now-available-for-alcoa-aa-2021-04-29,Nasdaq,2021-04-29 00:00:00 UTC,AA
What’s Behind 14% Rise In Alcoa Stock In A Week?,https://www.nasdaq.com/articles/whats-behind-14-rise-in-alcoa-stock-in-a-week-2021-04-21,Nasdaq,2021-04-21 00:00:00 UTC,AA
Alcoa Delivers Record 1Q Results As Higher Aluminum Prices Fuel Sales,https://www.nasdaq.com/articles/alcoa-delivers-record-1q-results-as-higher-aluminum-prices-fuel-sales-2021-04-19,Nasdaq,2021-04-19 00:00:00 UTC,AA
"5 Top Stock Trades for Monday: BA, MS, WMT, AA, KO",https://www.nasdaq.com/articles/5-top-stock-trades-for-monday%3A-ba-ms-wmt-aa-ko-2021-04-16,Nasdaq,2021-04-16 00:00:00 UTC,AA
Why Alcoa Stock Just Popped,https://www.nasdaq.com/articles/why-alcoa-stock-just-popped-2021-04-16,Nasdaq,2021-04-16 00:00:00 UTC,AA
Alcoa (AA) 1st Quarter Earnings: What to Expect,https://www.nasdaq.com/articles/alcoa-aa-1st-quarter-earnings%3A-what-to-expect-2021-04-15,Nasdaq,2021-04-15 00:00:00 UTC,AA
Alcoa Corp. Q1 adjusted earnings Beat Estimates,https://www.nasdaq.com/articles/alcoa-corp.-q1-adjusted-earnings-beat-estimates-2021-04-15,Nasdaq,2021-04-15 00:00:00 UTC,AA
Alcoa Q1 Profit Trumps Street View As Aluminum Shipments And Prices Rise,https://www.nasdaq.com/articles/alcoa-q1-profit-trumps-street-view-as-aluminum-shipments-and-prices-rise-2021-04-15,Nasdaq,2021-04-15 00:00:00 UTC,AA
Alcoa Corporation (AA) Q1 2021 Earnings Call Transcript,https://www.nasdaq.com/articles/alcoa-corporation-aa-q1-2021-earnings-call-transcript-2021-04-16,Nasdaq,2021-04-15 00:00:00 UTC,AA
These 2 Earnings Reports Hold the Secret to the Stock Market's Future,https://www.nasdaq.com/articles/these-2-earnings-reports-hold-the-secret-to-the-stock-markets-future-2021-04-15,Nasdaq,2021-04-15 00:00:00 UTC,AA
"Why Alcoa, United States Steel, and Freeport-McMoRan Stocks Surged Today",https://www.nasdaq.com/articles/why-alcoa-united-states-steel-and-freeport-mcmoran-stocks-surged-today-2021-04-14,Nasdaq,2021-04-14 00:00:00 UTC,AA
"Noteworthy Wednesday Option Activity: PMT, CRWD, AA",https://www.nasdaq.com/articles/noteworthy-wednesday-option-activity%3A-pmt-crwd-aa-2021-04-14,Nasdaq,2021-04-14 00:00:00 UTC,AA
"Weekly Preview: Earnings to Watch This Week (AA, PEP, JPM, WFC)",https://www.nasdaq.com/articles/weekly-preview%3A-earnings-to-watch-this-week-aa-pep-jpm-wfc-2021-04-11,Nasdaq,2021-04-11 00:00:00 UTC,AA
"Select Sector SPDR’s U.S. Market Weekly Summary – April 9, 2021",https://www.nasdaq.com/articles/select-sector-spdrs-u.s.-market-weekly-summary-april-9-2021-2021-04-09,Nasdaq,2021-04-09 00:00:00 UTC,AA
Interesting AA Put And Call Options For May 28th,https://www.nasdaq.com/articles/interesting-aa-put-and-call-options-for-may-28th-2021-04-08,Nasdaq,2021-04-08 00:00:00 UTC,AA
What Kind Of Shareholders Hold The Majority In Alcoa Corporation's (NYSE:AA) Shares?,https://www.nasdaq.com/articles/what-kind-of-shareholders-hold-the-majority-in-alcoa-corporations-nyse%3Aaa-shares-2021-04,Nasdaq,2021-04-06 00:00:00 UTC,AA
This 1 Thing Will Make or Break the Stock Market Rally,https://www.nasdaq.com/articles/this-1-thing-will-make-or-break-the-stock-market-rally-2021-04-05,Nasdaq,2021-04-05 00:00:00 UTC,AA
"Alcoa Completes Sale Of Rolling Mill, Associated Assets Near Evansville",https://www.nasdaq.com/articles/alcoa-completes-sale-of-rolling-mill-associated-assets-near-evansville-2021-04-01,Nasdaq,2021-04-01 00:00:00 UTC,AA
EU imposes tariffs on Chinese aluminium producers,https://www.nasdaq.com/articles/eu-imposes-tariffs-on-chinese-aluminium-producers-2021-03-30,Nasdaq,2021-03-30 00:00:00 UTC,AA
"Notable Friday Option Activity: DISCA, AA, CODX",https://www.nasdaq.com/articles/notable-friday-option-activity%3A-disca-aa-codx-2021-03-26,Nasdaq,2021-03-26 00:00:00 UTC,AA
3 Booming Metal Stocks to Buy for the Infrastructure Bill,https://www.nasdaq.com/articles/3-booming-metal-stocks-to-buy-for-the-infrastructure-bill-2021-03-26,Nasdaq,2021-03-26 00:00:00 UTC,AA
Schaeffer's Senior V.P. of Research on Small-Caps,https://www.nasdaq.com/articles/schaeffers-senior-v.p.-of-research-on-small-caps-2021-03-26,Nasdaq,2021-03-26 00:00:00 UTC,AA
May 7th Options Now Available For Alcoa Corporation (AA),https://www.nasdaq.com/articles/may-7th-options-now-available-for-alcoa-corporation-aa-2021-03-25,Nasdaq,2021-03-25 00:00:00 UTC,AA
Why Alcoa Stock Just Popped Again,https://www.nasdaq.com/articles/why-alcoa-stock-just-popped-again-2021-03-24,Nasdaq,2021-03-24 00:00:00 UTC,AA
Alcoa To Supply Sustainable Aluminum For Wheels On Audi E-tron GT,https://www.nasdaq.com/articles/alcoa-to-supply-sustainable-aluminum-for-wheels-on-audi-e-tron-gt-2021-03-23,Nasdaq,2021-03-23 00:00:00 UTC,AA
Should You Hold On To Alcoa Stock After 9% Rally Last Week?,https://www.nasdaq.com/articles/should-you-hold-on-to-alcoa-stock-after-9-rally-last-week-2021-03-18,Nasdaq,2021-03-18 00:00:00 UTC,AA
Alcoa signs electricity deals for Portland aluminium smelter,https://www.nasdaq.com/articles/alcoa-signs-electricity-deals-for-portland-aluminium-smelter-2021-03-18,Nasdaq,2021-03-18 00:00:00 UTC,AA
Alcoa Australian smelter wins new lifeline to 2026,https://www.nasdaq.com/articles/alcoa-australian-smelter-wins-new-lifeline-to-2026-2021-03-18,Nasdaq,2021-03-18 00:00:00 UTC,AA
Wall Street Roundup: Bullish & Bearish Calls Of The Day,https://www.nasdaq.com/articles/wall-street-roundup%3A-bullish-bearish-calls-of-the-day-2021-03-17,Nasdaq,2021-03-17 00:00:00 UTC,AA
Interesting AA Put And Call Options For April 30th,https://www.nasdaq.com/articles/interesting-aa-put-and-call-options-for-april-30th-2021-03-11,Nasdaq,2021-03-11 00:00:00 UTC,AA
Platts to launch 'green' aluminium prices in April,https://www.nasdaq.com/articles/platts-to-launch-green-aluminium-prices-in-april-2021-03-05,Nasdaq,2021-03-05 00:00:00 UTC,AA
Reliance Steel & Aluminum Stock At All-Time High – Time To Exit?,https://www.nasdaq.com/articles/reliance-steel-aluminum-stock-at-all-time-high-time-to-exit-2021-03-04,Nasdaq,2021-03-04 00:00:00 UTC,AA
"Noteworthy Wednesday Option Activity: SPNS, AA, MIK",https://www.nasdaq.com/articles/noteworthy-wednesday-option-activity%3A-spns-aa-mik-2021-03-03,Nasdaq,2021-03-03 00:00:00 UTC,AA
Why Alcoa Stock Just Popped,https://www.nasdaq.com/articles/why-alcoa-stock-just-popped-2021-03-03,Nasdaq,2021-03-03 00:00:00 UTC,AA
COLUMN-Time to forget tariffs and reset U.S. aluminium policy: Andy Home,https://www.nasdaq.com/articles/column-time-to-forget-tariffs-and-reset-u.s.-aluminium-policy%3A-andy-home-2021-02-21,Nasdaq,2021-02-21 00:00:00 UTC,AA
COLUMN-Time to forget tariffs and reset U.S. aluminium policy: Andy Home,https://www.nasdaq.com/articles/column-time-to-forget-tariffs-and-reset-u.s.-aluminium-policy%3A-andy-home-2021-02-19,Nasdaq,2021-02-19 00:00:00 UTC,AA
April 1st Options Now Available For Alcoa (AA),https://www.nasdaq.com/articles/april-1st-options-now-available-for-alcoa-aa-2021-02-11,Nasdaq,2021-02-11 00:00:00 UTC,AA
Rio Tinto beefs up dispute resolution team for Guinean bauxite,https://www.nasdaq.com/articles/rio-tinto-beefs-up-dispute-resolution-team-for-guinean-bauxite-2021-02-11,Nasdaq,2021-02-11 00:00:00 UTC,AA
March 12th Options Now Available For Alcoa (AA),https://www.nasdaq.com/articles/march-12th-options-now-available-for-alcoa-aa-2021-01-28,Nasdaq,2021-01-28 00:00:00 UTC,AA
Alcoa Stock Drops 18% In A Week – What Should You Know?,https://www.nasdaq.com/articles/alcoa-stock-drops-18-in-a-week-what-should-you-know-2021-01-27,Nasdaq,2021-01-26 00:00:00 UTC,AA
Alcoa Stock Getting Very Oversold,https://www.nasdaq.com/articles/alcoa-stock-getting-very-oversold-2021-01-22,Nasdaq,2021-01-22 00:00:00 UTC,AA
Why Alcoa Stock Fell as Much as 11% Today,https://www.nasdaq.com/articles/why-alcoa-stock-fell-as-much-as-11-today-2021-01-21,Nasdaq,2021-01-21 00:00:00 UTC,AA
AA March 5th Options Begin Trading,https://www.nasdaq.com/articles/aa-march-5th-options-begin-trading-2021-01-21,Nasdaq,2021-01-21 00:00:00 UTC,AA
Alcoa Corporation (AA) Q4 2020 Earnings Call Transcript,https://www.nasdaq.com/articles/alcoa-corporation-aa-q4-2020-earnings-call-transcript-2021-01-21,Nasdaq,2021-01-21 00:00:00 UTC,AA
"Noteworthy Wednesday Option Activity: CAR, OSPN, AA",https://www.nasdaq.com/articles/noteworthy-wednesday-option-activity%3A-car-ospn-aa-2021-01-20,Nasdaq,2021-01-20 00:00:00 UTC,AA
Alcoa Q4 20 Earnings Conference Call At 5:00 PM ET,https://www.nasdaq.com/articles/alcoa-q4-20-earnings-conference-call-at-5%3A00-pm-et-2021-01-20,Nasdaq,2021-01-20 00:00:00 UTC,AA
Alcoa Q4 Earnings Beat Street View,https://www.nasdaq.com/articles/alcoa-q4-earnings-beat-street-view-2021-01-20,Nasdaq,2021-01-20 00:00:00 UTC,AA
"Notable Thursday Option Activity: PINS, SKX, AA",https://www.nasdaq.com/articles/notable-thursday-option-activity%3A-pins-skx-aa-2021-01-07,Nasdaq,2021-01-07 00:00:00 UTC,AA
Bauxite shipping firm Winning quits international aluminium body,https://www.nasdaq.com/articles/bauxite-shipping-firm-winning-quits-international-aluminium-body-2021-01-05,Nasdaq,2021-01-05 00:00:00 UTC,AA
February 2021 Options Now Available For Alcoa (AA),https://www.nasdaq.com/articles/february-2021-options-now-available-for-alcoa-aa-2020-12-31,Nasdaq,2020-12-31 00:00:00 UTC,AA
Watch These Aerospace ETFs with the Boeing 737 MAX Back in Flight,https://www.nasdaq.com/articles/watch-these-aerospace-etfs-with-the-boeing-737-max-back-in-flight-2020-12-30,Nasdaq,2020-12-30 00:00:00 UTC,AA
Alcoa Stock Looks Overvalued After 300% Recovery,https://www.nasdaq.com/articles/alcoa-stock-looks-overvalued-after-300-recovery-2020-12-15,Nasdaq,2020-12-15 00:00:00 UTC,AA
"Friday's ETF Movers: TAN, XME",https://www.nasdaq.com/articles/fridays-etf-movers%3A-tan-xme-2020-12-11,Nasdaq,2020-12-11 00:00:00 UTC,AA
3 Big Reasons Alcoa Stock Shot Up 54% in November,https://www.nasdaq.com/articles/3-big-reasons-alcoa-stock-shot-up-54-in-november-2020-12-08,Nasdaq,2020-12-08 00:00:00 UTC,AA
"Why U.S. Steel, Alcoa, and Companhia Siderurgica Stocks Are Surging Today",https://www.nasdaq.com/articles/why-u.s.-steel-alcoa-and-companhia-siderurgica-stocks-are-surging-today-2020-12-04,Nasdaq,2020-12-04 00:00:00 UTC,AA
AA January 2021 Options Begin Trading,https://www.nasdaq.com/articles/aa-january-2021-options-begin-trading-2020-12-03,Nasdaq,2020-12-03 00:00:00 UTC,AA
"Notable Tuesday Option Activity: UA, AA, SPLK",https://www.nasdaq.com/articles/notable-tuesday-option-activity%3A-ua-aa-splk-2020-12-01,Nasdaq,2020-12-01 00:00:00 UTC,AA
Why Alcoa and Kaiser Aluminum Are Both Soaring Higher Today,https://www.nasdaq.com/articles/why-alcoa-and-kaiser-aluminum-are-both-soaring-higher-today-2020-12-01,Nasdaq,2020-12-01 00:00:00 UTC,AA
Alcoa To Sell Rolling Mill Business To Kaiser Aluminum For About $670 Mln,https://www.nasdaq.com/articles/alcoa-to-sell-rolling-mill-business-to-kaiser-aluminum-for-about-%24670-mln-2020-11-30,Nasdaq,2020-11-30 00:00:00 UTC,AA
Alcoa Stock Up 145% – More Gains On The Way,https://www.nasdaq.com/articles/alcoa-stock-up-145-more-gains-on-the-way-2020-10-28,Nasdaq,2020-10-28 00:00:00 UTC,AA
"Pre-Market Most Active for Oct 27, 2020 : AMD, SPI, XLNX, SAP, FE, IFF, ET, AAPL, NIO, CCL, QQQ, AAL",https://www.nasdaq.com/articles/pre-market-most-active-for-oct-27-2020-%3A-amd-spi-xlnx-sap-fe-iff-et-aapl-nio-ccl-qqq-aal,Nasdaq,2020-10-27 00:00:00 UTC,AA
Big Bank Earnings Recap,https://www.nasdaq.com/articles/big-bank-earnings-recap-2020-10-22,Nasdaq,2020-10-22 00:00:00 UTC,AA
"After 70% Rise, Having Alcoa In Your Portfolio May Not Make Sense",https://www.nasdaq.com/articles/after-70-rise-having-alcoa-in-your-portfolio-may-not-make-sense-2020-10-21,Nasdaq,2020-10-21 00:00:00 UTC,AA
Stock Alert: Alcoa Slips 10% On Q4 Outlook,https://www.nasdaq.com/articles/stock-alert%3A-alcoa-slips-10-on-q4-outlook-2020-10-15,Nasdaq,2020-10-15 00:00:00 UTC,AA
Why Shares of Alcoa Are Falling Today,https://www.nasdaq.com/articles/why-shares-of-alcoa-are-falling-today-2020-10-15,Nasdaq,2020-10-15 00:00:00 UTC,AA
Alcoa Corp. Q3 adjusted earnings Beat Estimates,https://www.nasdaq.com/articles/alcoa-corp.-q3-adjusted-earnings-beat-estimates-2020-10-14,Nasdaq,2020-10-14 00:00:00 UTC,AA
"After-Hours Earnings Report for October 14, 2020 : UAL, AA, SNBR, HCCI",https://www.nasdaq.com/articles/after-hours-earnings-report-for-october-14-2020-%3A-ual-aa-snbr-hcci-2020-10-14,Nasdaq,2020-10-14 00:00:00 UTC,AA
Alcoa Q3 20 Earnings Conference Call At 5:00 PM ET,https://www.nasdaq.com/articles/alcoa-q3-20-earnings-conference-call-at-5%3A00-pm-et-2020-10-14,Nasdaq,2020-10-14 00:00:00 UTC,AA
Alcoa Corporation (AA) Q3 2020 Earnings Call Transcript,https://www.nasdaq.com/articles/alcoa-corporation-aa-q3-2020-earnings-call-transcript-2020-10-15,Nasdaq,2020-10-14 00:00:00 UTC,AA
EU imposes tariffs on aluminium products from China,https://www.nasdaq.com/articles/eu-imposes-tariffs-on-aluminium-products-from-china-2020-10-13,Nasdaq,2020-10-13 00:00:00 UTC,AA
Alcoa To Curtail San Ciprián Aluminum Smelter In Spain; To Affect 530 Jobs - Quick Facts,https://www.nasdaq.com/articles/alcoa-to-curtail-san-ciprian-aluminum-smelter-in-spain-to-affect-530-jobs-quick-facts-2020,Nasdaq,2020-10-09 00:00:00 UTC,AA
"BUZZ-U.S. STOCKS ON THE MOVE-GE, Mallinckrodt, Just Energy, cannabis stocks, VivoPower International",https://www.nasdaq.com/articles/buzz-u.s.-stocks-on-the-move-ge-mallinckrodt-just-energy-cannabis-stocks-vivopower,Nasdaq,2020-10-09 00:00:00 UTC,AA
"BUZZ-U.S. STOCKS ON THE MOVE-Mallinckrodt, Ebay, VivoPower International, Just Energy, Xilinx",https://www.nasdaq.com/articles/buzz-u.s.-stocks-on-the-move-mallinckrodt-ebay-vivopower-international-just-energy-xilinx,Nasdaq,2020-10-09 00:00:00 UTC,AA
Alcoa’s Stock Up 125% In 6 Months; Upside Still Remains,https://www.nasdaq.com/articles/alcoas-stock-up-125-in-6-months-upside-still-remains-2020-09-24,Nasdaq,2020-09-24 00:00:00 UTC,AA
Alcoa Expands Sustana Line Of Products By Adding Low-carbon EcoSource Alumina - Quick Facts,https://www.nasdaq.com/articles/alcoa-expands-sustana-line-of-products-by-adding-low-carbon-ecosource-alumina-quick-facts,Nasdaq,2020-09-23 00:00:00 UTC,AA
Alcoa (AA) Shares Enter Oversold Territory,https://www.nasdaq.com/articles/alcoa-aa-shares-enter-oversold-territory-2020-09-21,Nasdaq,2020-09-21 00:00:00 UTC,AA
How Trump Sent Alcoa Stock Soaring 12.5% in August,https://www.nasdaq.com/articles/how-trump-sent-alcoa-stock-soaring-12.5-in-august-2020-09-07,Nasdaq,2020-09-07 00:00:00 UTC,AA
COLUMN-Politics trumps aluminium as U.S. reimposes Canadian tariffs: Andy Home,https://www.nasdaq.com/articles/column-politics-trumps-aluminium-as-u.s.-reimposes-canadian-tariffs%3A-andy-home-2020-08-16,Nasdaq,2020-08-16 00:00:00 UTC,AA
COLUMN-Politics trumps aluminium as U.S. reimposes Canadian tariffs: Andy Home,https://www.nasdaq.com/articles/column-politics-trumps-aluminium-as-u.s.-reimposes-canadian-tariffs%3A-andy-home-2020-08-14,Nasdaq,2020-08-14 00:00:00 UTC,AA
Interesting AA Put And Call Options For October 2nd,https://www.nasdaq.com/articles/interesting-aa-put-and-call-options-for-october-2nd-2020-08-13,Nasdaq,2020-08-13 00:00:00 UTC,AA
Aluminium sector struggles to adopt common standards to cut emissions,https://www.nasdaq.com/articles/aluminium-sector-struggles-to-adopt-common-standards-to-cut-emissions-2020-08-12,Nasdaq,2020-08-12 00:00:00 UTC,AA
"Why Alcoa Stock Rose Today, But Shopify and Zoom Video Shares Dropped",https://www.nasdaq.com/articles/why-alcoa-stock-rose-today-but-shopify-and-zoom-video-shares-dropped-2020-08-10,Nasdaq,2020-08-10 00:00:00 UTC,AA
"Trump reimposes tariffs on raw Canadian aluminum, says needs to defend U.S. industry",https://www.nasdaq.com/articles/trump-reimposes-tariffs-on-raw-canadian-aluminum-says-needs-to-defend-u.s.-industry-2020,Nasdaq,2020-08-06 00:00:00 UTC,AA
Alcoa Issues Update On Consultation With San Ciprin Works Council,https://www.nasdaq.com/articles/alcoa-issues-update-on-consultation-with-san-ciprin-works-council-2020-08-06,Nasdaq,2020-08-06 00:00:00 UTC,AA
Why Alcoa Stock Rallied 15% in July,https://www.nasdaq.com/articles/why-alcoa-stock-rallied-15-in-july-2020-08-06,Nasdaq,2020-08-06 00:00:00 UTC,AA
"S&P 500 Gains 21 Points: Disney and CVS Health Earnings, American Airlines and Boeing Stocks Rally",https://www.nasdaq.com/articles/sp-500-gains-21-points%3A-disney-and-cvs-health-earnings-american-airlines-and-boeing-stocks,Nasdaq,2020-08-05 00:00:00 UTC,AA
AA Crosses Above Key Moving Average Level,https://www.nasdaq.com/articles/aa-crosses-above-key-moving-average-level-2020-08-05,Nasdaq,2020-08-05 00:00:00 UTC,AA
"Freeport's Q1 Earnings Top, Profit Falls - Analyst Blog",https://www.nasdaq.com/articles/freeports-q1-earnings-top-profit-falls-analyst-blog-2014-04-25,Nasdaq,2014-04-25 00:00:00 UTC,AA
"Notable ETF Inflow Detected - RPV, AA, WLP, VLO",https://www.nasdaq.com/articles/notable-etf-inflow-detected-rpv-aa-wlp-vlo-2014-04-21,Nasdaq,2014-04-21 00:00:00 UTC,AA
Alcoa Strikes New 52-Week High - Analyst Blog,https://www.nasdaq.com/articles/alcoa-strikes-new-52-week-high-analyst-blog-2014-04-21,Nasdaq,2014-04-21 00:00:00 UTC,AA
"#PreMarket Primer: Thursday, April 17: Violence In Ukraine Could Deter Thursday's Negotiations",https://www.nasdaq.com/articles/premarket-primer-thursday-april-17-violence-ukraine-could-deter-thursdays-negotiations,Nasdaq,2014-04-17 00:00:00 UTC,AA
"After Hours Most Active for Apr 17, 2014 : UMPQ, BAC, FB, AA, SGMS, QQQ, AMD, ITUB, PBR, RGEN, PBCT",https://www.nasdaq.com/articles/after-hours-most-active-apr-17-2014-umpq-bac-fb-aa-sgms-qqq-amd-itub-pbr-rgen-pbct-2014-04,Nasdaq,2014-04-17 00:00:00 UTC,AA
Why Alcoa (AA) Stock Might be a Great Pick - Tale of the Tape,https://www.nasdaq.com/articles/why-alcoa-aa-stock-might-be-a-great-pick-tale-of-the-tape-2014-04-16,Nasdaq,2014-04-16 00:00:00 UTC,AA
"Tuesday 4/15 Insider Buying Report: FLXS, AA",https://www.nasdaq.com/articles/tuesday-415-insider-buying-report-flxs-aa-2014-04-15,Nasdaq,2014-04-15 00:00:00 UTC,AA
Wall Street braces for uncertain earnings season,https://www.nasdaq.com/articles/wall-street-braces-uncertain-earnings-season-2014-04-14,Nasdaq,2014-04-14 00:00:00 UTC,AA
"#PreMarket Primer: Friday, April 11: Tension Between The West And Russia Escalates With Threats Of Energy Supply Interruptions",https://www.nasdaq.com/articles/premarket-primer-friday-april-11-tension-between-west-and-russia-escalates-threats-energy,Nasdaq,2014-04-11 00:00:00 UTC,AA
"Stock Market News for April 10, 2014 - Market News",https://www.nasdaq.com/articles/stock-market-news-for-april-10-2014-market-news-2014-04-10,Nasdaq,2014-04-10 00:00:00 UTC,AA
H-P to Pay $108M to DOJ and SEC - Analyst Blog,https://www.nasdaq.com/articles/h-p-to-pay-%24108m-to-doj-and-sec-analyst-blog-2014-04-10,Nasdaq,2014-04-10 00:00:00 UTC,AA
Alcoa Earnings Preview: Low Aluminum Prices Will Weigh On Results,https://www.nasdaq.com/articles/alcoa-earnings-preview-low-aluminum-prices-will-weigh-results-2014-04-10,Nasdaq,2014-04-10 00:00:00 UTC,AA
"Midday Update: Stocks Continue Modest Rebound, Buoyed By Positive Earnings, FOMC Minutes",https://www.nasdaq.com/articles/midday-update-stocks-continue-modest-rebound-buoyed-positive-earnings-fomc-minutes-2014-04,Nasdaq,2014-04-09 00:00:00 UTC,AA
Stocks Gain as Minutes Indicate FOMC To Remain Accommodative,https://www.nasdaq.com/articles/stocks-gain-minutes-indicate-fomc-remain-accommodative-2014-04-09,Nasdaq,2014-04-09 00:00:00 UTC,AA
Asian ADRs Rise on Broad Market Push Following U.S. Earnings,https://www.nasdaq.com/articles/asian-adrs-rise-broad-market-push-following-us-earnings-2014-04-09,Nasdaq,2014-04-09 00:00:00 UTC,AA
Guggenheim S&P 500 Pure Value ETF Experiences Big Inflow,https://www.nasdaq.com/articles/guggenheim-sp-500-pure-value-etf-experiences-big-inflow-2014-04-09,Nasdaq,2014-04-09 00:00:00 UTC,AA
Alcoa Rises as Q1 Earnings Top - Analyst Blog,https://www.nasdaq.com/articles/alcoa-rises-as-q1-earnings-top-analyst-blog-2014-04-09,Nasdaq,2014-04-09 00:00:00 UTC,AA
"Pre-Market Most Active for Apr 9, 2014 : NOK, FB, SIRI, AA, VZ, QQQ, SNY, BAC, GM, HALO, VOD, FCEL",https://www.nasdaq.com/articles/pre-market-most-active-apr-9-2014-nok-fb-siri-aa-vz-qqq-sny-bac-gm-halo-vod-fcel-2014-04,Nasdaq,2014-04-09 00:00:00 UTC,AA
Sector Update: Financial Shares Higher Pre-Market; Consumer Portfolio up 6% on Q1 Results,https://www.nasdaq.com/articles/sector-update-financial-shares-higher-pre-market-consumer-portfolio-6-q1-results-2014-04,Nasdaq,2014-04-09 00:00:00 UTC,AA
Sector Update: Financials,https://www.nasdaq.com/articles/sector-update-financials-2014-04-09,Nasdaq,2014-04-09 00:00:00 UTC,AA
"Futures Grind Higher But Cautious Before Earnings, FOMC Minutes",https://www.nasdaq.com/articles/futures-grind-higher-cautious-earnings-fomc-minutes-2014-04-09,Nasdaq,2014-04-09 00:00:00 UTC,AA
"#PreMarket Primer: Wednesday, April 9: John Kerry Accuses Russia Of Stirring Trouble In Ukraine",https://www.nasdaq.com/articles/premarket-primer-wednesday-april-9-john-kerry-accuses-russia-stirring-trouble-ukraine-2014,Nasdaq,2014-04-09 00:00:00 UTC,AA
"After Hours Most Active for Apr 8, 2014 : CX, AA, SPLS, SIRI, MYL, CMCSK, QQQ, CMCSA",https://www.nasdaq.com/articles/after-hours-most-active-apr-8-2014-cx-aa-spls-siri-myl-cmcsk-qqq-cmcsa-2014-04-08,Nasdaq,2014-04-08 00:00:00 UTC,AA
"Stock Market News for April 08, 2014 - Market News",https://www.nasdaq.com/articles/stock-market-news-for-april-08-2014-market-news-2014-04-08,Nasdaq,2014-04-08 00:00:00 UTC,AA
Momentum Stocks or a Momentum Market? - Ahead of Wall Street,https://www.nasdaq.com/articles/momentum-stocks-or-momentum-market-ahead-wall-street-2014-04-08,Nasdaq,2014-04-08 00:00:00 UTC,AA
Three Rules For Earnings Season,https://www.nasdaq.com/articles/three-rules-earnings-season-2014-04-08,Nasdaq,2014-04-08 00:00:00 UTC,AA
Shorts Historically See Bullish Trade off Alcoa's Earnings-Driven After-Hours Moves,https://www.nasdaq.com/articles/shorts-historically-see-bullish-trade-alcoas-earnings-driven-after-hours-moves-2014-04-08,Nasdaq,2014-04-08 00:00:00 UTC,AA
"#PreMarket Primer: Tuesday, April 8: Protests In Ukraine Worryingly Similar To What Happened In Crimea",https://www.nasdaq.com/articles/premarket-primer-tuesday-april-8-protests-ukraine-worryingly-similar-what-happened-crimea,Nasdaq,2014-04-08 00:00:00 UTC,AA
"Earnings Reaction History: Alcoa Inc., 50.0% Follow-Through Indicator, 3.1% Sensitive",https://www.nasdaq.com/articles/earnings-reaction-history-alcoa-inc-500-follow-through-indicator-31-sensitive-2014-04-08,Nasdaq,2014-04-08 00:00:00 UTC,AA
"After-Hours Earnings Report for April 8, 2014 : AA, WDFC, MG",https://www.nasdaq.com/articles/after-hours-earnings-report-april-8-2014-aa-wdfc-mg-2014-04-08,Nasdaq,2014-04-08 00:00:00 UTC,AA
Will Earnings Be the Catalyst? - Analyst Blog,https://www.nasdaq.com/articles/will-earnings-be-catalyst-analyst-blog-2014-04-08,Nasdaq,2014-04-08 00:00:00 UTC,AA
Closing Update: Markets End With Moderate Gains; Boosted by Positive IMF Economic Growth Forecast,https://www.nasdaq.com/articles/closing-update-markets-end-moderate-gains-boosted-positive-imf-economic-growth-forecast,Nasdaq,2014-04-08 00:00:00 UTC,AA
"Stocks Ease Higher, Led by the Tech Sector",https://www.nasdaq.com/articles/stocks-ease-higher-led-tech-sector-2014-04-08,Nasdaq,2014-04-08 00:00:00 UTC,AA
Will Earnings Be the Catalyst? - Ahead of Wall Street,https://www.nasdaq.com/articles/will-earnings-be-catalyst-ahead-wall-street-2014-04-07,Nasdaq,2014-04-07 00:00:00 UTC,AA
Earnings Expectations For The Week Of April 7: New Season Kicks Off,https://www.nasdaq.com/articles/earnings-expectations-week-april-7-new-season-kicks-2014-04-07,Nasdaq,2014-04-07 00:00:00 UTC,AA
Daily Stock Chart Analysis: Alcoa (NYSE: AA),https://www.nasdaq.com/articles/daily-stock-chart-analysis-alcoa-nyse-aa-2014-04-07,Nasdaq,2014-04-07 00:00:00 UTC,AA
"Week Ahead Market Report: April 7, 2014",https://www.nasdaq.com/articles/week-ahead-market-report-april-7-2014-2014-04-07,Nasdaq,2014-04-07 00:00:00 UTC,AA
Alcoa's Curtailment Of Brazilian Smelting Capacity Will Reduce Revenues,https://www.nasdaq.com/articles/alcoas-curtailment-brazilian-smelting-capacity-will-reduce-revenues-2014-04-07,Nasdaq,2014-04-07 00:00:00 UTC,AA
"Momentum Slide to Continue for Netflix, Facebook? - Analyst Blog",https://www.nasdaq.com/articles/momentum-slide-continue-netflix-facebook-analyst-blog-2014-04-07,Nasdaq,2014-04-07 00:00:00 UTC,AA
Will Q1 Earnings Be the Low Point for the Year? - Earnings Preview,https://www.nasdaq.com/articles/will-q1-earnings-be-low-point-year-earnings-preview-2014-04-04,Nasdaq,2014-04-04 00:00:00 UTC,AA
Taking Stock of the Q1 Earnings Season - Earnings Trends,https://www.nasdaq.com/articles/taking-stock-q1-earnings-season-earnings-trends-2014-04-03,Nasdaq,2014-04-03 00:00:00 UTC,AA
Taking Stock of the Q1 Earnings Season - Earnings Outlook,https://www.nasdaq.com/articles/taking-stock-q1-earnings-season-earnings-outlook-2014-04-03,Nasdaq,2014-04-03 00:00:00 UTC,AA
"S&P 500 Movers: AA, NEM",https://www.nasdaq.com/articles/sp-500-movers-aa-nem-2014-04-02,Nasdaq,2014-04-02 00:00:00 UTC,AA
Alcoa to Cut Capacity in Brazil - Analyst Blog,https://www.nasdaq.com/articles/alcoa-to-cut-capacity-in-brazil-analyst-blog-2014-03-31,Nasdaq,2014-03-31 00:00:00 UTC,AA
Monday's ETF with Unusual Volume: GNR,https://www.nasdaq.com/articles/mondays-etf-unusual-volume-gnr-2014-03-31,Nasdaq,2014-03-31 00:00:00 UTC,AA
Alcoa Gains on Launch of Lightweight Wheel - Analyst Blog,https://www.nasdaq.com/articles/alcoa-gains-on-launch-of-lightweight-wheel-analyst-blog-2014-03-28,Nasdaq,2014-03-28 00:00:00 UTC,AA
Will We Finally See Some Sunshine? - Earnings Preview,https://www.nasdaq.com/articles/will-we-finally-see-some-sunshine-earnings-preview-2014-03-28,Nasdaq,2014-03-28 00:00:00 UTC,AA
Will Micron (MU) Miss this Earnings Season? - Analyst Blog,https://www.nasdaq.com/articles/will-micron-mu-miss-this-earnings-season-analyst-blog-2014-03-28,Nasdaq,2014-03-28 00:00:00 UTC,AA
"S&P 500 Movers: ACN, BAX",https://www.nasdaq.com/articles/sp-500-movers-acn-bax-2014-03-27,Nasdaq,2014-03-27 00:00:00 UTC,AA
Prothena Surges on Clinical Data Hopes - Analyst Blog,https://www.nasdaq.com/articles/prothena-surges-on-clinical-data-hopes-analyst-blog-2014-03-20,Nasdaq,2014-03-20 00:00:00 UTC,AA
Alcoa's Preferred Stock Yield Pushes Past 4.5%,https://www.nasdaq.com/articles/alcoas-preferred-stock-yield-pushes-past-45-2014-03-20,Nasdaq,2014-03-20 00:00:00 UTC,AA
Alcoa Expands Wheel Plant in Hungary - Analyst Blog,https://www.nasdaq.com/articles/alcoa-expands-wheel-plant-in-hungary-analyst-blog-2014-03-18,Nasdaq,2014-03-18 00:00:00 UTC,AA
Q4 Earnings Season By the Numbers,https://www.nasdaq.com/articles/q4-earnings-season-numbers-2014-03-17,Nasdaq,2014-03-17 00:00:00 UTC,AA
"#PreMarket Primer: Friday, March 14: Ukraine Prepares For Armed Combat",https://www.nasdaq.com/articles/premarket-primer-friday-march-14-ukraine-prepares-armed-combat-2014-03-14,Nasdaq,2014-03-14 00:00:00 UTC,AA
"Notable ETF Outflow Detected - XME, ANV, RGLD, AA",https://www.nasdaq.com/articles/notable-etf-outflow-detected-xme-anv-rgld-aa-2014-03-13,Nasdaq,2014-03-13 00:00:00 UTC,AA
"After Hours Most Active for Mar 12, 2014 : CX, ERIC, CSCO, LB, AA, BPO, TMO, QQQ, AIG, MSFT, RFMD, XIV",https://www.nasdaq.com/articles/after-hours-most-active-mar-12-2014-cx-eric-csco-lb-aa-bpo-tmo-qqq-aig-msft-rfmd-xiv-2014,Nasdaq,2014-03-12 00:00:00 UTC,AA
Reminder: Alcoa $3.75 Preferred Stock Goes Ex-Dividend Soon,https://www.nasdaq.com/articles/reminder-alcoa-375-preferred-stock-goes-ex-dividend-soon-2014-03-10,Nasdaq,2014-03-10 00:00:00 UTC,AA
Alcoa Inks Deal for Quebec Smelters - Analyst Blog,https://www.nasdaq.com/articles/alcoa-inks-deal-for-quebec-smelters-analyst-blog-2014-02-26,Nasdaq,2014-02-26 00:00:00 UTC,AA
Wednesday's ETF with Unusual Volume: MXI,https://www.nasdaq.com/articles/wednesdays-etf-unusual-volume-mxi-2014-02-26,Nasdaq,2014-02-26 00:00:00 UTC,AA
"After Hours Most Active for Feb 25, 2014 : WEN, VZ, AA, PBR/A, FSLR, QQQ, SD, LBTYK, BSX, INTC, MSFT, CX",https://www.nasdaq.com/articles/after-hours-most-active-feb-25-2014-wen-vz-aa-pbra-fslr-qqq-sd-lbtyk-bsx-intc-msft-cx-2014,Nasdaq,2014-02-25 00:00:00 UTC,AA
Interesting July Stock Options for AA,https://www.nasdaq.com/articles/interesting-july-stock-options-aa-2014-02-24,Nasdaq,2014-02-24 00:00:00 UTC,AA
Alcoa May Be Poised To Really... Here's Why,https://www.nasdaq.com/articles/alcoa-may-be-poised-really-heres-why-2014-02-19,Nasdaq,2014-02-19 00:00:00 UTC,AA
Alcoa Closing Point Henry Smelter & Mills in Australia - Analyst Blog,https://www.nasdaq.com/articles/alcoa-closing-point-henry-smelter-mills-in-australia-analyst-blog-2014-02-18,Nasdaq,2014-02-18 00:00:00 UTC,AA
"Pre-Market Most Active for Jan 30, 2014 : FB, VOD, ADT, BAC, CTXS, TWTR, QQQ, AA, WFT, BSBR, ERIC, SIRI",https://www.nasdaq.com/articles/pre-market-most-active-jan-30-2014-fb-vod-adt-bac-ctxs-twtr-qqq-aa-wft-bsbr-eric-siri-2014,Nasdaq,2014-01-30 00:00:00 UTC,AA
Apple (AAPL) Extends Underwhelming Earnings Start,https://www.nasdaq.com/articles/apple-aapl-extends-underwhelming-earnings-start-2014-01-28,Nasdaq,2014-01-28 00:00:00 UTC,AA
"After Hours Most Active for Jan 28, 2014 : FTNT, YHOO, SIRO, C^K, BBY, WEN, MSFT, QCOM, X, T, AA, HLF",https://www.nasdaq.com/articles/after-hours-most-active-jan-28-2014-ftnt-yhoo-siro-ck-bby-wen-msft-qcom-x-t-aa-hlf-2014-01,Nasdaq,2014-01-28 00:00:00 UTC,AA
"#PreMarket Primer: Monday, January 27: Markets Open The Week On Edge",https://www.nasdaq.com/articles/premarket-primer-monday-january-27-markets-open-week-edge-2014-01-27,Nasdaq,2014-01-27 00:00:00 UTC,AA
"Pre-Market Most Active for Jan 24, 2014 : AA, NOK, TS, MSFT, MT, NVO, LYG, QQQ, BBRY, ARIA, FB, XIV",https://www.nasdaq.com/articles/pre-market-most-active-jan-24-2014-aa-nok-ts-msft-mt-nvo-lyg-qqq-bbry-aria-fb-xiv-2014-01,Nasdaq,2014-01-24 00:00:00 UTC,AA
"#PreMarket Primer: Friday, January 24: Growth Fears Drag Down Emerging Markets",https://www.nasdaq.com/articles/premarket-primer-friday-january-24-growth-fears-drag-down-emerging-markets-2014-01-24,Nasdaq,2014-01-24 00:00:00 UTC,AA
"Pre-Market Most Active for Jan 23, 2014 : NOK, ARIA, EBAY, AA, FB, BBRY, BAC, QQQ, SAP, NFLX, BHP, AMD",https://www.nasdaq.com/articles/pre-market-most-active-jan-23-2014-nok-aria-ebay-aa-fb-bbry-bac-qqq-sap-nflx-bhp-amd-2014,Nasdaq,2014-01-23 00:00:00 UTC,AA
"After Hours Most Active for Jan 23, 2014 : TSCO, MSFT, ALGN, ARCP, QQQ, COLE, NOK, CX, BCC, RRTS, SBUX, AA",https://www.nasdaq.com/articles/after-hours-most-active-jan-23-2014-tsco-msft-algn-arcp-qqq-cole-nok-cx-bcc-rrts-sbux-aa,Nasdaq,2014-01-23 00:00:00 UTC,AA
Alcoa Shoots Up on JPMorgan Upgrade - Analyst Blog,https://www.nasdaq.com/articles/alcoa-shoots-up-on-jpmorgan-upgrade-analyst-blog-2014-01-22,Nasdaq,2014-01-22 00:00:00 UTC,AA
"Stock Market News for January 22, 2014 - Market News",https://www.nasdaq.com/articles/stock-market-news-for-january-22-2014-market-news-2014-01-22,Nasdaq,2014-01-22 00:00:00 UTC,AA
"#PreMarket Primer: Wednesday, January 22: Syrian Peace Talks Kick Off Surrounded By Doubt",https://www.nasdaq.com/articles/premarket-primer-wednesday-january-22-syrian-peace-talks-kick-surrounded-doubt-2014-01-22,Nasdaq,2014-01-22 00:00:00 UTC,AA
"After Hours Most Active for Jan 22, 2014 : EBAY, QQQ, NFLX, BAC, EXEL, AVP, AA, FCX, COLE, MSFT, XOM, GILD",https://www.nasdaq.com/articles/after-hours-most-active-jan-22-2014-ebay-qqq-nflx-bac-exel-avp-aa-fcx-cole-msft-xom-gild,Nasdaq,2014-01-22 00:00:00 UTC,AA
Mid-Afternoon Market Update: Markets Recover as Coal Names Drop,https://www.nasdaq.com/articles/mid-afternoon-market-update-markets-recover-coal-names-drop-2014-01-21,Nasdaq,2014-01-21 00:00:00 UTC,AA
Massena East Shutdown Will Further Reduce Alcoa's Smelting Capacity And Revenues,https://www.nasdaq.com/articles/massena-east-shutdown-will-further-reduce-alcoas-smelting-capacity-and-revenues-2014-01-21,Nasdaq,2014-01-21 00:00:00 UTC,AA
Alcoa to Shut Two Potlines at Massena East - Analyst Blog,https://www.nasdaq.com/articles/alcoa-to-shut-two-potlines-at-massena-east-analyst-blog-2014-01-16,Nasdaq,2014-01-16 00:00:00 UTC,AA
Alcoa Completes $300M Iowa Auto Expansion - Analyst Blog,https://www.nasdaq.com/articles/alcoa-completes-%24300m-iowa-auto-expansion-analyst-blog-2014-01-15,Nasdaq,2014-01-15 00:00:00 UTC,AA
Big Week for Big Bank Earnings,https://www.nasdaq.com/articles/big-week-big-bank-earnings-2014-01-14,Nasdaq,2014-01-14 00:00:00 UTC,AA
Alcoa Inc. (AA): New Analyst Report from Zacks Equity Research - Zacks Equity Research Report,https://www.nasdaq.com/articles/alcoa-inc-aa-new-analyst-report-zacks-equity-research-zacks-equity-research-report-2014-01,Nasdaq,2014-01-14 00:00:00 UTC,AA
"Stock Market News for January 13, 2014 - Market News",https://www.nasdaq.com/articles/stock-market-news-for-january-13-2014-market-news-2014-01-13,Nasdaq,2014-01-13 00:00:00 UTC,AA
Materials get a rocky start to earnings season,https://www.nasdaq.com/articles/materials-get-rocky-start-earnings-season-2014-01-13,Nasdaq,2014-01-13 00:00:00 UTC,AA
"Alcoa Reports Lower Revenues On Aluminum Prices, Net Loss On Impairments",https://www.nasdaq.com/articles/alcoa-reports-lower-revenues-aluminum-prices-net-loss-impairments-2014-01-13,Nasdaq,2014-01-13 00:00:00 UTC,AA
Mid-Afternoon Market Update: Plug Rises on Secondary Pricing as Markets Remain Mixed Following Jobs Number,https://www.nasdaq.com/articles/mid-afternoon-market-update-plug-rises-secondary-pricing-markets-remain-mixed-following,Nasdaq,2014-01-10 00:00:00 UTC,AA
"Pre-Market Most Active for Jan 10, 2014 : NOK, BAC, AA, QQQ, TGT, INFY, NVO, CNAT, MNKD, FB, XIV, MSFT",https://www.nasdaq.com/articles/pre-market-most-active-jan-10-2014-nok-bac-aa-qqq-tgt-infy-nvo-cnat-mnkd-fb-xiv-msft-2014,Nasdaq,2014-01-10 00:00:00 UTC,AA
"#PreMarket Primer: Friday, January 10: Jobs Friday",https://www.nasdaq.com/articles/premarket-primer-friday-january-10-jobs-friday-2014-01-10,Nasdaq,2014-01-10 00:00:00 UTC,AA
No Jobs? No Problem!,https://www.nasdaq.com/articles/no-jobs-no-problem-2014-01-10,Nasdaq,2014-01-10 00:00:00 UTC,AA
"Jobs Numbers, Fed Minutes and Earnings - Ahead of Wall Street",https://www.nasdaq.com/articles/jobs-numbers-fed-minutes-and-earnings-ahead-wall-street-2014-01-09,Nasdaq,2014-01-09 00:00:00 UTC,AA
"#PreMarket Primer: Thursday, January 9: The Day Before the Jobs Report",https://www.nasdaq.com/articles/premarket-primer-thursday-january-9-day-jobs-report-2014-01-09,Nasdaq,2014-01-09 00:00:00 UTC,AA
Alcoa Misses Q4 Estimates on Smelting Ops - Analyst Blog,https://www.nasdaq.com/articles/alcoa-misses-q4-estimates-smelting-ops-analyst-blog-2014-01-09,Nasdaq,2014-01-09 00:00:00 UTC,AA
Alcoa Kicks Off Earnings Season With a Whimper,https://www.nasdaq.com/articles/alcoa-kicks-earnings-season-whimper-2014-01-09,Nasdaq,2014-01-09 00:00:00 UTC,AA
Shorts Historically Keen to Watch Alcoa Whether Up or Down off Earnings-Driven After-Hours Trade,https://www.nasdaq.com/articles/shorts-historically-keen-watch-alcoa-whether-or-down-earnings-driven-after-hours-trade,Nasdaq,2014-01-09 00:00:00 UTC,AA
"After Hours Most Active for Jan 9, 2014 : AA, MU, DAN, BAC, ITUB, GPS, QQQ, TWTR, ATML, PSEC, SHLD, IMMU",https://www.nasdaq.com/articles/after-hours-most-active-jan-9-2014-aa-mu-dan-bac-itub-gps-qqq-twtr-atml-psec-shld-immu,Nasdaq,2014-01-09 00:00:00 UTC,AA
"After-Hours Earnings Report for January 9, 2014 : AA, INFY, PSMT, SNX, HELE, PRGS, EOPN, ANGO",https://www.nasdaq.com/articles/after-hours-earnings-report-january-9-2014-aa-infy-psmt-snx-hele-prgs-eopn-ango-2014-01-09,Nasdaq,2014-01-09 00:00:00 UTC,AA
"After Hours Most Active for Jan 8, 2014 : LYG, PAYX, QQQ, TSM, BAC, DNR, M, AA, BBBY, INTC, MSFT, FB",https://www.nasdaq.com/articles/after-hours-most-active-jan-8-2014-lyg-payx-qqq-tsm-bac-dnr-m-aa-bbby-intc-msft-fb-2014-01,Nasdaq,2014-01-08 00:00:00 UTC,AA
FOMC Minutes Indicate Waning Enthusiasm for QE,https://www.nasdaq.com/articles/fomc-minutes-indicate-waning-enthusiasm-qe-2014-01-08,Nasdaq,2014-01-08 00:00:00 UTC,AA
"Markets End Mixed, Despite Positive Jobs Report",https://www.nasdaq.com/articles/markets-end-mixed-despite-positive-jobs-report-2014-01-08,Nasdaq,2014-01-08 00:00:00 UTC,AA
Alcoa Earnings Preview: Low Aluminum Prices Will Weigh On Results,https://www.nasdaq.com/articles/alcoa-earnings-preview-low-aluminum-prices-will-weigh-results-2014-01-07,Nasdaq,2014-01-07 00:00:00 UTC,AA
Jobs in Focus as Q4 Earnings Reports Trickle In - Earnings Preview,https://www.nasdaq.com/articles/jobs-focus-q4-earnings-reports-trickle-earnings-preview-2014-01-03,Nasdaq,2014-01-03 00:00:00 UTC,AA
Alcoa: 2013 In Review,https://www.nasdaq.com/articles/alcoa-2013-review-2014-01-03,Nasdaq,2014-01-03 00:00:00 UTC,AA
U.S. Steel: 2013 In Review,https://www.nasdaq.com/articles/us-steel-2013-review-2014-01-02,Nasdaq,2014-01-02 00:00:00 UTC,AA
Alcoa Reaches 52-Week High - Analyst Blog,https://www.nasdaq.com/articles/alcoa-reaches-52-week-high-analyst-blog-2013-12-30,Nasdaq,2013-12-30 00:00:00 UTC,AA
Ford Gains on Aluminum Truck News - Analyst Blog,https://www.nasdaq.com/articles/ford-gains-on-aluminum-truck-news-analyst-blog-2013-12-26,Nasdaq,2013-12-26 00:00:00 UTC,AA
Alcoa Rises on ProStrength Launch - Analyst Blog,https://www.nasdaq.com/articles/alcoa-rises-on-prostrength-launch-analyst-blog-2013-12-24,Nasdaq,2013-12-24 00:00:00 UTC,AA
Agreement With Airbus For Supply Of Aerospace Parts Is Positive For Alcoa's Business,https://www.nasdaq.com/articles/agreement-airbus-supply-aerospace-parts-positive-alcoas-business-2013-12-20,Nasdaq,2013-12-20 00:00:00 UTC,AA
"#PreMarket Primer: Thursday, December 19: Fed Taper Begins",https://www.nasdaq.com/articles/premarket-primer-thursday-december-19-fed-taper-begins-2013-12-19,Nasdaq,2013-12-19 00:00:00 UTC,AA
"Alcoa, Bauer in Wastewater Treatment Deal - Analyst Blog",https://www.nasdaq.com/articles/alcoa-bauer-in-wastewater-treatment-deal-analyst-blog-2013-12-19,Nasdaq,2013-12-19 00:00:00 UTC,AA
"Alcoa, Airbus in $110M Supply Deal - Analyst Blog",https://www.nasdaq.com/articles/alcoa-airbus-in-%24110m-supply-deal-analyst-blog-2013-12-17,Nasdaq,2013-12-17 00:00:00 UTC,AA
US Equities Continue Downward Trend After Yesterday's Bounce,https://www.nasdaq.com/articles/us-equities-continue-downward-trend-after-yesterdays-bounce-2013-12-17,Nasdaq,2013-12-17 00:00:00 UTC,AA
"Pre-Market Most Active for Dec 13, 2013 : MO, AES, BEN, APC, AA, CTL, FB, QQQ, ICON, MHLD, MSFT, CBST",https://www.nasdaq.com/articles/pre-market-most-active-dec-13-2013-mo-aes-ben-apc-aa-ctl-fb-qqq-icon-mhld-msft-cbst-2013,Nasdaq,2013-12-13 00:00:00 UTC,AA
#PreMarket Primer for December 11: US Government Takes First Steps Towards Budget Deal,https://www.nasdaq.com/articles/premarket-primer-december-11-us-government-takes-first-steps-towards-budget-deal-2013-12,Nasdaq,2013-12-11 00:00:00 UTC,AA
Keep Looking to Growth and Cyclicals - Analyst Blog,https://www.nasdaq.com/articles/keep-looking-growth-and-cyclicals-analyst-blog-2013-12-09,Nasdaq,2013-12-09 00:00:00 UTC,AA
What Should Bill Gross Do? - Real Time Insight,https://www.nasdaq.com/articles/what-should-bill-gross-do-real-time-insight-2013-12-06,Nasdaq,2013-12-06 00:00:00 UTC,AA
ArcelorMittal Acknowledged by DOE - Analyst Blog,https://www.nasdaq.com/articles/arcelormittal-acknowledged-by-doe-analyst-blog-2013-12-06,Nasdaq,2013-12-06 00:00:00 UTC,AA
Sector Update: Energy Shares Lower; Crude Futures Drop on Iran Deal,https://www.nasdaq.com/articles/sector-update-energy-shares-lower-crude-futures-drop-iran-deal-2013-11-25,Nasdaq,2013-11-25 00:00:00 UTC,AA
"#PreMarket Primer: Monday, November 25: Iran Deal Reached",https://www.nasdaq.com/articles/premarket-primer-monday-november-25-iran-deal-reached-2013-11-25,Nasdaq,2013-11-25 00:00:00 UTC,AA
Sector Update: Energy,https://www.nasdaq.com/articles/sector-update-energy-2013-11-25-1,Nasdaq,2013-11-25 00:00:00 UTC,AA
"#PreMarket Primer: Wednesday, November 13: Will Or Won't The Fed Taper?",https://www.nasdaq.com/articles/premarket-primer-wednesday-november-13-will-or-wont-fed-taper-2013-11-13,Nasdaq,2013-11-13 00:00:00 UTC,AA
"Pre-Market Most Active for Nov 12, 2013 : SRPT, HOLX, AA, MO, VOD, CTL, VNDA, DIS, MU, TSM, ALU, WYNN",https://www.nasdaq.com/articles/pre-market-most-active-nov-12-2013-srpt-holx-aa-mo-vod-ctl-vnda-dis-mu-tsm-alu-wynn-2013,Nasdaq,2013-11-12 00:00:00 UTC,AA
Retail giant Walmart can still provide good value,https://www.nasdaq.com/articles/retail-giant-walmart-can-still-provide-good-value-2013-11-11,Nasdaq,2013-11-11 00:00:00 UTC,AA
Precision Castparts Proves Mettle In Planes And Power,https://www.nasdaq.com/articles/precision-castparts-proves-mettle-planes-and-power-2013-11-11,Nasdaq,2013-11-11 00:00:00 UTC,AA
"Gurus and Insiders on Alcoa, CTL and WPX",https://www.nasdaq.com/articles/gurus-and-insiders-alcoa-ctl-and-wpx-2013-11-09,Nasdaq,2013-11-09 00:00:00 UTC,AA
Q3 Earnings: Commodity Stock Hits and Misses,https://www.nasdaq.com/articles/q3-earnings-commodity-stock-hits-and-misses-2013-11-07,Nasdaq,2013-11-07 00:00:00 UTC,AA
"After Hours Most Active for Nov 6, 2013 : QCOM, AEO, BAC, WFM, CSCO, TSM, MSFT, QQQ, SCTY, T, AA, IAG",https://www.nasdaq.com/articles/after-hours-most-active-nov-6-2013-qcom-aeo-bac-wfm-csco-tsm-msft-qqq-scty-t-aa-iag-2013,Nasdaq,2013-11-06 00:00:00 UTC,AA
"#PreMarket Primer: Tuesday, November 5: Fed Speakers Calm Taper Nerves",https://www.nasdaq.com/articles/premarket-primer-tuesday-november-5-fed-speakers-calm-taper-nerves-2013-11-05,Nasdaq,2013-11-05 00:00:00 UTC,AA
"Alcoa Inc. (AA) Ex-Dividend Date Scheduled for November 06, 2013",https://www.nasdaq.com/articles/alcoa-inc-aa-ex-dividend-date-scheduled-november-06-2013-2013-11-05,Nasdaq,2013-11-05 00:00:00 UTC,AA
"After Hours Most Active for Oct 30, 2013 : FB, PBR/A, BEN, QQQ, EXPE, MCP, BAC, MNKD, CSCO, EXEL, AA, HCA",https://www.nasdaq.com/articles/after-hours-most-active-oct-30-2013-fb-pbra-ben-qqq-expe-mcp-bac-mnkd-csco-exel-aa-hca,Nasdaq,2013-10-30 00:00:00 UTC,AA
The Dow Committee Again Gets It Wrong,https://www.nasdaq.com/articles/dow-committee-again-gets-it-wrong-2013-10-29,Nasdaq,2013-10-29 00:00:00 UTC,AA
The Dow Committee again Gets it Wrong,https://www.nasdaq.com/articles/dow-committee-again-gets-it-wrong-2013-10-28,Nasdaq,2013-10-28 00:00:00 UTC,AA
"Alcoa, VSMPO-AVISMA to Form Aerospace JV - Analyst Blog",https://www.nasdaq.com/articles/alcoa-vsmpo-avisma-to-form-aerospace-jv-analyst-blog-2013-10-23,Nasdaq,2013-10-23 00:00:00 UTC,AA
Alcoa Unveils New Wheel Alloy - Analyst Blog,https://www.nasdaq.com/articles/alcoa-unveils-new-wheel-alloy-analyst-blog-2013-10-21,Nasdaq,2013-10-21 00:00:00 UTC,AA
Alcoa Suspends Production at Saudi Smelter - Analyst Blog,https://www.nasdaq.com/articles/alcoa-suspends-production-at-saudi-smelter-analyst-blog-2013-10-17,Nasdaq,2013-10-17 00:00:00 UTC,AA
Trading Radar: The Earnings Floodgate Is About to Open,https://www.nasdaq.com/articles/trading-radar-earnings-floodgate-about-open-2013-10-11,Nasdaq,2013-10-11 00:00:00 UTC,AA
"Kinder Morgan, Nucor, and Other Major Commodity Earnings Coming Up",https://www.nasdaq.com/articles/kinder-morgan-nucor-and-other-major-commodity-earnings-coming-2013-10-10,Nasdaq,2013-10-10 00:00:00 UTC,AA
Alcoa Beats Earnings Despite Lower Prices - Analyst Blog,https://www.nasdaq.com/articles/alcoa-beats-earnings-despite-lower-prices-analyst-blog-2013-10-09,Nasdaq,2013-10-09 00:00:00 UTC,AA
Mid-Morning Market Update: US Markets Mixed; Family Dollar Posts Rise In Q4 Profit,https://www.nasdaq.com/articles/mid-morning-market-update-us-markets-mixed-family-dollar-posts-rise-q4-profit-2013-10-09,Nasdaq,2013-10-09 00:00:00 UTC,AA
"Midday Update: Stocks Mixed as Debt Ceiling, Shutdown Drama Erases Post-Yellen Gains",https://www.nasdaq.com/articles/midday-update-stocks-mixed-debt-ceiling-shutdown-drama-erases-post-yellen-gains-2013-10-09,Nasdaq,2013-10-09 00:00:00 UTC,AA
Three Industrial Machinery Stocks to Lift Your Portfolio - Analyst Blog,https://www.nasdaq.com/articles/three-industrial-machinery-stocks-lift-your-portfolio-analyst-blog-2013-10-09,Nasdaq,2013-10-09 00:00:00 UTC,AA
"Will Yellen's Ascension Help, Near-Term? - Ahead of Wall Street",https://www.nasdaq.com/articles/will-yellens-ascension-help-near-term-ahead-wall-street-2013-10-09,Nasdaq,2013-10-09 00:00:00 UTC,AA
Pre-Market: Yellen Chosen to Take Over Fed; Yum Brands Sees Another Bad Quarter in China,https://www.nasdaq.com/articles/pre-market-yellen-chosen-take-over-fed-yum-brands-sees-another-bad-quarter-china-2013-10,Nasdaq,2013-10-09 00:00:00 UTC,AA
"Weekly 3-Year Low Highlight: NEM, AA, NPK, CKSW",https://www.nasdaq.com/articles/weekly-3-year-low-highlight-nem-aa-npk-cksw-2013-10-08,Nasdaq,2013-10-08 00:00:00 UTC,AA
Will DC Overshadow the Q3 Earnings Season? - Ahead of Wall Street,https://www.nasdaq.com/articles/will-dc-overshadow-q3-earnings-season-ahead-wall-street-2013-10-08,Nasdaq,2013-10-08 00:00:00 UTC,AA
"New Stock Coverage: Energizer, Whole Foods, and Walgreen",https://www.nasdaq.com/articles/new-stock-coverage-energizer-whole-foods-and-walgreen-2013-10-08,Nasdaq,2013-10-08 00:00:00 UTC,AA
"Market Primer: Tuesday, October 8: US Treasury Yields Climb As Markets Succumb To Default Fears",https://www.nasdaq.com/articles/market-primer-tuesday-october-8-us-treasury-yields-climb-markets-succumb-default-fears,Nasdaq,2013-10-08 00:00:00 UTC,AA
"Senate May Try to Raise Debt Limit for One Year; Alcoa, Yum Brands to Kick Off Earnings Season",https://www.nasdaq.com/articles/senate-may-try-raise-debt-limit-one-year-alcoa-yum-brands-kick-earnings-season-2013-10-08,Nasdaq,2013-10-08 00:00:00 UTC,AA
Trade the Earnings: Alcoa Inc.,https://www.nasdaq.com/articles/trade-earnings-alcoa-inc-2013-10-08,Nasdaq,2013-10-08 00:00:00 UTC,AA
"Stock Downgrades: Jamba, JC Penney, and Alaska Air",https://www.nasdaq.com/articles/stock-downgrades-jamba-jc-penney-and-alaska-air-2013-10-08,Nasdaq,2013-10-08 00:00:00 UTC,AA
Alcoa Starts Earnings Season Maintaining Status as Short Play off After-Hours Report,https://www.nasdaq.com/articles/alcoa-starts-earnings-season-maintaining-status-short-play-after-hours-report-2013-10-08,Nasdaq,2013-10-08 00:00:00 UTC,AA
"After Hours Most Active for Oct 8, 2013 : ALU, POM, AA, QQQ, YUM, BRCD, MU, V, DELL, RRD, BAC, FB",https://www.nasdaq.com/articles/after-hours-most-active-oct-8-2013-alu-pom-aa-qqq-yum-brcd-mu-v-dell-rrd-bac-fb-2013-10-08,Nasdaq,2013-10-08 00:00:00 UTC,AA
"MT Insider: MT Newswires: Day 8 of Gov Shutdown - Still a Gridlock, Oct. 17 Debt Ceiling Looms",https://www.nasdaq.com/articles/mt-insider-mt-newswires-day-8-gov-shutdown-still-gridlock-oct-17-debt-ceiling-looms-2013,Nasdaq,2013-10-08 00:00:00 UTC,AA
Alcoa Beats EPS on Restructuring - Analyst Blog,https://www.nasdaq.com/articles/alcoa-beats-eps-restructuring-analyst-blog-2013-10-08,Nasdaq,2013-10-08 00:00:00 UTC,AA
ArcelorMittal Sells Partial Stake In Turkish Steel Company As Part Of Deleveraging,https://www.nasdaq.com/articles/arcelormittal-sells-partial-stake-turkish-steel-company-part-deleveraging-2013-10-08,Nasdaq,2013-10-08 00:00:00 UTC,AA
Investors Spooked as Odds of Debt Limit Hike Dwindle,https://www.nasdaq.com/articles/investors-spooked-odds-debt-limit-hike-dwindle-2013-10-08,Nasdaq,2013-10-08 00:00:00 UTC,AA
"Stock Market News for October 7, 2013 - Market News",https://www.nasdaq.com/articles/stock-market-news-for-october-7-2013-market-news-2013-10-07,Nasdaq,2013-10-07 00:00:00 UTC,AA
Is the Market Finally Taking Notice? - Ahead of Wall Street,https://www.nasdaq.com/articles/market-finally-taking-notice-ahead-wall-street-2013-10-07,Nasdaq,2013-10-07 00:00:00 UTC,AA
Debt Ceiling Negotiations Continue to Frustrate Traders,https://www.nasdaq.com/articles/debt-ceiling-negotiations-continue-frustrate-traders-2013-10-07,Nasdaq,2013-10-07 00:00:00 UTC,AA
Stocks Dragged Lower by Continued Uncertainty,https://www.nasdaq.com/articles/stocks-dragged-lower-continued-uncertainty-2013-10-07,Nasdaq,2013-10-07 00:00:00 UTC,AA
Trading Radar: Prepare for Third Quarter Earnings Next Week!,https://www.nasdaq.com/articles/trading-radar-prepare-third-quarter-earnings-next-week-2013-10-04,Nasdaq,2013-10-04 00:00:00 UTC,AA
Shutdown & the Q3 Earnings Season - Earnings Preview,https://www.nasdaq.com/articles/shutdown-q3-earnings-season-earnings-preview-2013-10-04,Nasdaq,2013-10-04 00:00:00 UTC,AA
The October Rally - Analyst Blog,https://www.nasdaq.com/articles/october-rally-analyst-blog-2013-10-03,Nasdaq,2013-10-03 00:00:00 UTC,AA
"Pre-Market Most Active for Oct 2, 2013 : AA, NOK, QQQ, ALU, BAC, FB, RMTI, MCP, TSLA, AZN, ADSK, AAPL",https://www.nasdaq.com/articles/pre-market-most-active-oct-2-2013-aa-nok-qqq-alu-bac-fb-rmti-mcp-tsla-azn-adsk-aapl-2013,Nasdaq,2013-10-02 00:00:00 UTC,AA
Alcoa Recognized for Breakthrough Technology - Analyst Blog,https://www.nasdaq.com/articles/alcoa-recognized-for-breakthrough-technology-analyst-blog-2013-09-24,Nasdaq,2013-09-24 00:00:00 UTC,AA
MT Insider: Equities Rally Overnight on Federal Reserve Decision To Not Taper,https://www.nasdaq.com/articles/mt-insider-equities-rally-overnight-federal-reserve-decision-not-taper-2013-09-19,Nasdaq,2013-09-19 00:00:00 UTC,AA
Stock Upgrades: Tilly's Is a Teenage Dream,https://www.nasdaq.com/articles/stock-upgrades-tillys-teenage-dream-2013-09-18,Nasdaq,2013-09-18 00:00:00 UTC,AA
"Market Close Report: NASDAQ Composite index closes at 3,783.64 up 37.94 points",https://www.nasdaq.com/articles/market-close-report-nasdaq-composite-index-closes-378364-3794-points-2013-09-18,Nasdaq,2013-09-18 00:00:00 UTC,AA
"Dow, S&P 500 Tag Record Highs Following Fed Update",https://www.nasdaq.com/articles/dow-sp-500-tag-record-highs-following-fed-update-2013-09-18,Nasdaq,2013-09-18 00:00:00 UTC,AA
"Market Close Report: NASDAQ Composite index closes at 3,745.70 up 27.85 points",https://www.nasdaq.com/articles/market-close-report-nasdaq-composite-index-closes-374570-2785-points-2013-09-17,Nasdaq,2013-09-17 00:00:00 UTC,AA
A Look Ahead: This Week's ETFs To Watch,https://www.nasdaq.com/articles/look-ahead-weeks-etfs-watch-2013-09-16,Nasdaq,2013-09-16 00:00:00 UTC,AA
3 Stocks Exit the Dow - Analyst Blog,https://www.nasdaq.com/articles/3-stocks-exit-the-dow-analyst-blog-2013-09-13,Nasdaq,2013-09-13 00:00:00 UTC,AA
Fed in Focus as 2013 Q3 Earnings Season Gets Underway - Earnings Preview,https://www.nasdaq.com/articles/fed-focus-2013-q3-earnings-season-gets-underway-earnings-preview-2013-09-13,Nasdaq,2013-09-13 00:00:00 UTC,AA
Dow Posts Best Week Since January as Markets End Higher,https://www.nasdaq.com/articles/dow-posts-best-week-january-markets-end-higher-2013-09-13,Nasdaq,2013-09-13 00:00:00 UTC,AA
"Market Close Report: NASDAQ Composite index closes at 3,722.18 up 6.21 points",https://www.nasdaq.com/articles/market-close-report-nasdaq-composite-index-closes-372218-621-points-2013-09-13,Nasdaq,2013-09-13 00:00:00 UTC,AA
What Does Alcoa's Exit From Dow Jones Mean?,https://www.nasdaq.com/articles/what-does-alcoas-exit-dow-jones-mean-2013-09-12,Nasdaq,2013-09-12 00:00:00 UTC,AA
Signs of Life in Metals & Mining Sector,https://www.nasdaq.com/articles/signs-life-metals-mining-sector-2013-09-12,Nasdaq,2013-09-12 00:00:00 UTC,AA
Is the New Look DJIA an Upgrade or Downgrade?,https://www.nasdaq.com/articles/new-look-djia-upgrade-or-downgrade-2013-09-11,Nasdaq,2013-09-11 00:00:00 UTC,AA
New Stock Coverage: Plundering Pirates Are Disappointed in Disney,https://www.nasdaq.com/articles/new-stock-coverage-plundering-pirates-are-disappointed-disney-2013-09-11,Nasdaq,2013-09-11 00:00:00 UTC,AA
Alcoa Issues Statement on Change to Dow Jones Industrial Average; Shares Edge Lower,https://www.nasdaq.com/articles/alcoa-issues-statement-change-dow-jones-industrial-average-shares-edge-lower-2013-09-10,Nasdaq,2013-09-10 00:00:00 UTC,AA
"September 10: China Data, Syria Breakthrough to Sustain Momentum - Economic Highlights",https://www.nasdaq.com/articles/september-10%3A-china-data-syria-breakthrough-to-sustain-momentum-economic-highlights-2013,Nasdaq,2013-09-10 00:00:00 UTC,AA
China Improves as Other Emerging Markets Suffer - Ahead of Wall Street,https://www.nasdaq.com/articles/china-improves-other-emerging-markets-suffer-ahead-wall-street-2013-09-10,Nasdaq,2013-09-10 00:00:00 UTC,AA
What A Changing Dow Means For Investors,https://www.nasdaq.com/articles/what-changing-dow-means-investors-2013-09-10-0,Nasdaq,2013-09-10 00:00:00 UTC,AA
"Major Shakeup Coming to DJIA, Dow ETF - ETF News And Commentary",https://www.nasdaq.com/articles/major-shakeup-coming-djia-dow-etf-etf-news-and-commentary-2013-09-10,Nasdaq,2013-09-10 00:00:00 UTC,AA
Mining-Ferrous & Non Ferrous Stock Outlook - Sept 2013 - Industry Outlook,https://www.nasdaq.com/articles/mining-ferrous-non-ferrous-stock-outlook-sept-2013-industry-outlook-2013-09-05,Nasdaq,2013-09-05 00:00:00 UTC,AA
Mining-Ferrous & Non Ferrous Stock Outlook - Sept 2013 - Zacks Analyst Interviews,https://www.nasdaq.com/articles/mining-ferrous-non-ferrous-stock-outlook-sept-2013-zacks-analyst-interviews-2013-09-05,Nasdaq,2013-09-05 00:00:00 UTC,AA
Alcoa Merges Groups to Create Alcoa Recycling - Analyst Blog,https://www.nasdaq.com/articles/alcoa-merges-groups-to-create-alcoa-recycling-analyst-blog-2013-09-04,Nasdaq,2013-09-04 00:00:00 UTC,AA
"Benzinga Market Primer: Tuesday, September 3: Obama Gambles On Congress Vote For Military Intervention In Syria",https://www.nasdaq.com/articles/benzinga-market-primer-tuesday-september-3-obama-gambles-congress-vote-military,Nasdaq,2013-09-03 00:00:00 UTC,AA
"Market Close Report: NASDAQ Composite index closes at 3,589.87 down -30.43 points",https://www.nasdaq.com/articles/market-close-report-nasdaq-composite-index-closes-358987-down-3043-points-2013-08-30,Nasdaq,2013-08-30 00:00:00 UTC,AA
Alcoa Breaks Ground on Tennessee Expansion - Analyst Blog,https://www.nasdaq.com/articles/alcoa-breaks-ground-on-tennessee-expansion-analyst-blog-2013-08-30,Nasdaq,2013-08-30 00:00:00 UTC,AA
Leadership Promotions at Alcoa - Analyst Blog,https://www.nasdaq.com/articles/leadership-promotions-at-alcoa-analyst-blog-2013-08-27,Nasdaq,2013-08-27 00:00:00 UTC,AA
New Stock Coverage: Time to Hit the Brakes on Tesla Motors Inc?,https://www.nasdaq.com/articles/new-stock-coverage-time-hit-brakes-tesla-motors-inc-2013-08-22,Nasdaq,2013-08-22 00:00:00 UTC,AA
"Market Close Report: NASDAQ Composite index closes at 3,599.79 down -13.80 points",https://www.nasdaq.com/articles/market-close-report-nasdaq-composite-index-closes-359979-down-1380-points-2013-08-21,Nasdaq,2013-08-21 00:00:00 UTC,AA
"Dow, S&P 500 Finish Lower, Despite Post-Fed Bounce",https://www.nasdaq.com/articles/dow-sp-500-finish-lower-despite-post-fed-bounce-2013-08-21,Nasdaq,2013-08-21 00:00:00 UTC,AA
Alcoa to Close or Curtail Capacity - Analyst Blog,https://www.nasdaq.com/articles/alcoa-to-close-or-curtail-capacity-analyst-blog-2013-08-16,Nasdaq,2013-08-16 00:00:00 UTC,AA
Traders See Alcoa Inc Sinking Through Fall,https://www.nasdaq.com/articles/traders-see-alcoa-inc-sinking-through-fall-2013-08-15,Nasdaq,2013-08-15 00:00:00 UTC,AA
"Market Close Report: NASDAQ Composite index closes at 3,684.44 up 14.49 points",https://www.nasdaq.com/articles/market-close-report-nasdaq-composite-index-closes-368444-1449-points-2013-08-13,Nasdaq,2013-08-13 00:00:00 UTC,AA
"Stock Market News for August 9, 2013 - Market News",https://www.nasdaq.com/articles/stock-market-news-for-august-9-2013-market-news-2013-08-09,Nasdaq,2013-08-09 00:00:00 UTC,AA
"Alcoa Inc. (AA) Ex-Dividend Date Scheduled for August 07, 2013",https://www.nasdaq.com/articles/alcoa-inc-aa-ex-dividend-date-scheduled-august-07-2013-2013-08-06,Nasdaq,2013-08-06 00:00:00 UTC,AA
Q2 Earnings Scorecard: Commodity Stock Hits and Misses,https://www.nasdaq.com/articles/q2-earnings-scorecard-commodity-stock-hits-and-misses-2013-08-02,Nasdaq,2013-08-02 00:00:00 UTC,AA
X Factor: 5 Stocks Reaching Their Ex-Dividend Date on August 7,https://www.nasdaq.com/articles/x-factor-5-stocks-reaching-their-ex-dividend-date-august-7-2013-07-31,Nasdaq,2013-07-31 00:00:00 UTC,AA
"Benzinga Market Primer: Wednesday, July 30: Futures Higher After Asia Turnaround",https://www.nasdaq.com/articles/benzinga-market-primer-wednesday-july-30-futures-higher-after-asia-turnaround-2013-07-30,Nasdaq,2013-07-30 00:00:00 UTC,AA
How Do You Call a Bottom? - Real Time Insight,https://www.nasdaq.com/articles/how-do-you-call-bottom-real-time-insight-2013-07-19,Nasdaq,2013-07-19 00:00:00 UTC,AA
"Emerging Markets Beset By China Softness, Currency Gyrations",https://www.nasdaq.com/articles/emerging-markets-beset-china-softness-currency-gyrations-2013-07-16,Nasdaq,2013-07-16 00:00:00 UTC,AA
Why You Should Ignore Wall Street's Earnings Estimates,https://www.nasdaq.com/articles/why-you-should-ignore-wall-streets-earnings-estimates-2013-07-11,Nasdaq,2013-07-11 00:00:00 UTC,AA
July 10: Is Tapering No Longer a Hurdle for Stocks? - Economic Highlights,https://www.nasdaq.com/articles/july-10%3A-is-tapering-no-longer-a-hurdle-for-stocks-economic-highlights-2013-07-10,Nasdaq,2013-07-10 00:00:00 UTC,AA
Why You Should Ignore Wall Street's Earnings Estimates,https://www.nasdaq.com/articles/why-you-should-ignore-wall-streets-earnings-estimates-2013-07-10,Nasdaq,2013-07-10 00:00:00 UTC,AA
Is Taper No Longer an Issue for Stocks? - Ahead of Wall Street,https://www.nasdaq.com/articles/taper-no-longer-issue-stocks-ahead-wall-street-2013-07-10,Nasdaq,2013-07-10 00:00:00 UTC,AA
"Stocks Market News for July 10, 2013 - Market News",https://www.nasdaq.com/articles/stocks-market-news-for-july-10-2013-market-news-2013-07-10,Nasdaq,2013-07-10 00:00:00 UTC,AA
Three Financials Set to Top Earnings Estimates - Investment Ideas,https://www.nasdaq.com/articles/three-financials-set-top-earnings-estimates-investment-ideas-2013-07-09,Nasdaq,2013-07-09 00:00:00 UTC,AA
Homebuilders Lead the Charge,https://www.nasdaq.com/articles/homebuilders-lead-charge-2013-07-09,Nasdaq,2013-07-09 00:00:00 UTC,AA
"After Hours Most Active for Jul 9, 2013 : SIRI, MO, MU, AA, QQQ, INTC, DE, FB, S, NOK, ECA, MSFT",https://www.nasdaq.com/articles/after-hours-most-active-jul-9-2013-siri-mo-mu-aa-qqq-intc-de-fb-s-nok-eca-msft-2013-07-09,Nasdaq,2013-07-09 00:00:00 UTC,AA
"Pre-Market Most Active for Jul 9, 2013 : SIRI, BP, AA, APU, BAC, NOK, AMRN, KNDI, HTSI, SPIL, DELL, CONE",https://www.nasdaq.com/articles/pre-market-most-active-jul-9-2013-siri-bp-aa-apu-bac-nok-amrn-kndi-htsi-spil-dell-cone,Nasdaq,2013-07-09 00:00:00 UTC,AA
July 9: Expectations from Q2 Remain Low - Economic Highlights,https://www.nasdaq.com/articles/july-9%3A-expectations-from-q2-remain-low-economic-highlights-2013-07-09,Nasdaq,2013-07-09 00:00:00 UTC,AA
"Alcoa Posts 2Q Loss, Beats on Sales - Analyst Blog",https://www.nasdaq.com/articles/alcoa-posts-2q-loss-beats-on-sales-analyst-blog-2013-07-09,Nasdaq,2013-07-09 00:00:00 UTC,AA
"Q2 Expectations Low, Guidance Key - Ahead of Wall Street",https://www.nasdaq.com/articles/q2-expectations-low-guidance-key-ahead-wall-street-2013-07-09,Nasdaq,2013-07-09 00:00:00 UTC,AA
"Benzinga Market Primer: Monday, July 8: Earnings Season Begins!",https://www.nasdaq.com/articles/benzinga-market-primer-monday-july-8-earnings-season-begins-2013-07-08,Nasdaq,2013-07-08 00:00:00 UTC,AA
Stocks at Technical Inflection Point as Earnings Await,https://www.nasdaq.com/articles/stocks-technical-inflection-point-earnings-await-2013-07-08,Nasdaq,2013-07-08 00:00:00 UTC,AA
July 8: Earnings in the Limelight - Economic Highlights,https://www.nasdaq.com/articles/july-8%3A-earnings-in-the-limelight-economic-highlights-2013-07-08,Nasdaq,2013-07-08 00:00:00 UTC,AA
Stock Downgrades: Unpleasant Surprise Inside for Intel Corporation,https://www.nasdaq.com/articles/stock-downgrades-unpleasant-surprise-inside-intel-corporation-2013-07-08,Nasdaq,2013-07-08 00:00:00 UTC,AA
Pre-Market Primer: Dell Inc. Offer Gets ISS Blessing; Futures Higher Before Start of Earnings Season,https://www.nasdaq.com/articles/pre-market-primer-dell-inc-offer-gets-iss-blessing-futures-higher-start-earnings-season,Nasdaq,2013-07-08 00:00:00 UTC,AA
The Case for Alcoa,https://www.nasdaq.com/articles/case-alcoa-2013-07-08,Nasdaq,2013-07-08 00:00:00 UTC,AA
Alcoa Beats on the Top Line - Analyst Blog,https://www.nasdaq.com/articles/alcoa-beats-top-line-analyst-blog-2013-07-08,Nasdaq,2013-07-08 00:00:00 UTC,AA
"After-Hours Earnings Report for July 8, 2013 : AA, WDFC",https://www.nasdaq.com/articles/after-hours-earnings-report-july-8-2013-aa-wdfc-2013-07-08,Nasdaq,2013-07-08 00:00:00 UTC,AA
Stock Upgrades: Priceline.com Inc Is Going Places,https://www.nasdaq.com/articles/stock-upgrades-pricelinecom-inc-going-places-2013-07-08,Nasdaq,2013-07-08 00:00:00 UTC,AA
"After Hours Most Active for Jul 8, 2013 : S, NLSN, INTC, FB, ORCL, NOK, AA, CSCO, MSFT, GILD, IGT, JNPR",https://www.nasdaq.com/articles/after-hours-most-active-jul-8-2013-s-nlsn-intc-fb-orcl-nok-aa-csco-msft-gild-igt-jnpr-2013,Nasdaq,2013-07-08 00:00:00 UTC,AA
Will Earnings Growth Bottom in Q2? - Earnings Trends,https://www.nasdaq.com/articles/will-earnings-growth-bottom-q2-earnings-trends-2013-07-08,Nasdaq,2013-07-08 00:00:00 UTC,AA
"EU Finance Ministers Approve Greek Aid Tranche, US Markets Tread Water",https://www.nasdaq.com/articles/eu-finance-ministers-approve-greek-aid-tranche-us-markets-tread-water-2013-07-08,Nasdaq,2013-07-08 00:00:00 UTC,AA
Will Earnings Growth Bottom in Q2? - Earnings Outlook,https://www.nasdaq.com/articles/will-earnings-growth-bottom-q2-earnings-outlook-2013-07-08,Nasdaq,2013-07-08 00:00:00 UTC,AA
Solid Employment Report Causes Spike in Interest Rates,https://www.nasdaq.com/articles/solid-employment-report-causes-spike-interest-rates-2013-07-05,Nasdaq,2013-07-05 00:00:00 UTC,AA
"Spurred Higher by Jobs Report, Dow Settles Above 15,000",https://www.nasdaq.com/articles/spurred-higher-jobs-report-dow-settles-above-15000-2013-07-05,Nasdaq,2013-07-05 00:00:00 UTC,AA
Here Comes Q2 Earnings Season - Earnings Preview,https://www.nasdaq.com/articles/here-comes-q2-earnings-season-earnings-preview-2013-07-05,Nasdaq,2013-07-05 00:00:00 UTC,AA
Checking out The Investment Landscape in Front of Q2 Earnings - Analyst Blog,https://www.nasdaq.com/articles/checking-out-investment-landscape-front-q2-earnings-analyst-blog-2013-07-05,Nasdaq,2013-07-05 00:00:00 UTC,AA
Stock Upgrades: Unilever N.V. Flies High on the Wings of Dove,https://www.nasdaq.com/articles/stock-upgrades-unilever-nv-flies-high-wings-dove-2013-07-05,Nasdaq,2013-07-05 00:00:00 UTC,AA
"Market Close Report: NASDAQ Composite index closes at 3,443.67 up 10.27 points",https://www.nasdaq.com/articles/market-close-report-nasdaq-composite-index-closes-344367-1027-points-2013-07-03,Nasdaq,2013-07-03 00:00:00 UTC,AA
"Undeterred by Global Concerns, Stocks Veer Higher",https://www.nasdaq.com/articles/undeterred-global-concerns-stocks-veer-higher-2013-07-03,Nasdaq,2013-07-03 00:00:00 UTC,AA
Alcoa Completes 6% Notes Redemption - Analyst Blog,https://www.nasdaq.com/articles/alcoa-completes-6-notes-redemption-analyst-blog-2013-07-03,Nasdaq,2013-07-03 00:00:00 UTC,AA
"Pre-Market Most Active for Jul 3, 2013 : ZNGA, ASX, BAC, DELL, SIRI, ZTS, AA, MT, BBRY, ARMH, QQQ, BUD",https://www.nasdaq.com/articles/pre-market-most-active-jul-3-2013-znga-asx-bac-dell-siri-zts-aa-mt-bbry-armh-qqq-bud-2013,Nasdaq,2013-07-03 00:00:00 UTC,AA
Alcoa to Shut Fusina Smelter in Italy - Analyst Blog,https://www.nasdaq.com/articles/alcoa-to-shut-fusina-smelter-in-italy-analyst-blog-2013-07-01,Nasdaq,2013-07-01 00:00:00 UTC,AA
Fed to Reclaim Spotlight - Earnings Preview,https://www.nasdaq.com/articles/fed-reclaim-spotlight-earnings-preview-2013-06-28,Nasdaq,2013-06-28 00:00:00 UTC,AA
"Stock Market News for June 25, 2013 - Market News",https://www.nasdaq.com/articles/stock-market-news-for-june-25-2013-market-news-2013-06-25,Nasdaq,2013-06-25 00:00:00 UTC,AA
Alcoa and OJC RUSNANO Sign MOU - Analyst Blog,https://www.nasdaq.com/articles/alcoa-and-ojc-rusnano-sign-mou-analyst-blog-2013-06-25,Nasdaq,2013-06-25 00:00:00 UTC,AA
Alcoa and Boeing Reach Recycling Deal - Analyst Blog,https://www.nasdaq.com/articles/alcoa-and-boeing-reach-recycling-deal-analyst-blog-2013-06-24,Nasdaq,2013-06-24 00:00:00 UTC,AA
"Post-Fed, but Pre-Earnings - Earnings Preview",https://www.nasdaq.com/articles/post-fed-pre-earnings-earnings-preview-2013-06-21,Nasdaq,2013-06-21 00:00:00 UTC,AA
The Crucial Advice From Buffett You're Probably Ignoring,https://www.nasdaq.com/articles/crucial-advice-buffett-youre-probably-ignoring-2013-06-20,Nasdaq,2013-06-20 00:00:00 UTC,AA
Alcoa Wraps Up Aluminum Lithium Expansion - Analyst Blog,https://www.nasdaq.com/articles/alcoa-wraps-up-aluminum-lithium-expansion-analyst-blog-2013-06-20,Nasdaq,2013-06-20 00:00:00 UTC,AA
Looking Ahead to Q2 Earnings Season - Earnings Preview,https://www.nasdaq.com/articles/looking-ahead-q2-earnings-season-earnings-preview-2013-06-14,Nasdaq,2013-06-14 00:00:00 UTC,AA
Chatham to Buy Hyatt Place Pittsburgh - Analyst Blog,https://www.nasdaq.com/articles/chatham-to-buy-hyatt-place-pittsburgh-analyst-blog-2013-06-12,Nasdaq,2013-06-12 00:00:00 UTC,AA
Stock Downgrades: Scotts Miracle-Gro Not Hitting Pay Dirt,https://www.nasdaq.com/articles/stock-downgrades-scotts-miracle-gro-not-hitting-pay-dirt-2013-05-31,Nasdaq,2013-05-31 00:00:00 UTC,AA
Alcoa Downgraded by Moody's - Analyst Blog,https://www.nasdaq.com/articles/alcoa-downgraded-by-moodys-analyst-blog-2013-05-30,Nasdaq,2013-05-30 00:00:00 UTC,AA
"Benzinga Market Primer: Thursday, May 30",https://www.nasdaq.com/articles/benzinga-market-primer-thursday-may-30-2013-05-30,Nasdaq,2013-05-30 00:00:00 UTC,AA
Alcoa-Ma'aden JV Completes First Wetlands System - Analyst Blog,https://www.nasdaq.com/articles/alcoa-maaden-jv-completes-first-wetlands-system-analyst-blog-2013-05-29,Nasdaq,2013-05-29 00:00:00 UTC,AA
Stock Upgrades: Changing Tides Makes Procter & Gamble a Better Bet,https://www.nasdaq.com/articles/stock-upgrades-changing-tides-makes-procter-gamble-better-bet-2013-05-24,Nasdaq,2013-05-24 00:00:00 UTC,AA
"Market Close Report: NASDAQ Composite index closes at 3,459.42 down -3.88 points",https://www.nasdaq.com/articles/market-close-report-nasdaq-composite-index-closes-345942-down-388-points-2013-05-23,Nasdaq,2013-05-23 00:00:00 UTC,AA
Alcoa Cuts Energy for Wheels - Analyst Blog,https://www.nasdaq.com/articles/alcoa-cuts-energy-for-wheels-analyst-blog-2013-05-23,Nasdaq,2013-05-23 00:00:00 UTC,AA
"Market Close Report: NASDAQ Composite index closes at 3,496.43 down -2.54 points",https://www.nasdaq.com/articles/market-close-report-nasdaq-composite-index-closes-349643-down-254-points-2013-05-20,Nasdaq,2013-05-20 00:00:00 UTC,AA
Stocks Little Changed as Slow News Day Draws the Focus to the Fed,https://www.nasdaq.com/articles/stocks-little-changed-slow-news-day-draws-focus-fed-2013-05-20,Nasdaq,2013-05-20 00:00:00 UTC,AA
Alcoa Defers Construction in Quebec Smelter - Analyst Blog,https://www.nasdaq.com/articles/alcoa-defers-construction-in-quebec-smelter-analyst-blog-2013-05-17,Nasdaq,2013-05-17 00:00:00 UTC,AA
Markets Shift Slightly Lower Following Flood of Economic News,https://www.nasdaq.com/articles/markets-shift-slightly-lower-following-flood-economic-news-2013-05-16,Nasdaq,2013-05-16 00:00:00 UTC,AA
"Market Close Report: NASDAQ Composite index closes at 3,438.79 up 2.21 points",https://www.nasdaq.com/articles/market-close-report-nasdaq-composite-index-closes-343879-221-points-2013-05-13,Nasdaq,2013-05-13 00:00:00 UTC,AA
"Smith & Wesson: Despite Headline Risk, This Gun Stock Is an Attractive Buy",https://www.nasdaq.com/articles/smith-wesson-despite-headline-risk-gun-stock-attractive-buy-2013-05-12,Nasdaq,2013-05-12 00:00:00 UTC,AA
Alcoa to Expand Tennessee Facility - Analyst Blog,https://www.nasdaq.com/articles/alcoa-to-expand-tennessee-facility-analyst-blog-2013-05-07,Nasdaq,2013-05-07 00:00:00 UTC,AA
Alcoa Considering Cutbacks - Analyst Blog,https://www.nasdaq.com/articles/alcoa-considering-cutbacks-analyst-blog-2013-05-02,Nasdaq,2013-05-02 00:00:00 UTC,AA
"Market Close Report: NASDAQ Composite index closes at 3,279.26 down -10.73 points",https://www.nasdaq.com/articles/market-close-report-nasdaq-composite-index-closes-327926-down-1073-points-2013-04-26,Nasdaq,2013-04-26 00:00:00 UTC,AA
Lackluster Day Driven by GDP News Caps a Strong Week,https://www.nasdaq.com/articles/lackluster-day-driven-gdp-news-caps-strong-week-2013-04-26,Nasdaq,2013-04-26 00:00:00 UTC,AA
"After Hours Most Active for Apr 16, 2013 : INTC, CSCO, YHOO, QQQ, BAC, TSM, MSFT, S, AA, TWO, WFT, ORCL",https://www.nasdaq.com/articles/after-hours-most-active-apr-16-2013-intc-csco-yhoo-qqq-bac-tsm-msft-s-aa-two-wft-orcl-2013,Nasdaq,2013-04-16 00:00:00 UTC,AA
"Market Close Report: NASDAQ Composite index closes at 3,294.95 down -5.21 points",https://www.nasdaq.com/articles/market-close-report-nasdaq-composite-index-closes-329495-down-521-points-2013-04-12,Nasdaq,2013-04-12 00:00:00 UTC,AA
Alcoa Technology Licensed to Chemetall - Analyst Blog,https://www.nasdaq.com/articles/alcoa-technology-licensed-to-chemetall-analyst-blog-2013-04-10,Nasdaq,2013-04-10 00:00:00 UTC,AA
"After Hours Most Active for Apr 9, 2013 : LO, QQQ, T, MSFT, KO, ORCL, KRG, CSCO, AA, MTCN, MU, FB",https://www.nasdaq.com/articles/after-hours-most-active-apr-9-2013-lo-qqq-t-msft-ko-orcl-krg-csco-aa-mtcn-mu-fb-2013-04-09,Nasdaq,2013-04-09 00:00:00 UTC,AA
What to look for this earnings season? - Ahead of Wall Street,https://www.nasdaq.com/articles/what-look-earnings-season-ahead-wall-street-2013-04-09,Nasdaq,2013-04-09 00:00:00 UTC,AA
Mid-Morning Market Update: JC Penney Falls As Cliffs Natural Resources Rallies,https://www.nasdaq.com/articles/mid-morning-market-update-jc-penney-falls-cliffs-natural-resources-rallies-2013-04-09,Nasdaq,2013-04-09 00:00:00 UTC,AA
"Dow Rallies to Another New High, While S&P 500 Falls Short",https://www.nasdaq.com/articles/dow-rallies-another-new-high-while-sp-500-falls-short-2013-04-09,Nasdaq,2013-04-09 00:00:00 UTC,AA
"After Hours Most Active for Apr 8, 2013 : AA, CX, TWX, KO, MTG, PNC^P, AMAT, QQQ, AKAM, AAPL, VCSH, INTC",https://www.nasdaq.com/articles/after-hours-most-active-apr-8-2013-aa-cx-twx-ko-mtg-pncp-amat-qqq-akam-aapl-vcsh-intc-2013,Nasdaq,2013-04-08 00:00:00 UTC,AA
UPDATE: U.S. Stocks Range-Bound Slightly Lower; Alcoa Pre-Market Gains Foiled,https://www.nasdaq.com/articles/update-us-stocks-range-bound-slightly-lower-alcoa-pre-market-gains-foiled-2013-04-08,Nasdaq,2013-04-08 00:00:00 UTC,AA
"Benzinga Market Primer: Monday, April 8",https://www.nasdaq.com/articles/benzinga-market-primer-monday-april-8-2013-04-08,Nasdaq,2013-04-08 00:00:00 UTC,AA
"After-Hours Earnings Report for April 8, 2013 : AA, SHLM, MG, ANGO",https://www.nasdaq.com/articles/after-hours-earnings-report-april-8-2013-aa-shlm-mg-ango-2013-04-08,Nasdaq,2013-04-08 00:00:00 UTC,AA
"Stock Market News for April 8, 2013 - Market News",https://www.nasdaq.com/articles/stock-market-news-for-april-8-2013-market-news-2013-04-08,Nasdaq,2013-04-08 00:00:00 UTC,AA
EPA Issues ROD to Alcoa - Analyst Blog,https://www.nasdaq.com/articles/epa-issues-rod-to-alcoa-analyst-blog-2013-04-08,Nasdaq,2013-04-08 00:00:00 UTC,AA
"Weekly 3-Year Low Highlights: AA, NJ, KGC, YZC",https://www.nasdaq.com/articles/weekly-3-year-low-highlights-aa-nj-kgc-yzc-2013-04-07,Nasdaq,2013-04-07 00:00:00 UTC,AA
"Jobs Number Disappoints, Stocks End the Week in the Red",https://www.nasdaq.com/articles/jobs-number-disappoints-stocks-end-week-red-2013-04-05,Nasdaq,2013-04-05 00:00:00 UTC,AA
Choppy Trading Session Resolves to the Upside,https://www.nasdaq.com/articles/choppy-trading-session-resolves-upside-2013-04-04,Nasdaq,2013-04-04 00:00:00 UTC,AA
"After Hours Most Active for Apr 4, 2013 : QQQ, BAC, BX, CSCO, MSFT, GE, INTC, FFIV, PGR, AA, SWY, NWSA",https://www.nasdaq.com/articles/after-hours-most-active-apr-4-2013-qqq-bac-bx-csco-msft-ge-intc-ffiv-pgr-aa-swy-nwsa-2013,Nasdaq,2013-04-04 00:00:00 UTC,AA
Alcoa to Move Ahead with Massena Modernization - Analyst Blog,https://www.nasdaq.com/articles/alcoa-to-move-ahead-with-massena-modernization-analyst-blog-2013-04-01,Nasdaq,2013-04-01 00:00:00 UTC,AA
"Stock Market News for March 22, 2013 - Market News",https://www.nasdaq.com/articles/stock-market-news-for-march-22-2013-market-news-2013-03-22,Nasdaq,2013-03-22 00:00:00 UTC,AA
"Benzinga Market Primer, Monday March 18",https://www.nasdaq.com/articles/benzinga-market-primer-monday-march-18-2013-03-18,Nasdaq,2013-03-18 00:00:00 UTC,AA
"Stock Market News for March 12, 2013 - Market News",https://www.nasdaq.com/articles/stock-market-news-for-march-12-2013-market-news-2013-03-12,Nasdaq,2013-03-12 00:00:00 UTC,AA
ArcelorMittal Hedges Business Risk And Targets Growth With Mining Expansion,https://www.nasdaq.com/articles/arcelormittal-hedges-business-risk-and-targets-growth-mining-expansion-2013-03-11,Nasdaq,2013-03-11 00:00:00 UTC,AA
Alcoa Recognized Again by Fortune - Analyst Blog,https://www.nasdaq.com/articles/alcoa-recognized-again-by-fortune-analyst-blog-2013-03-04,Nasdaq,2013-03-04 00:00:00 UTC,AA
"After Hours Most Active for Feb 25, 2013 : QQQ, BAC, SIRI, MT, XOM, NLY, T, FB, AA, AFFY, INTC, MSFT",https://www.nasdaq.com/articles/after-hours-most-active-feb-25-2013-qqq-bac-siri-mt-xom-nly-t-fb-aa-affy-intc-msft-2013-02,Nasdaq,2013-02-25 00:00:00 UTC,AA
Metal Turnaround Stocks: From Laggards To Leaders,https://www.nasdaq.com/articles/metal-turnaround-stocks-laggards-leaders-2013-02-20,Nasdaq,2013-02-20 00:00:00 UTC,AA
"Market Close Report: NASDAQ Composite index closes at 3,164.41 down -49.18 points",https://www.nasdaq.com/articles/market-close-report-nasdaq-composite-index-closes-316441-down-4918-points-2013-02-20,Nasdaq,2013-02-20 00:00:00 UTC,AA
"Housing Data, Fed Minutes Beat Dow Back Below 14,000",https://www.nasdaq.com/articles/housing-data-fed-minutes-beat-dow-back-below-14000-2013-02-20,Nasdaq,2013-02-20 00:00:00 UTC,AA
The Best Stock for the Comeback Commodity of 2013,https://www.nasdaq.com/articles/best-stock-comeback-commodity-2013-2013-02-20,Nasdaq,2013-02-20 00:00:00 UTC,AA
"Dow Roars Out of Gate and Finishes Above 14,000",https://www.nasdaq.com/articles/dow-roars-out-gate-and-finishes-above-14000-2013-02-19,Nasdaq,2013-02-19 00:00:00 UTC,AA
"Market Close Report: NASDAQ Composite index closes at 3,213.59 up 21.56 points",https://www.nasdaq.com/articles/market-close-report-nasdaq-composite-index-closes-321359-2156-points-2013-02-19,Nasdaq,2013-02-19 00:00:00 UTC,AA
"After Hours Most Active for Feb 15, 2013 : BAC, QQQ, ZTS, AA, DCT, BDN, CTAS, NWSA, TWX, MDLZ, MSFT, NCLH",https://www.nasdaq.com/articles/after-hours-most-active-feb-15-2013-bac-qqq-zts-aa-dct-bdn-ctas-nwsa-twx-mdlz-msft-nclh,Nasdaq,2013-02-15 00:00:00 UTC,AA
Metals & Mining Stock Outlook - Feb 2013 - Industry Outlook,https://www.nasdaq.com/articles/metals-mining-stock-outlook-feb-2013-industry-outlook-2013-02-14,Nasdaq,2013-02-14 00:00:00 UTC,AA
Metals & Mining Stock Outlook - Feb 2013 - Industry Outlook,https://www.nasdaq.com/articles/metals-mining-stock-outlook-feb-2013-industry-outlook-2013-02-14-0,Nasdaq,2013-02-14 00:00:00 UTC,AA
Metals & Mining Stock Outlook - Feb 2013 - Zacks Analyst Interviews,https://www.nasdaq.com/articles/metals-mining-stock-outlook-feb-2013-zacks-analyst-interviews-2013-02-14,Nasdaq,2013-02-14 00:00:00 UTC,AA
Dow Finishes Down But Only Barely,https://www.nasdaq.com/articles/dow-finishes-down-only-barely-2013-02-14,Nasdaq,2013-02-14 00:00:00 UTC,AA
Halftime Report: Fourth-Quarter Earnings Season,https://www.nasdaq.com/articles/halftime-report-fourth-quarter-earnings-season-2013-02-08,Nasdaq,2013-02-08 00:00:00 UTC,AA
Alcoa Recognized in China - Analyst Blog,https://www.nasdaq.com/articles/alcoa-recognized-in-china-analyst-blog-2013-02-07,Nasdaq,2013-02-07 00:00:00 UTC,AA
"Alcoa Inc. (AA) Ex-Dividend Date Scheduled for February 06, 2013",https://www.nasdaq.com/articles/alcoa-inc-aa-ex-dividend-date-scheduled-february-06-2013-2013-02-04,Nasdaq,2013-02-04 00:00:00 UTC,AA
Alcoa Signs Deal with COMAC - Analyst Blog,https://www.nasdaq.com/articles/alcoa-signs-deal-with-comac-analyst-blog-2013-01-31,Nasdaq,2013-01-31 00:00:00 UTC,AA
U.S. Steel Shows Encouraging Signs Of A Recovery,https://www.nasdaq.com/articles/us-steel-shows-encouraging-signs-recovery-2013-01-30,Nasdaq,2013-01-30 00:00:00 UTC,AA
Alcoa Cozies Up With China Plane Manufacturer With Fasteners Deal,https://www.nasdaq.com/articles/alcoa-cozies-china-plane-manufacturer-fasteners-deal-2013-01-30,Nasdaq,2013-01-30 00:00:00 UTC,AA
"Dow Breaks Its Winning Streak (Albeit Barely), S&P Clings to Support",https://www.nasdaq.com/articles/dow-breaks-its-winning-streak-albeit-barely-sp-clings-support-2013-01-28,Nasdaq,2013-01-28 00:00:00 UTC,AA
"Market Close Report: NASDAQ Composite index closes at 3,154.30 up 4.59 points",https://www.nasdaq.com/articles/market-close-report-nasdaq-composite-index-closes-315430-459-points-2013-01-28,Nasdaq,2013-01-28 00:00:00 UTC,AA
U.S. Steel Earnings Could Be Weak But Outlook Is Improving,https://www.nasdaq.com/articles/us-steel-earnings-could-be-weak-outlook-improving-2013-01-28,Nasdaq,2013-01-28 00:00:00 UTC,AA
"Market Close Report: NASDAQ trading volume joins the top ten ranking for the year. NASDAQ Composite Index closes at 3,130.38",https://www.nasdaq.com/articles/market-close-report-nasdaq-trading-volume-joins-top-ten-ranking-year-nasdaq-composite-65,Nasdaq,2013-01-24 00:00:00 UTC,AA
"Buying into Alcoa, Arnold Van Den Berg and Insiders",https://www.nasdaq.com/articles/buying-alcoa-arnold-van-den-berg-and-insiders-2013-01-15,Nasdaq,2013-01-15 00:00:00 UTC,AA
"Stock Market News for January 14, 2013 - Market News",https://www.nasdaq.com/articles/stock-market-news-for-january-14-2013-market-news-2013-01-14,Nasdaq,2013-01-14 00:00:00 UTC,AA
"Stock Market News for January 11, 2013 - Market News",https://www.nasdaq.com/articles/stock-market-news-for-january-11-2013-market-news-2013-01-11,Nasdaq,2013-01-11 00:00:00 UTC,AA
Alcoa Reports Q4 Profit As Long Term Demand Growth Is On Track,https://www.nasdaq.com/articles/alcoa-reports-q4-profit-long-term-demand-growth-track-2013-01-10,Nasdaq,2013-01-10 00:00:00 UTC,AA
"Market Close Report: NASDAQ Composite index closes at 3,121.76 up 15.95 points",https://www.nasdaq.com/articles/market-close-report-nasdaq-composite-index-closes-312176-1595-points-2013-01-10,Nasdaq,2013-01-10 00:00:00 UTC,AA
Bulls Hold the Reins as Indexes Approach Multi-Year Highs,https://www.nasdaq.com/articles/bulls-hold-reins-indexes-approach-multi-year-highs-2013-01-10,Nasdaq,2013-01-10 00:00:00 UTC,AA
"Century's Arnold Van Den Berg Updates Q4 Portfolio, His Biggest Buys",https://www.nasdaq.com/articles/centurys-arnold-van-den-berg-updates-q4-portfolio-his-biggest-buys-2013-01-09,Nasdaq,2013-01-09 00:00:00 UTC,AA
"Pre-Market Most Active for Jan 9, 2013 : CLWR, BAC, NOK, S, MT, FB, AA, UBS, GILT, SIRI, APOL, QQQ",https://www.nasdaq.com/articles/pre-market-most-active-jan-9-2013-clwr-bac-nok-s-mt-fb-aa-ubs-gilt-siri-apol-qqq-2013-01,Nasdaq,2013-01-09 00:00:00 UTC,AA
"Ahead of Wall Street - January 9, 2013 - Ahead of Wall Street",https://www.nasdaq.com/articles/ahead-wall-street-january-9-2013-ahead-wall-street-2013-01-09,Nasdaq,2013-01-09 00:00:00 UTC,AA
"Stock Market News for January 9, 2013 - Market News",https://www.nasdaq.com/articles/stock-market-news-for-january-9-2013-market-news-2013-01-09,Nasdaq,2013-01-09 00:00:00 UTC,AA
"Alcoa Meets, Paints Upbeat View - Analyst Blog",https://www.nasdaq.com/articles/alcoa-meets-paints-upbeat-view-analyst-blog-2013-01-09,Nasdaq,2013-01-09 00:00:00 UTC,AA
"Brazilian Stocks Snap 3-Day Skid, Mexican Index Hits New High as Miners Rally With Alcoa Results",https://www.nasdaq.com/articles/brazilian-stocks-snap-3-day-skid-mexican-index-hits-new-high-miners-rally-alcoa-results,Nasdaq,2013-01-09 00:00:00 UTC,AA
Stocks End Higher as Investors Celebrate the Start of Earnings Season,https://www.nasdaq.com/articles/stocks-end-higher-investors-celebrate-start-earnings-season-2013-01-09,Nasdaq,2013-01-09 00:00:00 UTC,AA
Alcoa (AA) Earnings Don’t Tell Us Much,https://www.nasdaq.com/articles/alcoa-aa-earnings-dont-tell-us-much-2013-01-08,Nasdaq,2013-01-08 00:00:00 UTC,AA
Dow Drops Again in Quiet Session While VIX Continues Its Descent,https://www.nasdaq.com/articles/dow-drops-again-quiet-session-while-vix-continues-its-descent-2013-01-08,Nasdaq,2013-01-08 00:00:00 UTC,AA
"After Hours Most Active for Jan 8, 2013 : AA, ETP, QQQ, BAC, EMC, NOK, APOL, BX, STX, SIRI, MSFT, QGEN",https://www.nasdaq.com/articles/after-hours-most-active-jan-8-2013-aa-etp-qqq-bac-emc-nok-apol-bx-stx-siri-msft-qgen-2013,Nasdaq,2013-01-08 00:00:00 UTC,AA
Alcoa (AA) Starts Q4 Earnings Season on the Right Foot; Sales Grow Sequentially,https://www.nasdaq.com/articles/alcoa-aa-starts-q4-earnings-season-right-foot-sales-grow-sequentially-2013-01-08,Nasdaq,2013-01-08 00:00:00 UTC,AA
"Stock Market News for January 8, 2013 - Market News",https://www.nasdaq.com/articles/stock-market-news-for-january-8-2013-market-news-2013-01-08,Nasdaq,2013-01-08 00:00:00 UTC,AA
Q4 Earnings Season Gets Underway - Analyst Blog,https://www.nasdaq.com/articles/q4-earnings-season-gets-underway-analyst-blog-2013-01-08,Nasdaq,2013-01-08 00:00:00 UTC,AA
Earnings Preview: Alcoa Inc. - Analyst Blog,https://www.nasdaq.com/articles/earnings-preview%3A-alcoa-inc.-analyst-blog-2013-01-07,Nasdaq,2013-01-07 00:00:00 UTC,AA
Earnings Season Starts This Week - Analyst Blog,https://www.nasdaq.com/articles/earnings-season-starts-week-analyst-blog-2013-01-07,Nasdaq,2013-01-07 00:00:00 UTC,AA
Critical Earnings Season Begins Tomorrow,https://www.nasdaq.com/articles/critical-earnings-season-begins-tomorrow-2013-01-07,Nasdaq,2013-01-07 00:00:00 UTC,AA
A Look Ahead: This Week's ETFs to Watch,https://www.nasdaq.com/articles/look-ahead-weeks-etfs-watch-2013-01-07,Nasdaq,2013-01-07 00:00:00 UTC,AA
Alcoa's Q4 Earnings: Aluminum Prices Will Weigh On Results,https://www.nasdaq.com/articles/alcoas-q4-earnings-aluminum-prices-will-weigh-results-2013-01-07,Nasdaq,2013-01-07 00:00:00 UTC,AA
Alcoa Earnings Preview: Lower Fourth-Quarter Revenue Expected,https://www.nasdaq.com/articles/alcoa-earnings-preview-lower-fourth-quarter-revenue-expected-2013-01-06,Nasdaq,2013-01-06 00:00:00 UTC,AA
"Market Close Report: NASDAQ trading volume joins the top ten ranking for the year. NASDAQ Composite Index closes at 3,101.66",https://www.nasdaq.com/articles/market-close-report-nasdaq-trading-volume-joins-top-ten-ranking-year-nasdaq-composite-71,Nasdaq,2013-01-04 00:00:00 UTC,AA
Markets End the Week with Solid Gains,https://www.nasdaq.com/articles/markets-end-week-solid-gains-2013-01-04,Nasdaq,2013-01-04 00:00:00 UTC,AA
Vale Is Staring At A Q4 Loss On Impairments And Additional Tax Charges,https://www.nasdaq.com/articles/vale-staring-q4-loss-impairments-and-additional-tax-charges-2012-12-31,Nasdaq,2012-12-31 00:00:00 UTC,AA
"Market Close Report: NASDAQ Composite index closes at 3,012.60 down -8.41 points",https://www.nasdaq.com/articles/market-close-report-nasdaq-composite-index-closes-301260-down-841-points-2012-12-24,Nasdaq,2012-12-24 00:00:00 UTC,AA
Stocks Close Modestly Lower in Thin Pre-Holiday Trading,https://www.nasdaq.com/articles/stocks-close-modestly-lower-thin-pre-holiday-trading-2012-12-24,Nasdaq,2012-12-24 00:00:00 UTC,AA
Alcoa Signs Contract with Siemens - Analyst Blog,https://www.nasdaq.com/articles/alcoa-signs-contract-with-siemens-analyst-blog-2012-12-24,Nasdaq,2012-12-24 00:00:00 UTC,AA
Alcoa Opens Wheel Plant in China - Analyst Blog,https://www.nasdaq.com/articles/alcoa-opens-wheel-plant-in-china-analyst-blog-2012-12-17,Nasdaq,2012-12-17 00:00:00 UTC,AA
Fiscal Cliff Resolution for Christmas? - Analyst Blog,https://www.nasdaq.com/articles/fiscal-cliff-resolution-christmas-analyst-blog-2012-12-17,Nasdaq,2012-12-17 00:00:00 UTC,AA
"Ahead of Wall Street - December 17, 2012 - Ahead of Wall Street",https://www.nasdaq.com/articles/ahead-wall-street-december-17-2012-ahead-wall-street-2012-12-17,Nasdaq,2012-12-17 00:00:00 UTC,AA
Market Edges South for the Week as Fiscal Cliff Impasse Drags On,https://www.nasdaq.com/articles/market-edges-south-week-fiscal-cliff-impasse-drags-2012-12-14,Nasdaq,2012-12-14 00:00:00 UTC,AA
Alcoa- Ma'aden Reaches Milestone - Analyst Blog,https://www.nasdaq.com/articles/alcoa-maaden-reaches-milestone-analyst-blog-2012-12-14,Nasdaq,2012-12-14 00:00:00 UTC,AA
Alcoa Signs Contract with BPA - Analyst Blog,https://www.nasdaq.com/articles/alcoa-signs-contract-with-bpa-analyst-blog-2012-12-11,Nasdaq,2012-12-11 00:00:00 UTC,AA
Dow Pariahs for 2013,https://www.nasdaq.com/articles/dow-pariahs-2013-2012-12-09,Nasdaq,2012-12-09 00:00:00 UTC,AA
Dow Settles at One-Month High Ahead of Closely Watched Payrolls Report,https://www.nasdaq.com/articles/dow-settles-one-month-high-ahead-closely-watched-payrolls-report-2012-12-06,Nasdaq,2012-12-06 00:00:00 UTC,AA
Avoid These Single-Digit Stocks in 2013,https://www.nasdaq.com/articles/avoid-these-single-digit-stocks-2013-2012-12-03,Nasdaq,2012-12-03 00:00:00 UTC,AA
"Fiscal-Cliff Fears, Factory Data Pressure Stocks Lower",https://www.nasdaq.com/articles/fiscal-cliff-fears-factory-data-pressure-stocks-lower-2012-12-03,Nasdaq,2012-12-03 00:00:00 UTC,AA
Dow Reclaims 13K as Wall Street Keeps the Faith in Washington,https://www.nasdaq.com/articles/dow-reclaims-13k-wall-street-keeps-faith-washington-2012-11-29,Nasdaq,2012-11-29 00:00:00 UTC,AA
"After Hours Most Active for Nov 26, 2012 : MSFT, INTC, GE, BRCM, CVC, T, PFE, NVDA, FB, AA, S, WFM",https://www.nasdaq.com/articles/after-hours-most-active-nov-26-2012-msft-intc-ge-brcm-cvc-t-pfe-nvda-fb-aa-s-wfm-2012-11,Nasdaq,2012-11-26 00:00:00 UTC,AA
"Market Close Report: NASDAQ Composite index closes at 2,853.13 up 16.19 points",https://www.nasdaq.com/articles/market-close-report-nasdaq-composite-index-closes-285313-1619-points-2012-11-16,Nasdaq,2012-11-16 00:00:00 UTC,AA
Dow Wins the Daily Battle But Loses the Weekly War,https://www.nasdaq.com/articles/dow-wins-daily-battle-loses-weekly-war-2012-11-16,Nasdaq,2012-11-16 00:00:00 UTC,AA
Alcoa to Sale Tapoco Project - Analyst Blog,https://www.nasdaq.com/articles/alcoa-to-sale-tapoco-project-analyst-blog-2012-11-16,Nasdaq,2012-11-16 00:00:00 UTC,AA
"After Hours Most Active for Nov 5, 2012 : ESRX, JCP, QQQ, AA, RIMM, Z, FTR, BAC, INTC, TSM, BLL, NLY",https://www.nasdaq.com/articles/after-hours-most-active-nov-5-2012-esrx-jcp-qqq-aa-rimm-z-ftr-bac-intc-tsm-bll-nly-2012-11,Nasdaq,2012-11-05 00:00:00 UTC,AA
An Golden Way to Play the Fed's Loose Money Policies,https://www.nasdaq.com/articles/golden-way-play-feds-loose-money-policies-2012-10-22,Nasdaq,2012-10-22 00:00:00 UTC,AA
Three Key Metrics to Track Ahead of the Earnings Onslaught,https://www.nasdaq.com/articles/three-key-metrics-track-ahead-earnings-onslaught-2012-10-18,Nasdaq,2012-10-18 00:00:00 UTC,AA
Housing Sector Is Bright Spot In Otherwise Slow-Moving Day,https://www.nasdaq.com/articles/housing-sector-bright-spot-otherwise-slow-moving-day-2012-10-17,Nasdaq,2012-10-17 00:00:00 UTC,AA
Alcoa’s Earnings Report: What is it Good For? Absolutely Nothing!,https://www.nasdaq.com/articles/alcoas-earnings-report-what-it-good-absolutely-nothing-2012-10-16,Nasdaq,2012-10-16 00:00:00 UTC,AA
The Ironclad Investment Case for Steel,https://www.nasdaq.com/articles/ironclad-investment-case-steel-2012-10-16,Nasdaq,2012-10-16 00:00:00 UTC,AA
"Weekly Top Insider Buys: AMAT, AA, IHS, AGCO, GEL",https://www.nasdaq.com/articles/weekly-top-insider-buys-amat-aa-ihs-agco-gel-2012-10-15,Nasdaq,2012-10-15 00:00:00 UTC,AA
Alcoa Signs Tentative BPA Contract - Analyst Blog,https://www.nasdaq.com/articles/alcoa-signs-tentative-bpa-contract-analyst-blog-2012-10-15,Nasdaq,2012-10-15 00:00:00 UTC,AA
"Company News for October 11, 2012 - Corporate Summary",https://www.nasdaq.com/articles/company-news-for-october-11-2012-corporate-summary-2012-10-11,Nasdaq,2012-10-11 00:00:00 UTC,AA
"Stock Market News for October 11, 2012 - Market News",https://www.nasdaq.com/articles/stock-market-news-for-october-11-2012-market-news-2012-10-11,Nasdaq,2012-10-11 00:00:00 UTC,AA
"Jobless Claims, Spain News Spur Market - Analyst Blog",https://www.nasdaq.com/articles/jobless-claims-spain-news-spur-market-analyst-blog-2012-10-11,Nasdaq,2012-10-11 00:00:00 UTC,AA
Metals & Mining Stock Outlook - Oct. 2012 - Zacks Analyst Interviews,https://www.nasdaq.com/articles/metals-mining-stock-outlook-oct.-2012-zacks-analyst-interviews-2012-10-11,Nasdaq,2012-10-11 00:00:00 UTC,AA
Metals & Mining Stock Outlook - Oct. 2012 - Industry Outlook,https://www.nasdaq.com/articles/metals-mining-stock-outlook-oct.-2012-industry-outlook-2012-10-11-0,Nasdaq,2012-10-11 00:00:00 UTC,AA
5 Warning Signs Of A Stock Market Correction,https://www.nasdaq.com/articles/5-warning-signs-stock-market-correction-2012-10-11,Nasdaq,2012-10-11 00:00:00 UTC,AA
Metals & Mining Stock Outlook - Oct. 2012 - Industry Outlook,https://www.nasdaq.com/articles/metals-mining-stock-outlook-oct.-2012-industry-outlook-2012-10-11,Nasdaq,2012-10-11 00:00:00 UTC,AA
"Pre-Market Most Active for Oct 10, 2012 : AA, TRLG, SAP, BAC, QQQ, MT, FB, RDS/A, LXP, AAPL, EBAY, SIRI",https://www.nasdaq.com/articles/pre-market-most-active-oct-10-2012-aa-trlg-sap-bac-qqq-mt-fb-rdsa-lxp-aapl-ebay-siri-2012,Nasdaq,2012-10-10 00:00:00 UTC,AA
"Morning Earnings Roundup: Alcoa Weak, Costco Strong",https://www.nasdaq.com/articles/morning-earnings-roundup-alcoa-weak-costco-strong-2012-10-10,Nasdaq,2012-10-10 00:00:00 UTC,AA
"Ahead of Wall Street - October 10, 2012 - Ahead of Wall Street",https://www.nasdaq.com/articles/ahead-wall-street-october-10-2012-ahead-wall-street-2012-10-10,Nasdaq,2012-10-10 00:00:00 UTC,AA
Cameco Corporation Close to a Bottom,https://www.nasdaq.com/articles/cameco-corporation-close-bottom-2012-10-10,Nasdaq,2012-10-10 00:00:00 UTC,AA
Earnings Season Kicks Off OK - Analyst Blog,https://www.nasdaq.com/articles/earnings-season-kicks-ok-analyst-blog-2012-10-10,Nasdaq,2012-10-10 00:00:00 UTC,AA
5 Warning Signs For S&P 500 ETF In Stock Correction,https://www.nasdaq.com/articles/5-warning-signs-sp-500-etf-stock-correction-2012-10-10,Nasdaq,2012-10-10 00:00:00 UTC,AA
Alcoa Swings to $143 Million Q3 Loss on Charges; Adjusted Results Beat View (AA),https://www.nasdaq.com/articles/alcoa-swings-143-million-q3-loss-charges-adjusted-results-beat-view-aa-2012-10-10,Nasdaq,2012-10-10 00:00:00 UTC,AA
"Stock Market News for October 10, 2012 - Market News",https://www.nasdaq.com/articles/stock-market-news-for-october-10-2012-market-news-2012-10-10,Nasdaq,2012-10-10 00:00:00 UTC,AA
Dow Fades 128 Points as Sellers Take Hold of Wall Street,https://www.nasdaq.com/articles/dow-fades-128-points-sellers-take-hold-wall-street-2012-10-10,Nasdaq,2012-10-10 00:00:00 UTC,AA
"Stock Market News for October 9, 2012 - Market News",https://www.nasdaq.com/articles/stock-market-news-for-october-9-2012-market-news-2012-10-09,Nasdaq,2012-10-09 00:00:00 UTC,AA
"Here Come Earnings, but Forecasts Are Key - Analyst Blog",https://www.nasdaq.com/articles/here-come-earnings-forecasts-are-key-analyst-blog-2012-10-09,Nasdaq,2012-10-09 00:00:00 UTC,AA
Dow Sheds 110 Amid Earnings Anxiety and Tech-Sector Woes,https://www.nasdaq.com/articles/dow-sheds-110-amid-earnings-anxiety-and-tech-sector-woes-2012-10-09,Nasdaq,2012-10-09 00:00:00 UTC,AA
"After Hours Most Active for Oct 9, 2012 : QQQ, PRU, MO, AA, DTV, BAC, CTL, QCOM, SAN, INTC, MSFT, ORCL",https://www.nasdaq.com/articles/after-hours-most-active-oct-9-2012-qqq-pru-mo-aa-dtv-bac-ctl-qcom-san-intc-msft-orcl-2012,Nasdaq,2012-10-09 00:00:00 UTC,AA
"Ahead of Wall Street - October 9, 2012 - Ahead of Wall Street",https://www.nasdaq.com/articles/ahead-wall-street-october-9-2012-ahead-wall-street-2012-10-09,Nasdaq,2012-10-09 00:00:00 UTC,AA
Stock Market Trends: Wall Street is Getting Shaky,https://www.nasdaq.com/articles/stock-market-trends-wall-street-getting-shaky-2012-10-09,Nasdaq,2012-10-09 00:00:00 UTC,AA
"Baidu, RIM Drag Nasdaq 100 Below Key 50-Day Avg",https://www.nasdaq.com/articles/baidu-rim-drag-nasdaq-100-below-key-50-day-avg-2012-10-09,Nasdaq,2012-10-09 00:00:00 UTC,AA
Weekly Earnings Calendar: Alcoa (AA) Kicks Off Q3,https://www.nasdaq.com/articles/weekly-earnings-calendar-alcoa-aa-kicks-q3-2012-10-08,Nasdaq,2012-10-08 00:00:00 UTC,AA
"Stock Market News for October 8, 2012 - Market News",https://www.nasdaq.com/articles/stock-market-news-for-october-8-2012-market-news-2012-10-08,Nasdaq,2012-10-08 00:00:00 UTC,AA
"Ahead of Wall Street - October 8, 2012 - Ahead of Wall Street",https://www.nasdaq.com/articles/ahead-wall-street-october-8-2012-ahead-wall-street-2012-10-08,Nasdaq,2012-10-08 00:00:00 UTC,AA
Earnings Season Concerns - Analyst Blog,https://www.nasdaq.com/articles/earnings-season-concerns-analyst-blog-2012-10-08,Nasdaq,2012-10-08 00:00:00 UTC,AA
Earnings Preview: Alcoa Inc. - Analyst Blog,https://www.nasdaq.com/articles/earnings-preview%3A-alcoa-inc.-analyst-blog-2012-10-08,Nasdaq,2012-10-08 00:00:00 UTC,AA
Inside the Dow Jones Industrial Average ETF (DIA) - ETF News And Commentary,https://www.nasdaq.com/articles/inside-dow-jones-industrial-average-etf-dia-etf-news-and-commentary-2012-10-05,Nasdaq,2012-10-05 00:00:00 UTC,AA
"Market Wrap-Up for Oct.5 (AAPL, HD, ADP, MA, PAYX, more)",https://www.nasdaq.com/articles/market-wrap-oct5-aapl-hd-adp-ma-payx-more-2012-10-05,Nasdaq,2012-10-05 00:00:00 UTC,AA
Alcoa to Clean Up Grasse River - Analyst Blog,https://www.nasdaq.com/articles/alcoa-to-clean-up-grasse-river-analyst-blog-2012-10-03,Nasdaq,2012-10-03 00:00:00 UTC,AA
"Ahead of Wall Street - October 2, 2012 - Ahead of Wall Street",https://www.nasdaq.com/articles/ahead-wall-street-october-2-2012-ahead-wall-street-2012-10-02,Nasdaq,2012-10-02 00:00:00 UTC,AA
Lingering Positivity Ahead of Jobs Reports - Analyst Blog,https://www.nasdaq.com/articles/lingering-positivity-ahead-jobs-reports-analyst-blog-2012-10-02,Nasdaq,2012-10-02 00:00:00 UTC,AA
Alcoa to Modernize Cheoah Dam - Analyst Blog,https://www.nasdaq.com/articles/alcoa-to-modernize-cheoah-dam-analyst-blog-2012-09-28,Nasdaq,2012-09-28 00:00:00 UTC,AA
Dahlman Rose Downgrades Alcoa to “Hold”; Potential Spin-off is Only Catalyst (AA),https://www.nasdaq.com/articles/dahlman-rose-downgrades-alcoa-hold-potential-spin-only-catalyst-aa-2012-09-27,Nasdaq,2012-09-27 00:00:00 UTC,AA
Alcoa Wheels Helps Reduce Emissions - Analyst Blog,https://www.nasdaq.com/articles/alcoa-wheels-helps-reduce-emissions-analyst-blog-2012-09-27,Nasdaq,2012-09-27 00:00:00 UTC,AA
Alcoa Commits to Increase Recycling - Analyst Blog,https://www.nasdaq.com/articles/alcoa-commits-to-increase-recycling-analyst-blog-2012-09-25,Nasdaq,2012-09-25 00:00:00 UTC,AA
"After Hours Most Active for Sep 18, 2012 : INTC, QQQ, WCRX, VRSN, SSYS, KO, DAL, HF, BAC, AA, TWX, MSFT",https://www.nasdaq.com/articles/after-hours-most-active-sep-18-2012-intc-qqq-wcrx-vrsn-ssys-ko-dal-hf-bac-aa-twx-msft-2012,Nasdaq,2012-09-18 00:00:00 UTC,AA
"Markets Consolidate, But Dow Muscles Higher",https://www.nasdaq.com/articles/markets-consolidate-dow-muscles-higher-2012-09-18,Nasdaq,2012-09-18 00:00:00 UTC,AA
Back to Reality: FedEx Reports - Analyst Blog,https://www.nasdaq.com/articles/back-reality-fedex-reports-analyst-blog-2012-09-18,Nasdaq,2012-09-18 00:00:00 UTC,AA
"Jeffries Sees Shares of Alcoa as Fully Valued in the Near Term, Prefers Freeport McMoran (AA, FCX)",https://www.nasdaq.com/articles/jeffries-sees-shares-alcoa-fully-valued-near-term-prefers-freeport-mcmoran-aa-fcx-2012-09,Nasdaq,2012-09-18 00:00:00 UTC,AA
"Ahead of Wall Street - September 18, 2012 - Ahead of Wall Street",https://www.nasdaq.com/articles/ahead-wall-street-september-18-2012-ahead-wall-street-2012-09-18,Nasdaq,2012-09-18 00:00:00 UTC,AA
Stocks Break Winning Streak but Hold Technical Support,https://www.nasdaq.com/articles/stocks-break-winning-streak-hold-technical-support-2012-09-17,Nasdaq,2012-09-17 00:00:00 UTC,AA
"Stock Market News for September 14, 2012 - Market News",https://www.nasdaq.com/articles/stock-market-news-for-september-14-2012-market-news-2012-09-14,Nasdaq,2012-09-14 00:00:00 UTC,AA
"I'm Buying $10,000 in This Unique Fund to Stay Ahead of This Fast-Changing Market",https://www.nasdaq.com/articles/im-buying-10000-unique-fund-stay-ahead-fast-changing-market-2012-09-14,Nasdaq,2012-09-14 00:00:00 UTC,AA
Why the bear market is finally ending,https://www.nasdaq.com/articles/why-bear-market-finally-ending-2012-09-13,Nasdaq,2012-09-13 00:00:00 UTC,AA
"After Hours Most Active for Sep 10, 2012 : NIHD, AA, PAY, DELL, BAC, QQQ, STT, INTC, AIG, DRYS, HBAN, CVH",https://www.nasdaq.com/articles/after-hours-most-active-sep-10-2012-nihd-aa-pay-dell-bac-qqq-stt-intc-aig-drys-hban-cvh,Nasdaq,2012-09-10 00:00:00 UTC,AA
"Buy or Sell? Monday's Winners: PPHM, CENX",https://www.nasdaq.com/articles/buy-or-sell-mondays-winners-pphm-cenx-2012-09-10,Nasdaq,2012-09-10 00:00:00 UTC,AA
Alcoa Gains Control of Evermore - Analyst Blog,https://www.nasdaq.com/articles/alcoa-gains-control-of-evermore-analyst-blog-2012-09-04,Nasdaq,2012-09-04 00:00:00 UTC,AA
BHP Divests Uranium Deposit - Analyst Blog,https://www.nasdaq.com/articles/bhp-divests-uranium-deposit-analyst-blog-2012-08-28,Nasdaq,2012-08-28 00:00:00 UTC,AA
"After Hours Most Active for Aug 28, 2012 : T, HPQ, KFT, AA, QQQ, VRSN, PHM, BAC, JPM, VXUS, FITB, MYL",https://www.nasdaq.com/articles/after-hours-most-active-aug-28-2012-t-hpq-kft-aa-qqq-vrsn-phm-bac-jpm-vxus-fitb-myl-2012,Nasdaq,2012-08-28 00:00:00 UTC,AA
Bulls Lift Dow 100 Points; Banks Move to Buoy Global Economy,https://www.nasdaq.com/articles/bulls-lift-dow-100-points-banks-move-buoy-global-economy-2012-08-24,Nasdaq,2012-08-24 00:00:00 UTC,AA
BHP Delivers Weak Fiscal Numbers - Analyst Blog,https://www.nasdaq.com/articles/bhp-delivers-weak-fiscal-numbers-analyst-blog-2012-08-23,Nasdaq,2012-08-23 00:00:00 UTC,AA
Alcoa to Divest Rockdale Assets - Analyst Blog,https://www.nasdaq.com/articles/alcoa-to-divest-rockdale-assets-analyst-blog-2012-08-16,Nasdaq,2012-08-16 00:00:00 UTC,AA
Ball Corp to Streamline Production - Analyst Blog,https://www.nasdaq.com/articles/ball-corp-to-streamline-production-analyst-blog-2012-08-16,Nasdaq,2012-08-16 00:00:00 UTC,AA
"Last-Minute Selling Pressure Drags Dow, SPX Near Breakeven",https://www.nasdaq.com/articles/last-minute-selling-pressure-drags-dow-spx-near-breakeven-2012-08-14,Nasdaq,2012-08-14 00:00:00 UTC,AA
"Dow Dips, SPX Snaps Winning Streak as Bulls Take a Breather",https://www.nasdaq.com/articles/dow-dips-spx-snaps-winning-streak-bulls-take-breather-2012-08-13,Nasdaq,2012-08-13 00:00:00 UTC,AA
Alcoa Deploys Drill Pipe in Brunei - Analyst Blog,https://www.nasdaq.com/articles/alcoa-deploys-drill-pipe-in-brunei-analyst-blog-2012-08-10,Nasdaq,2012-08-10 00:00:00 UTC,AA
"Stock Market News for August 7, 2012 - Market News",https://www.nasdaq.com/articles/stock-market-news-for-august-7-2012-market-news-2012-08-07,Nasdaq,2012-08-07 00:00:00 UTC,AA
"Stock Market News for August 6, 2012 - Market News",https://www.nasdaq.com/articles/stock-market-news-for-august-6-2012-market-news-2012-08-06,Nasdaq,2012-08-06 00:00:00 UTC,AA
Alcoa Clinches Drill Pipe Contract - Analyst Blog,https://www.nasdaq.com/articles/alcoa-clinches-drill-pipe-contract-analyst-blog-2012-08-03,Nasdaq,2012-08-03 00:00:00 UTC,AA
Wall Street Sells on the News; Dow Drops 92 Points,https://www.nasdaq.com/articles/wall-street-sells-news-dow-drops-92-points-2012-08-02,Nasdaq,2012-08-02 00:00:00 UTC,AA
"Stock Market News for July 30, 2012 - Market News",https://www.nasdaq.com/articles/stock-market-news-for-july-30-2012-market-news-2012-07-30,Nasdaq,2012-07-30 00:00:00 UTC,AA
"Hopes Might Be High, But Wall Street Is Wary Before Fed, ECB Meetings",https://www.nasdaq.com/articles/hopes-might-be-high-wall-street-wary-fed-ecb-meetings-2012-07-30,Nasdaq,2012-07-30 00:00:00 UTC,AA
Largest option buying in equities so far,https://www.nasdaq.com/articles/largest-option-buying-equities-so-far-2012-07-25,Nasdaq,2012-07-25 00:00:00 UTC,AA
"Obama's ""CAFE"" Mandate Could Double Demand for this Metal",https://www.nasdaq.com/articles/obamas-cafe-mandate-could-double-demand-metal-2012-07-24,Nasdaq,2012-07-24 00:00:00 UTC,AA
Earnings Scorecard: Alcoa - Analyst Blog,https://www.nasdaq.com/articles/earnings-scorecard%3A-alcoa-analyst-blog-2012-07-20,Nasdaq,2012-07-20 00:00:00 UTC,AA
One of the Biggest Opportunities in Commodities Since 1997,https://www.nasdaq.com/articles/one-biggest-opportunities-commodities-1997-2012-07-19,Nasdaq,2012-07-19 00:00:00 UTC,AA
Alcoa to Control Evermore - Analyst Blog,https://www.nasdaq.com/articles/alcoa-to-control-evermore-analyst-blog-2012-07-17,Nasdaq,2012-07-17 00:00:00 UTC,AA
"After Hours Most Active for Jul 16, 2012 : YHOO, SVU, F, BSX, AA, LSI, WM, CTRP, CMCSA, NWSA, CSCO, CELG",https://www.nasdaq.com/articles/after-hours-most-active-jul-16-2012-yhoo-svu-f-bsx-aa-lsi-wm-ctrp-cmcsa-nwsa-csco-celg,Nasdaq,2012-07-16 00:00:00 UTC,AA
Alcoa Signs $1.4bn Deal with Airbus - Analyst Blog,https://www.nasdaq.com/articles/alcoa-signs-%241.4bn-deal-with-airbus-analyst-blog-2012-07-12,Nasdaq,2012-07-12 00:00:00 UTC,AA
"After Hours Most Active for Jul 12, 2012 : QQQ, BAC, AA, WM, TWTC, AMD, AOL, NLY, WIN, MSFT, ATVI, AMRN",https://www.nasdaq.com/articles/after-hours-most-active-jul-12-2012-qqq-bac-aa-wm-twtc-amd-aol-nly-win-msft-atvi-amrn-2012,Nasdaq,2012-07-12 00:00:00 UTC,AA
Weak Price Hits Alcoa in 2Q - Analyst Blog,https://www.nasdaq.com/articles/weak-price-hits-alcoa-in-2q-analyst-blog-2012-07-10,Nasdaq,2012-07-10 00:00:00 UTC,AA
"Pre-Market Most Active for Jul 10, 2012 : AMD, ARR, BAC, MAKO, TEF, ASML, SNH, AA, SIRI, QQQ, AAPL, INTC",https://www.nasdaq.com/articles/pre-market-most-active-jul-10-2012-amd-arr-bac-mako-tef-asml-snh-aa-siri-qqq-aapl-intc,Nasdaq,2012-07-10 00:00:00 UTC,AA
Largest option buying in equities so far,https://www.nasdaq.com/articles/largest-option-buying-equities-so-far-2012-07-10,Nasdaq,2012-07-10 00:00:00 UTC,AA
"Ahead of Wall Street - July 10, 2012 - Ahead of Wall Street",https://www.nasdaq.com/articles/ahead-wall-street-july-10-2012-ahead-wall-street-2012-07-10,Nasdaq,2012-07-10 00:00:00 UTC,AA
Twin Contracts for Textron - Analyst Blog,https://www.nasdaq.com/articles/twin-contracts-for-textron-analyst-blog-2012-07-10,Nasdaq,2012-07-10 00:00:00 UTC,AA
Smidgeon of Good News - Analyst Blog,https://www.nasdaq.com/articles/smidgeon-good-news-analyst-blog-2012-07-10,Nasdaq,2012-07-10 00:00:00 UTC,AA
"After Hours Most Active for Jul 10, 2012 : TEF, BAC, AA, MSFT, SNH, WM, V, MAKO, QCOR, INTC, WIN, NWSA",https://www.nasdaq.com/articles/after-hours-most-active-jul-10-2012-tef-bac-aa-msft-snh-wm-v-mako-qcor-intc-win-nwsa-2012,Nasdaq,2012-07-10 00:00:00 UTC,AA
"Jefferies Keeps “Buy” Rating on Alcoa, but Lowers Price Target and Estimates (AA)",https://www.nasdaq.com/articles/jefferies-keeps-buy-rating-alcoa-lowers-price-target-and-estimates-aa-2012-07-10,Nasdaq,2012-07-10 00:00:00 UTC,AA
Focus Shifts to Earnings - Analyst Blog,https://www.nasdaq.com/articles/focus-shifts-earnings-analyst-blog-2012-07-09,Nasdaq,2012-07-09 00:00:00 UTC,AA
"Ahead of Wall Street - July 9, 2012 - Ahead of Wall Street",https://www.nasdaq.com/articles/ahead-wall-street-july-9-2012-ahead-wall-street-2012-07-09,Nasdaq,2012-07-09 00:00:00 UTC,AA
4 Stocks to Watch During this Earnings Season,https://www.nasdaq.com/articles/4-stocks-watch-during-earnings-season-2012-07-09,Nasdaq,2012-07-09 00:00:00 UTC,AA
"After Hours Most Active for Jul 9, 2012 : PG, ABT, XOM, COP, VRSN, AA, HSH, MAKO, QQQ, INTC, MSFT, ASML",https://www.nasdaq.com/articles/after-hours-most-active-jul-9-2012-pg-abt-xom-cop-vrsn-aa-hsh-mako-qqq-intc-msft-asml-2012,Nasdaq,2012-07-09 00:00:00 UTC,AA
"Alcoa Swings to Q2 Loss, but Adjusted Net Beats View (AA)",https://www.nasdaq.com/articles/alcoa-swings-q2-loss-adjusted-net-beats-view-aa-2012-07-09,Nasdaq,2012-07-09 00:00:00 UTC,AA
Stock Investors Likely to Take a Pass on Earnings Season,https://www.nasdaq.com/articles/stock-investors-likely-take-pass-earnings-season-2012-07-09,Nasdaq,2012-07-09 00:00:00 UTC,AA
Earnings Preview: Alcoa Inc. - Analyst Blog,https://www.nasdaq.com/articles/earnings-preview%3A-alcoa-inc.-analyst-blog-2012-07-05,Nasdaq,2012-07-05 00:00:00 UTC,AA
"Alcoa’s Estimates Cut at Dahlman Rose on Weak Aluminum Prices, but Still a “Buy” (AA)",https://www.nasdaq.com/articles/alcoas-estimates-cut-dahlman-rose-weak-aluminum-prices-still-buy-aa-2012-07-03,Nasdaq,2012-07-03 00:00:00 UTC,AA
Bulls Claim Victory in Shortened Session; Dow Jumps 72 Points,https://www.nasdaq.com/articles/bulls-claim-victory-shortened-session-dow-jumps-72-points-2012-07-03,Nasdaq,2012-07-03 00:00:00 UTC,AA
Market Wrap-up for July 3,https://www.nasdaq.com/articles/market-wrap-july-3-2012-07-03,Nasdaq,2012-07-03 00:00:00 UTC,AA
Alcoa to Sell Hydropower Project - Analyst Blog,https://www.nasdaq.com/articles/alcoa-to-sell-hydropower-project-analyst-blog-2012-07-02,Nasdaq,2012-07-02 00:00:00 UTC,AA
"After Hours Most Active for Jul 2, 2012 : CHSI, AA, SOA, NLY, BAC, ITUB, WIN, QQQ, INTC, STZ, MSFT, LNCR",https://www.nasdaq.com/articles/after-hours-most-active-jul-2-2012-chsi-aa-soa-nly-bac-itub-win-qqq-intc-stz-msft-lncr,Nasdaq,2012-07-02 00:00:00 UTC,AA
Why I Think These 2 Commodity Stocks Will Make You Money,https://www.nasdaq.com/articles/why-i-think-these-2-commodity-stocks-will-make-you-money-2012-06-29,Nasdaq,2012-06-29 00:00:00 UTC,AA
Economic Focus in Holiday-Shortened Week - Earnings Preview,https://www.nasdaq.com/articles/economic-focus-holiday-shortened-week-earnings-preview-2012-06-29,Nasdaq,2012-06-29 00:00:00 UTC,AA
Earnings Focus in Holiday-Shortened Week - Earnings Preview,https://www.nasdaq.com/articles/earnings-focus-holiday-shortened-week-earnings-preview-2012-06-29,Nasdaq,2012-06-29 00:00:00 UTC,AA
Alcoa ColorKast Debuts with Samsung - Analyst Blog,https://www.nasdaq.com/articles/alcoa-colorkast-debuts-with-samsung-analyst-blog-2012-06-28,Nasdaq,2012-06-28 00:00:00 UTC,AA
The One Number That Should Change Your Entire Investment Strategy,https://www.nasdaq.com/articles/one-number-should-change-your-entire-investment-strategy-2012-06-26,Nasdaq,2012-06-26 00:00:00 UTC,AA
Stocks Reverse Early Weakness; Is the Housing Sector on the Mend?,https://www.nasdaq.com/articles/stocks-reverse-early-weakness-housing-sector-mend-2012-06-26,Nasdaq,2012-06-26 00:00:00 UTC,AA
Alcoa Appreciates Tesla for Model S - Analyst Blog,https://www.nasdaq.com/articles/alcoa-appreciates-tesla-for-model-s-analyst-blog-2012-06-25,Nasdaq,2012-06-25 00:00:00 UTC,AA
Alcoa draws huge call buyer at lows,https://www.nasdaq.com/articles/alcoa-draws-huge-call-buyer-lows-2012-06-25,Nasdaq,2012-06-25 00:00:00 UTC,AA
Metals & Mining Stock Outlook - June 2012 - Industry Outlook,https://www.nasdaq.com/articles/metals-mining-stock-outlook-june-2012-industry-outlook-2012-06-22-0,Nasdaq,2012-06-22 00:00:00 UTC,AA
Metals & Mining Stock Outlook - June 2012 - Zacks Analyst Interviews,https://www.nasdaq.com/articles/metals-mining-stock-outlook-june-2012-zacks-analyst-interviews-2012-06-22,Nasdaq,2012-06-22 00:00:00 UTC,AA
Dow Plunged 251 Points; Wall Street Overrun With Downbeat Data,https://www.nasdaq.com/articles/dow-plunged-251-points-wall-street-overrun-downbeat-data-2012-06-21,Nasdaq,2012-06-21 00:00:00 UTC,AA
An Important Update on 2 of My Real-Money Portfolio Holdings,https://www.nasdaq.com/articles/important-update-2-my-real-money-portfolio-holdings-2012-06-21,Nasdaq,2012-06-21 00:00:00 UTC,AA
"Alcoa’s Target, Estimates Lowered at Goldman Sachs Ahead of Earnings (AA)",https://www.nasdaq.com/articles/alcoas-target-estimates-lowered-goldman-sachs-ahead-earnings-aa-2012-06-21,Nasdaq,2012-06-21 00:00:00 UTC,AA
Avoiding a Greek Tragedy. Now What? - Analyst Blog,https://www.nasdaq.com/articles/avoiding-greek-tragedy-now-what-analyst-blog-2012-06-18,Nasdaq,2012-06-18 00:00:00 UTC,AA
"Ahead of Wall Street - June 18, 2012 - Ahead of Wall Street",https://www.nasdaq.com/articles/ahead-wall-street-june-18-2012-ahead-wall-street-2012-06-18,Nasdaq,2012-06-18 00:00:00 UTC,AA
Neutral on BHP Billiton - Analyst Blog,https://www.nasdaq.com/articles/neutral-on-bhp-billiton-analyst-blog-2012-06-14,Nasdaq,2012-06-14 00:00:00 UTC,AA
Alcoa Honored with Two Awards - Analyst Blog,https://www.nasdaq.com/articles/alcoa-honored-with-two-awards-analyst-blog-2012-06-14,Nasdaq,2012-06-14 00:00:00 UTC,AA
These 13 Stocks Are a Major Bargain,https://www.nasdaq.com/articles/these-13-stocks-are-major-bargain-2012-06-07,Nasdaq,2012-06-07 00:00:00 UTC,AA
Alcoa Adopts Natural Reforestation - Analyst Blog,https://www.nasdaq.com/articles/alcoa-adopts-natural-reforestation-analyst-blog-2012-06-05,Nasdaq,2012-06-05 00:00:00 UTC,AA
Alcoa Achieves Safety Landmark - Analyst Blog,https://www.nasdaq.com/articles/alcoa-achieves-safety-landmark-analyst-blog-2012-06-04,Nasdaq,2012-06-04 00:00:00 UTC,AA
"Pre-Market Most Active for Jun 1, 2012 : QQQ, BAC, FB, BP, VOD, F, AA, C, BHP, PLXT, AAPL, GRPN",https://www.nasdaq.com/articles/pre-market-most-active-jun-1-2012-qqq-bac-fb-bp-vod-f-aa-c-bhp-plxt-aapl-grpn-2012-06-01,Nasdaq,2012-06-01 00:00:00 UTC,AA
Get Ready for the Commodities Rebound,https://www.nasdaq.com/articles/get-ready-commodities-rebound-2012-05-31,Nasdaq,2012-05-31 00:00:00 UTC,AA
"After Hours Most Active for May 29, 2012 : WMB, PPL, PEG, AA, RAI, TEVA, BAC, RIMM, QQQ, FB, MSFT, DELL",https://www.nasdaq.com/articles/after-hours-most-active-may-29-2012-wmb-ppl-peg-aa-rai-teva-bac-rimm-qqq-fb-msft-dell-2012,Nasdaq,2012-05-29 00:00:00 UTC,AA
"3 ""Deep Value"" Stocks You Can't Afford to Ignore",https://www.nasdaq.com/articles/3-deep-value-stocks-you-cant-afford-ignore-2012-05-28,Nasdaq,2012-05-28 00:00:00 UTC,AA
Alcoa Gets Certificate by MBDC - Analyst Blog,https://www.nasdaq.com/articles/alcoa-gets-certificate-by-mbdc-analyst-blog-2012-05-25,Nasdaq,2012-05-25 00:00:00 UTC,AA
"Stocks See Red Ahead of Long Weekend, But Hold Onto Weekly Gains",https://www.nasdaq.com/articles/stocks-see-red-ahead-long-weekend-hold-weekly-gains-2012-05-25,Nasdaq,2012-05-25 00:00:00 UTC,AA
Now Is a Great Chance to Buy My 3 Favorite Stocks,https://www.nasdaq.com/articles/now-great-chance-buy-my-3-favorite-stocks-2012-05-23,Nasdaq,2012-05-23 00:00:00 UTC,AA
"Stock Market News for May 22, 2012 - Market News",https://www.nasdaq.com/articles/stock-market-news-for-may-22-2012-market-news-2012-05-22,Nasdaq,2012-05-22 00:00:00 UTC,AA
"Dow, SPX Tip-Toe Breakeven During Dramatic Last-Minute Sell-Off",https://www.nasdaq.com/articles/dow-spx-tip-toe-breakeven-during-dramatic-last-minute-sell-2012-05-22,Nasdaq,2012-05-22 00:00:00 UTC,AA
Almost Every Oil Well Will Need This Company's Technology,https://www.nasdaq.com/articles/almost-every-oil-well-will-need-companys-technology-2012-05-17,Nasdaq,2012-05-17 00:00:00 UTC,AA
"After Hours Most Active for May 16, 2012 : STD, AAXJ, SLE, EBR, KFN, HLF, AA, CMCSA, CMCSK, QQQ, QCOM, MSFT",https://www.nasdaq.com/articles/after-hours-most-active-may-16-2012-std-aaxj-sle-ebr-kfn-hlf-aa-cmcsa-cmcsk-qqq-qcom-msft,Nasdaq,2012-05-16 00:00:00 UTC,AA
Largest option buying in equities so far,https://www.nasdaq.com/articles/largest-option-buying-equities-so-far-2012-05-14,Nasdaq,2012-05-14 00:00:00 UTC,AA
A Company I Love Can Now be Had at the Right Price,https://www.nasdaq.com/articles/company-i-love-can-now-be-had-right-price-2012-05-09,Nasdaq,2012-05-09 00:00:00 UTC,AA
"Stock Market News for May 3, 2012 - Market News",https://www.nasdaq.com/articles/stock-market-news-for-may-3-2012-market-news-2012-05-03,Nasdaq,2012-05-03 00:00:00 UTC,AA
"Stock Market News for May 2, 2012 - Market News",https://www.nasdaq.com/articles/stock-market-news-for-may-2-2012-market-news-2012-05-02,Nasdaq,2012-05-02 00:00:00 UTC,AA
"SPX 1,400 Stays Put; Investor Sentiment on the Rise",https://www.nasdaq.com/articles/spx-1400-stays-put-investor-sentiment-rise-2012-05-02,Nasdaq,2012-05-02 00:00:00 UTC,AA
Dow Blossoms to a Multi-Year Best Amid ISM Green Shoots,https://www.nasdaq.com/articles/dow-blossoms-multi-year-best-amid-ism-green-shoots-2012-05-01,Nasdaq,2012-05-01 00:00:00 UTC,AA
It's Time to Cut your European Exposure Right Now,https://www.nasdaq.com/articles/its-time-cut-your-european-exposure-right-now-2012-04-30,Nasdaq,2012-04-30 00:00:00 UTC,AA
"After Hours Most Active for Apr 23, 2012 : ANR, NOK, NFLX, BAC, QQQ, AFL, GE, AA, CSCO, QCOM, DTV, JBLU",https://www.nasdaq.com/articles/after-hours-most-active-apr-23-2012-anr-nok-nflx-bac-qqq-afl-ge-aa-csco-qcom-dtv-jblu-2012,Nasdaq,2012-04-23 00:00:00 UTC,AA
"After Hours Most Active for Apr 20, 2012 : TXN, BAC, QQQ, S, MSFT, SIRI, CSCO, BPI, INTC, AA, FSLR, F",https://www.nasdaq.com/articles/after-hours-most-active-apr-20-2012-txn-bac-qqq-s-msft-siri-csco-bpi-intc-aa-fslr-f-2012,Nasdaq,2012-04-20 00:00:00 UTC,AA
"Stock Market News for April 13, 2012 - Market News",https://www.nasdaq.com/articles/stock-market-news-for-april-13-2012-market-news-2012-04-13,Nasdaq,2012-04-13 00:00:00 UTC,AA
The ONE Thing that Could Ruin a Great Investment,https://www.nasdaq.com/articles/one-thing-could-ruin-great-investment-2012-04-13,Nasdaq,2012-04-13 00:00:00 UTC,AA
"Stock Market News for April 12, 2012 - Market News",https://www.nasdaq.com/articles/stock-market-news-for-april-12-2012-market-news-2012-04-12,Nasdaq,2012-04-12 00:00:00 UTC,AA
"The Zacks Analyst Blog Highlights: Alcoa, Nokia, Chevron, Titan Machinery and Sara Lee - Press Releases",https://www.nasdaq.com/articles/the-zacks-analyst-blog-highlights%3A-alcoa-nokia-chevron-titan-machinery-and-sara-lee-press,Nasdaq,2012-04-12 00:00:00 UTC,AA
Largest option buying in equities so far,https://www.nasdaq.com/articles/largest-option-buying-equities-so-far-2012-04-12,Nasdaq,2012-04-12 00:00:00 UTC,AA
BHP Billiton in News Again - Analyst Blog,https://www.nasdaq.com/articles/bhp-billiton-in-news-again-analyst-blog-2012-04-12,Nasdaq,2012-04-12 00:00:00 UTC,AA
"Pre-Market Most Active for Apr 11, 2012 : NOK, BAC, AA, SLT, QQQ, SNY, ALU, SIRI, AAPL, TZOO, MSFT, RIMM",https://www.nasdaq.com/articles/pre-market-most-active-apr-11-2012-nok-bac-aa-slt-qqq-sny-alu-siri-aapl-tzoo-msft-rimm,Nasdaq,2012-04-11 00:00:00 UTC,AA
"Alcoa Kicks off Earnings Season, Swings to Surprise Q1 Profit (AA)",https://www.nasdaq.com/articles/alcoa-kicks-earnings-season-swings-surprise-q1-profit-aa-2012-04-11,Nasdaq,2012-04-11 00:00:00 UTC,AA
"Market Wrap-Up for Apr.11 (AA, NOK, BA, CSC, UTX, more)",https://www.nasdaq.com/articles/market-wrap-apr11-aa-nok-ba-csc-utx-more-2012-04-11,Nasdaq,2012-04-11 00:00:00 UTC,AA
One Important Question this Earnings Season - Real Time Insight,https://www.nasdaq.com/articles/one-important-question-earnings-season-real-time-insight-2012-04-11,Nasdaq,2012-04-11 00:00:00 UTC,AA
These 4 Indicators Could Tell You Where the Market is Heading Next,https://www.nasdaq.com/articles/these-4-indicators-could-tell-you-where-market-heading-next-2012-04-10,Nasdaq,2012-04-10 00:00:00 UTC,AA
"After Hours Most Active for Apr 10, 2012 : WIN, AA, BAC, CSCO, AEP, QCOM, STD, QQQ, GE, SVU, MSFT, AMAT",https://www.nasdaq.com/articles/after-hours-most-active-apr-10-2012-win-aa-bac-csco-aep-qcom-std-qqq-ge-svu-msft-amat-2012,Nasdaq,2012-04-10 00:00:00 UTC,AA
"Zacks Bull and Bear of the Day Highlights: Aetna, Citi Trends, Alcoa, AOL and Microsoft - Press Releases",https://www.nasdaq.com/articles/zacks-bull-and-bear-of-the-day-highlights%3A-aetna-citi-trends-alcoa-aol-and-microsoft-press,Nasdaq,2012-04-10 00:00:00 UTC,AA
"Ahead of Wall Street - April 10, 2012 - Ahead of Wall Street",https://www.nasdaq.com/articles/ahead-wall-street-april-10-2012-ahead-wall-street-2012-04-10,Nasdaq,2012-04-10 00:00:00 UTC,AA
Market Looks Ahead to Earnings - Analyst Blog,https://www.nasdaq.com/articles/market-looks-ahead-earnings-analyst-blog-2012-04-10,Nasdaq,2012-04-10 00:00:00 UTC,AA
"Q1 Preview: Lagging Demand Forces Alcoa (AA) into Production Cuts, Limited Rebound In Sight",https://www.nasdaq.com/articles/q1-preview-lagging-demand-forces-alcoa-aa-production-cuts-limited-rebound-sight-2012-04-10,Nasdaq,2012-04-10 00:00:00 UTC,AA
"Ahead of Wall Street - April 9, 2012 - Ahead of Wall Street",https://www.nasdaq.com/articles/ahead-wall-street-april-9-2012-ahead-wall-street-2012-04-09,Nasdaq,2012-04-09 00:00:00 UTC,AA
"The Zacks Analyst Blog Highlights: Alcoa, Aluminum Corporation of China, Rio Tinto, BHP Billiton and AutoNation - Press Releases",https://www.nasdaq.com/articles/the-zacks-analyst-blog-highlights%3A-alcoa-aluminum-corporation-of-china-rio-tinto-bhp,Nasdaq,2012-04-09 00:00:00 UTC,AA
Stock Market Today: The Green Jacket Might Not Fit,https://www.nasdaq.com/articles/stock-market-today-green-jacket-might-not-fit-2012-04-09,Nasdaq,2012-04-09 00:00:00 UTC,AA
Why You Should Ignore Earnings Season and Hold These 2 Deep-Value Stocks,https://www.nasdaq.com/articles/why-you-should-ignore-earnings-season-and-hold-these-2-deep-value-stocks-2012-04-06,Nasdaq,2012-04-06 00:00:00 UTC,AA
Alcoa Cuts Alumina Capacity; 1Q Report Due Tuesday,https://www.nasdaq.com/articles/alcoa-cuts-alumina-capacity-1q-report-due-tuesday-2012-04-06,Nasdaq,2012-04-06 00:00:00 UTC,AA
Friday Edition – Your Time May Be Up Sooner Than You Had Planned,https://www.nasdaq.com/articles/friday-edition-your-time-may-be-sooner-you-had-planned-2012-04-06,Nasdaq,2012-04-06 00:00:00 UTC,AA
Earnings Preview: Alcoa Inc. - Analyst Blog,https://www.nasdaq.com/articles/earnings-preview%3A-alcoa-inc.-analyst-blog-2012-04-05,Nasdaq,2012-04-05 00:00:00 UTC,AA
"Stock Market News for April 5, 2012 - Market News",https://www.nasdaq.com/articles/stock-market-news-for-april-5-2012-market-news-2012-04-05,Nasdaq,2012-04-05 00:00:00 UTC,AA
Why are Short-Sellers Targeting These Widely-Held Stocks?,https://www.nasdaq.com/articles/why-are-short-sellers-targeting-these-widely-held-stocks-2012-03-31,Nasdaq,2012-03-31 00:00:00 UTC,AA
"Stock Market News for March 30, 2012 - Market News",https://www.nasdaq.com/articles/stock-market-news-for-march-30-2012-market-news-2012-03-30,Nasdaq,2012-03-30 00:00:00 UTC,AA
"Stock Market News for March 29, 2012 - Market News",https://www.nasdaq.com/articles/stock-market-news-for-march-29-2012-market-news-2012-03-29,Nasdaq,2012-03-29 00:00:00 UTC,AA
BHP Upgrades on Industrial Optimism - Analyst Blog,https://www.nasdaq.com/articles/bhp-upgrades-on-industrial-optimism-analyst-blog-2012-03-26,Nasdaq,2012-03-26 00:00:00 UTC,AA
Is the Stock Market Overheated? Here's my Plan...,https://www.nasdaq.com/articles/stock-market-overheated-heres-my-plan-2012-03-26,Nasdaq,2012-03-26 00:00:00 UTC,AA
Metals & Mining Stock Outlook – March 2012 - Industry Outlook,https://www.nasdaq.com/articles/metals-mining-stock-outlook-march-2012-industry-outlook-2012-03-15,Nasdaq,2012-03-15 00:00:00 UTC,AA
Metals & Mining Stock Outlook - March 2012 - Zacks Analyst Interviews,https://www.nasdaq.com/articles/metals-mining-stock-outlook-march-2012-zacks-analyst-interviews-2012-03-15,Nasdaq,2012-03-15 00:00:00 UTC,AA
"Stock Market News for March 13, 2012 - Market News",https://www.nasdaq.com/articles/stock-market-news-for-march-13-2012-market-news-2012-03-13,Nasdaq,2012-03-13 00:00:00 UTC,AA
I'm Selling 500 Shares of this Well-Known Stock,https://www.nasdaq.com/articles/im-selling-500-shares-well-known-stock-2012-03-13,Nasdaq,2012-03-13 00:00:00 UTC,AA
It's Time to Load up on These Cyclical Stocks,https://www.nasdaq.com/articles/its-time-load-these-cyclical-stocks-2012-03-09,Nasdaq,2012-03-09 00:00:00 UTC,AA
Alcoa and Ma'aden Begin Product Mix - Analyst Blog,https://www.nasdaq.com/articles/alcoa-and-maaden-begin-product-mix-analyst-blog-2012-03-07,Nasdaq,2012-03-07 00:00:00 UTC,AA
"Stock Market News for March 6, 2012 - Market News",https://www.nasdaq.com/articles/stock-market-news-for-march-6-2012-market-news-2012-03-06,Nasdaq,2012-03-06 00:00:00 UTC,AA
Alcoa Looks to Hike Prices - Analyst Blog,https://www.nasdaq.com/articles/alcoa-looks-to-hike-prices-analyst-blog-2012-03-05,Nasdaq,2012-03-05 00:00:00 UTC,AA
This Former Tech Giant Could Make a MAJOR a Turnaround,https://www.nasdaq.com/articles/former-tech-giant-could-make-major-turnaround-2012-03-02,Nasdaq,2012-03-02 00:00:00 UTC,AA
Alcoa and CPI Sign Deal - Analyst Blog,https://www.nasdaq.com/articles/alcoa-and-cpi-sign-deal-analyst-blog-2012-02-23,Nasdaq,2012-02-23 00:00:00 UTC,AA
The Best Way to Profit from Rising Oil Prices Right Now,https://www.nasdaq.com/articles/best-way-profit-rising-oil-prices-right-now-2012-02-22,Nasdaq,2012-02-22 00:00:00 UTC,AA
"Stock Market News for February 17, 2012 - Market News",https://www.nasdaq.com/articles/stock-market-news-for-february-17-2012-market-news-2012-02-17,Nasdaq,2012-02-17 00:00:00 UTC,AA
Earnings Season Update: Proceed With Caution,https://www.nasdaq.com/articles/earnings-season-update-proceed-caution-2012-02-16,Nasdaq,2012-02-16 00:00:00 UTC,AA
"My Pick for the ""Comeback"" Stock of 2012",https://www.nasdaq.com/articles/my-pick-comeback-stock-2012-2012-02-15,Nasdaq,2012-02-15 00:00:00 UTC,AA
"A Low-Risk Pick for my $100,000 Real-Money Portfolio",https://www.nasdaq.com/articles/low-risk-pick-my-100000-real-money-portfolio-2012-02-09,Nasdaq,2012-02-09 00:00:00 UTC,AA
BHP Revs Up on Diversified Business - Analyst Blog,https://www.nasdaq.com/articles/bhp-revs-up-on-diversified-business-analyst-blog-2012-02-08,Nasdaq,2012-02-08 00:00:00 UTC,AA
"Stock Market News for February 7, 2012 - Market News",https://www.nasdaq.com/articles/stock-market-news-for-february-7-2012-market-news-2012-02-07,Nasdaq,2012-02-07 00:00:00 UTC,AA
"An Important Update on my $100,000 Portfolio",https://www.nasdaq.com/articles/important-update-my-100000-portfolio-2012-02-03,Nasdaq,2012-02-03 00:00:00 UTC,AA
Efficient Market Hypothesis Doesn’t Always Work,https://www.nasdaq.com/articles/efficient-market-hypothesis-doesnt-always-work-2012-02-01,Nasdaq,2012-02-01 00:00:00 UTC,AA
"My $100,000 Portfolio Strategy for this Changing Market",https://www.nasdaq.com/articles/my-100000-portfolio-strategy-changing-market-2012-01-30,Nasdaq,2012-01-30 00:00:00 UTC,AA
"Stock Market News for January 26, 2012 - Market News",https://www.nasdaq.com/articles/stock-market-news-for-january-26-2012-market-news-2012-01-26,Nasdaq,2012-01-26 00:00:00 UTC,AA
Largest option buying in equities so far,https://www.nasdaq.com/articles/largest-option-buying-equities-so-far-2012-01-26,Nasdaq,2012-01-26 00:00:00 UTC,AA
"Stock Market News for January 20, 2012 - Market News",https://www.nasdaq.com/articles/stock-market-news-for-january-20-2012-market-news-2012-01-20,Nasdaq,2012-01-20 00:00:00 UTC,AA
Alcoa Shuts Smelter in Italy (revised) - Analyst Blog,https://www.nasdaq.com/articles/alcoa-shuts-smelter-in-italy-revised-analyst-blog-2012-01-17,Nasdaq,2012-01-17 00:00:00 UTC,AA
"Stock Market News for January 16, 2012 - Market News",https://www.nasdaq.com/articles/stock-market-news-for-january-16-2012-market-news-2012-01-16,Nasdaq,2012-01-16 00:00:00 UTC,AA
"Alcoa Snubs Govt. Plan, Shuts Plant - Analyst Blog",https://www.nasdaq.com/articles/alcoa-snubs-govt.-plan-shuts-plant-analyst-blog-2012-01-16,Nasdaq,2012-01-16 00:00:00 UTC,AA
Largest option buying in equities so far,https://www.nasdaq.com/articles/largest-option-buying-equities-so-far-2012-01-13,Nasdaq,2012-01-13 00:00:00 UTC,AA
"Stock Market News for January 12, 2012 - Market News",https://www.nasdaq.com/articles/stock-market-news-for-january-12-2012-market-news-2012-01-12,Nasdaq,2012-01-12 00:00:00 UTC,AA
"Stock Market News for January 11, 2012 - Market News",https://www.nasdaq.com/articles/stock-market-news-for-january-11-2012-market-news-2012-01-11,Nasdaq,2012-01-11 00:00:00 UTC,AA
"I'm Spending $7,000 on my Latest Stock Idea",https://www.nasdaq.com/articles/im-spending-7000-my-latest-stock-idea-2012-01-10,Nasdaq,2012-01-10 00:00:00 UTC,AA
What To Look For In An Earnings Report,https://www.nasdaq.com/articles/what-look-earnings-report-2012-01-10,Nasdaq,2012-01-10 00:00:00 UTC,AA
"Mid-Day Update: U.S Stocks Broadly Higher, Following Global Markets to Upside",https://www.nasdaq.com/articles/mid-day-update-us-stocks-broadly-higher-following-global-markets-upside-2012-01-10,Nasdaq,2012-01-10 00:00:00 UTC,AA
"Stock Market News for January 10, 2012 - Market News",https://www.nasdaq.com/articles/stock-market-news-for-january-10-2012-market-news-2012-01-10,Nasdaq,2012-01-10 00:00:00 UTC,AA
I'm Buying 700 Additional Shares of This Bellwether Stock,https://www.nasdaq.com/articles/im-buying-700-additional-shares-bellwether-stock-2012-01-10,Nasdaq,2012-01-10 00:00:00 UTC,AA
"Opening View: DJIA Ready to Rally on Alcoa Revenue, Chinese Trade Data",https://www.nasdaq.com/articles/opening-view-djia-ready-rally-alcoa-revenue-chinese-trade-data-2012-01-10,Nasdaq,2012-01-10 00:00:00 UTC,AA
Alcoa Posts $191 Million Q4 Loss on Charges; Adjusted Loss Matches View (AA),https://www.nasdaq.com/articles/alcoa-posts-191-million-q4-loss-charges-adjusted-loss-matches-view-aa-2012-01-10,Nasdaq,2012-01-10 00:00:00 UTC,AA
Closing Update: Renewed Optimism Carries Stocks to Fresh Gains; Most Sectors Higher,https://www.nasdaq.com/articles/closing-update-renewed-optimism-carries-stocks-fresh-gains-most-sectors-higher-2012-01-10,Nasdaq,2012-01-10 00:00:00 UTC,AA
"Ahead of Wall Street - January 10, 2012 - Ahead of Wall Street",https://www.nasdaq.com/articles/ahead-wall-street-january-10-2012-ahead-wall-street-2012-01-10,Nasdaq,2012-01-10 00:00:00 UTC,AA
"Alcoa Disappoints, Outlook Bright - Analyst Blog",https://www.nasdaq.com/articles/alcoa-disappoints-outlook-bright-analyst-blog-2012-01-10,Nasdaq,2012-01-10 00:00:00 UTC,AA
"Company News for January 9, 2012 - Corporate Summary",https://www.nasdaq.com/articles/company-news-for-january-9-2012-corporate-summary-2012-01-09,Nasdaq,2012-01-09 00:00:00 UTC,AA
Easy Kickoff to Earnings Season - Earnings Preview,https://www.nasdaq.com/articles/easy-kickoff-earnings-season-earnings-preview-2012-01-09,Nasdaq,2012-01-09 00:00:00 UTC,AA
Do Alcoa's Earnings Even Matter? - Real Time Insight,https://www.nasdaq.com/articles/do-alcoas-earnings-even-matter-real-time-insight-2012-01-09,Nasdaq,2012-01-09 00:00:00 UTC,AA
Largest option buying in equities so far,https://www.nasdaq.com/articles/largest-option-buying-equities-so-far-2012-01-09,Nasdaq,2012-01-09 00:00:00 UTC,AA
Opening View: DJIA Pointed Modestly Higher Ahead of Alcoa Earnings,https://www.nasdaq.com/articles/opening-view-djia-pointed-modestly-higher-ahead-alcoa-earnings-2012-01-09,Nasdaq,2012-01-09 00:00:00 UTC,AA
"Zacks Bull and Bear of the Day Highlights: Hilltop Holdings, AGL Resources, Alcoa, Rio Tinto and BHP Billiton - Press Releases",https://www.nasdaq.com/articles/zacks-bull-and-bear-of-the-day-highlights%3A-hilltop-holdings-agl-resources-alcoa-rio-tinto,Nasdaq,2012-01-09 00:00:00 UTC,AA
A Slow Week to Bring Back Euro Concerns? - Analyst Blog,https://www.nasdaq.com/articles/slow-week-bring-back-euro-concerns-analyst-blog-2012-01-09,Nasdaq,2012-01-09 00:00:00 UTC,AA
"Q4 Preview: Analysts Cautious on Alcoa (AA) on Prices, Europe; Investors Gear for Upside",https://www.nasdaq.com/articles/q4-preview-analysts-cautious-alcoa-aa-prices-europe-investors-gear-upside-2012-01-09,Nasdaq,2012-01-09 00:00:00 UTC,AA
Earnings Preview: Alcoa - Analyst Blog,https://www.nasdaq.com/articles/earnings-preview%3A-alcoa-analyst-blog-2012-01-06,Nasdaq,2012-01-06 00:00:00 UTC,AA
"Alcoa Down 2%, Analysts Expect Firms Income and Earnings to Collapse",https://www.nasdaq.com/articles/alcoa-down-2-analysts-expect-firms-income-and-earnings-collapse-2012-01-05,Nasdaq,2012-01-05 00:00:00 UTC,AA
"Zacks' Voice of the People highlights opportunities with Alcoa, JPMorgan, Hyperdynamics and Ultrashort Silver ETF - Press Releases",https://www.nasdaq.com/articles/zacks-voice-of-the-people-highlights-opportunities-with-alcoa-jpmorgan-hyperdynamics-and,Nasdaq,2012-01-05 00:00:00 UTC,AA
"A Third Pick for my $100,000 Real-Money Portfolio",https://www.nasdaq.com/articles/third-pick-my-100000-real-money-portfolio-2012-01-05,Nasdaq,2012-01-05 00:00:00 UTC,AA
"I'm Adding Another Holding to my $100,000 Real-Money Portfolio",https://www.nasdaq.com/articles/im-adding-another-holding-my-100000-real-money-portfolio-2012-01-04,Nasdaq,2012-01-04 00:00:00 UTC,AA
"Company News for December 29, 2011 - Corporate Summary",https://www.nasdaq.com/articles/company-news-for-december-29-2011-corporate-summary-2011-12-29,Nasdaq,2011-12-29 00:00:00 UTC,AA
"Alcoa’s Price Target Cut at UBS on Lower Prices, Weak Economy (AA)",https://www.nasdaq.com/articles/alcoas-price-target-cut-ubs-lower-prices-weak-economy-aa-2011-12-20,Nasdaq,2011-12-20 00:00:00 UTC,AA
"Stock Market News for December 14, 2011 - Market News",https://www.nasdaq.com/articles/stock-market-news-for-december-14-2011-market-news-2011-12-14,Nasdaq,2011-12-14 00:00:00 UTC,AA
Alcoa Downgraded to “Neutral” at Goldman Sachs (AA),https://www.nasdaq.com/articles/alcoa-downgraded-neutral-goldman-sachs-aa-2011-12-05,Nasdaq,2011-12-05 00:00:00 UTC,AA
"Stock Market News for December 2, 2011 - Market News",https://www.nasdaq.com/articles/stock-market-news-for-december-2-2011-market-news-2011-12-02,Nasdaq,2011-12-02 00:00:00 UTC,AA
"Stock Market News for December 1, 2011 - Market News",https://www.nasdaq.com/articles/stock-market-news-for-december-1-2011-market-news-2011-12-01,Nasdaq,2011-12-01 00:00:00 UTC,AA
"Zacks Sell List Highlights: Sirona Dental Systems, Alcoa, K12 and Monro Muffler Brake - Press Releases",https://www.nasdaq.com/articles/zacks-sell-list-highlights%3A-sirona-dental-systems-alcoa-k12-and-monro-muffler-brake-press,Nasdaq,2011-11-23 00:00:00 UTC,AA
Alcoa Seeks Refinery Extension - Analyst Blog,https://www.nasdaq.com/articles/alcoa-seeks-refinery-extension-analyst-blog-2011-11-21,Nasdaq,2011-11-21 00:00:00 UTC,AA
"Alcoa, Embraer In Technology Deal - Analyst Blog",https://www.nasdaq.com/articles/alcoa-embraer-in-technology-deal-analyst-blog-2011-11-18,Nasdaq,2011-11-18 00:00:00 UTC,AA
"Stock Market News for November 18, 2011 - Market News",https://www.nasdaq.com/articles/stock-market-news-for-november-18-2011-market-news-2011-11-18,Nasdaq,2011-11-18 00:00:00 UTC,AA
"Company News for November 18, 2011 - Corporate Summary",https://www.nasdaq.com/articles/company-news-for-november-18-2011-corporate-summary-2011-11-18,Nasdaq,2011-11-18 00:00:00 UTC,AA
Zacks #5 Rank Additions for Friday - Tale of the Tape,https://www.nasdaq.com/articles/zacks-5-rank-additions-for-friday-tale-of-the-tape-2011-11-18,Nasdaq,2011-11-18 00:00:00 UTC,AA
"Alcoa’s Q3 Profit Surges, but Badly Misses View (AA)",https://www.nasdaq.com/articles/alcoas-q3-profit-surges-badly-misses-view-aa-2011-10-12,Nasdaq,2011-10-12 00:00:00 UTC,AA
"Market Wrap-Up for Oct.12 (PEP, AA, FCX, BHP, WFC, JPM, more)",https://www.nasdaq.com/articles/market-wrap-oct12-pep-aa-fcx-bhp-wfc-jpm-more-2011-10-12,Nasdaq,2011-10-12 00:00:00 UTC,AA
"Opening View: Despite Alcoa's Earnings Miss, DJIA Heads Higher on Hopes for Slovak Revote",https://www.nasdaq.com/articles/opening-view-despite-alcoas-earnings-miss-djia-heads-higher-hopes-slovak-revote-2011-10-12,Nasdaq,2011-10-12 00:00:00 UTC,AA
Stocks Higher as Investors See Solution Nearing in European Debt Crisis,https://www.nasdaq.com/articles/stocks-higher-as-investors-see-solution-nearing-in-european-debt-crisis-2011-10-12,Nasdaq,2011-10-12 00:00:00 UTC,AA
"Q3 Preview: JPMorgan (JPM) Might Beat Lowered Expectations, But Trading Losses Linger",https://www.nasdaq.com/articles/q3-preview-jpmorgan-jpm-might-beat-lowered-expectations-trading-losses-linger-2011-10-12,Nasdaq,2011-10-12 00:00:00 UTC,AA
Mid-Day Update: Stocks Mixed as Europe Retakes Center Stage; Crude Demand Falling,https://www.nasdaq.com/articles/mid-day-update-stocks-mixed-europe-retakes-center-stage-crude-demand-falling-2011-10-11,Nasdaq,2011-10-11 00:00:00 UTC,AA
"Opening View: U.S. Stocks Follow Europe Lower Ahead of Key Slovakia Vote, FOMC Minutes",https://www.nasdaq.com/articles/opening-view-us-stocks-follow-europe-lower-ahead-key-slovakia-vote-fomc-minutes-2011-10-11,Nasdaq,2011-10-11 00:00:00 UTC,AA
Lower Market Open Indicated as Slovak Vote Looms; Financial Stocks Weigh,https://www.nasdaq.com/articles/lower-market-open-indicated-as-slovak-vote-looms-financial-stocks-weigh-2011-10-11,Nasdaq,2011-10-11 00:00:00 UTC,AA
Mid-Day Update: Stocks Mixed as Investors Digest Employment Data,https://www.nasdaq.com/articles/mid-day-update-stocks-mixed-investors-digest-employment-data-2011-10-07,Nasdaq,2011-10-07 00:00:00 UTC,AA
"Market Wrap-Up for Oct.7 (HD, WMT, BAC, GS, MS, JPM, AA, more)",https://www.nasdaq.com/articles/market-wrap-oct7-hd-wmt-bac-gs-ms-jpm-aa-more-2011-10-07,Nasdaq,2011-10-07 00:00:00 UTC,AA
This Low-Risk Dow Stock Could Double in 2 Years,https://www.nasdaq.com/articles/low-risk-dow-stock-could-double-2-years-2011-10-06,Nasdaq,2011-10-06 00:00:00 UTC,AA
"Alcoa’s Rating, Price Target, Estimates Cut at Deutsche Bank (AA)",https://www.nasdaq.com/articles/alcoas-rating-price-target-estimates-cut-deutsche-bank-aa-2011-10-03,Nasdaq,2011-10-03 00:00:00 UTC,AA
"Alcoa’s Target, Estimates Lowered at UBS (AA)",https://www.nasdaq.com/articles/alcoas-target-estimates-lowered-ubs-aa-2011-09-09,Nasdaq,2011-09-09 00:00:00 UTC,AA
"Goldman Sachs Reiterates “Buy” Rating on Freeport-McMoRan, Alcoa (FCX, AA)",https://www.nasdaq.com/articles/goldman-sachs-reiterates-buy-rating-freeport-mcmoran-alcoa-fcx-aa-2011-08-31,Nasdaq,2011-08-31 00:00:00 UTC,AA
Investing 101: Oversold S&P500 Large Caps with Bullish Option Sentiment,https://www.nasdaq.com/articles/investing-101-oversold-sp500-large-caps-bullish-option-sentiment-2011-08-15,Nasdaq,2011-08-15 00:00:00 UTC,AA
Stocks Plunge After Brief Respite: Major Indexes Down 3% or More,https://www.nasdaq.com/articles/stocks-plunge-after-brief-respite-major-indexes-down-3-or-more-2011-08-04,Nasdaq,2011-08-04 00:00:00 UTC,AA
Alcoa Aims for $18 by Investing in ‘Green' Initiatives,https://www.nasdaq.com/articles/alcoa-aims-18-investing-green-initiatives-2011-07-25,Nasdaq,2011-07-25 00:00:00 UTC,AA
Presidential Cycles and the Dow Jones: Does it Follow a Predictable Pattern?,https://www.nasdaq.com/articles/presidential-cycles-and-dow-jones-does-it-follow-predictable-pattern-2011-07-25,Nasdaq,2011-07-25 00:00:00 UTC,AA
Rick Mills: Juniors Plan Today for Tomorrow's REE Demand,https://www.nasdaq.com/articles/rick-mills-juniors-plan-today-tomorrows-ree-demand-2011-07-20,Nasdaq,2011-07-20 00:00:00 UTC,AA
Rick Mills: Juniors Plan Today for Tomorrow's REE Demand,https://www.nasdaq.com/articles/rick-mills-juniors-plan-today-tomorrows-ree-demand-2011-07-20-0,Nasdaq,2011-07-20 00:00:00 UTC,AA
"Aluminum Demand, New Products Lift Alcoa's Earnings as Stock Eyes $19.50",https://www.nasdaq.com/articles/aluminum-demand-new-products-lift-alcoas-earnings-stock-eyes-1950-2011-07-18,Nasdaq,2011-07-18 00:00:00 UTC,AA
Alcoa Aims for $19.75 as JV in Saudi Arabia Gets Funding,https://www.nasdaq.com/articles/alcoa-aims-1975-jv-saudi-arabia-gets-funding-2011-07-15,Nasdaq,2011-07-15 00:00:00 UTC,AA
"Alcoa’s Q2 Profit More than Doubles, Narrowly Missing View (AA)",https://www.nasdaq.com/articles/alcoas-q2-profit-more-doubles-narrowly-missing-view-aa-2011-07-12,Nasdaq,2011-07-12 00:00:00 UTC,AA
"Market Wrap-Up for July 12 (AA, MCHP, TXN, QCOM, GG, more)",https://www.nasdaq.com/articles/market-wrap-july-12-aa-mchp-txn-qcom-gg-more-2011-07-12,Nasdaq,2011-07-12 00:00:00 UTC,AA
Mid-Day Update: Equities Mixed While Commodities Sit Higher; Investors Focus on Fed,https://www.nasdaq.com/articles/mid-day-update-equities-mixed-while-commodities-sit-higher-investors-focus-fed-2011-07-12,Nasdaq,2011-07-12 00:00:00 UTC,AA
Opening View: Dow Dragged Down by Same Old Problems,https://www.nasdaq.com/articles/opening-view-dow-dragged-down-same-old-problems-2011-07-11,Nasdaq,2011-07-11 00:00:00 UTC,AA
Q2 Earnings Season: The Most Anticipated Companies Reporting Earnings Next Week,https://www.nasdaq.com/articles/q2-earnings-season-most-anticipated-companies-reporting-earnings-next-week-2011-07-08,Nasdaq,2011-07-08 00:00:00 UTC,AA
"Mid-Day Update: Stocks Down, But Off Lows After Disappointing Employment Data",https://www.nasdaq.com/articles/mid-day-update-stocks-down-lows-after-disappointing-employment-data-2011-07-08,Nasdaq,2011-07-08 00:00:00 UTC,AA
Stocks Bounce Off Lows after Dismal Payroll Data; Earnings Season Starts Next Week,https://www.nasdaq.com/articles/stocks-bounce-lows-after-dismal-payroll-data-earnings-season-starts-next-week-2011-07-08,Nasdaq,2011-07-08 00:00:00 UTC,AA
Emerging markets morning call with Tim Seymour – 7/6/11,https://www.nasdaq.com/articles/emerging-markets-morning-call-tim-seymour-7611-2011-07-06,Nasdaq,2011-07-06 00:00:00 UTC,AA
Alcoa Could Reach $20 with Help from New Alloys,https://www.nasdaq.com/articles/alcoa-could-reach-20-help-new-alloys-2011-06-30,Nasdaq,2011-06-30 00:00:00 UTC,AA
Rio's Chinese Contracts Reflect Lower Iron Ore Spot Prices,https://www.nasdaq.com/articles/rios-chinese-contracts-reflect-lower-iron-ore-spot-prices-2011-06-28,Nasdaq,2011-06-28 00:00:00 UTC,AA
Alcoa Gains from Fuel Efficiency Focus at Paris Air Show,https://www.nasdaq.com/articles/alcoa-gains-fuel-efficiency-focus-paris-air-show-2011-06-23,Nasdaq,2011-06-23 00:00:00 UTC,AA
Iron-Ore Oversupply Could Impact Rio Tinto,https://www.nasdaq.com/articles/iron-ore-oversupply-could-impact-rio-tinto-2011-06-22,Nasdaq,2011-06-22 00:00:00 UTC,AA
"Trefis Morning Coffee – Alcoa, Adobe & Yahoo",https://www.nasdaq.com/articles/trefis-morning-coffee-alcoa-adobe-yahoo-2011-06-22,Nasdaq,2011-06-22 00:00:00 UTC,AA
Alcoa Shines on Solid Aluminum Demand,https://www.nasdaq.com/articles/alcoa-shines-solid-aluminum-demand-2011-06-21,Nasdaq,2011-06-21 00:00:00 UTC,AA
Top 3 Sources of Value for Vale,https://www.nasdaq.com/articles/top-3-sources-value-vale-2011-06-03,Nasdaq,2011-06-03 00:00:00 UTC,AA
Key Challenges for Cliffs' Iron Ore Business in N. America,https://www.nasdaq.com/articles/key-challenges-cliffs-iron-ore-business-n-america-2011-06-03,Nasdaq,2011-06-03 00:00:00 UTC,AA
Coverage Launch – $42 Trefis Price Estimate for Vale,https://www.nasdaq.com/articles/coverage-launch-42-trefis-price-estimate-vale-2011-06-03,Nasdaq,2011-06-03 00:00:00 UTC,AA
Kokerei Prosper Adds to ArcelorMittal's European Arsenal,https://www.nasdaq.com/articles/kokerei-prosper-adds-arcelormittals-european-arsenal-2011-06-03,Nasdaq,2011-06-03 00:00:00 UTC,AA
"Trefis Top 5 – June 2 Insights (VALE, SIRI, GM, NFLX, BP)",https://www.nasdaq.com/articles/trefis-top-5-june-2-insights-vale-siri-gm-nflx-bp-2011-06-03,Nasdaq,2011-06-03 00:00:00 UTC,AA
ArcelorMittal's Announced Strong Start to 2011 & Signals More to Come,https://www.nasdaq.com/articles/arcelormittals-announced-strong-start-2011-signals-more-come-2011-06-02,Nasdaq,2011-06-02 00:00:00 UTC,AA
Top 4 Sources of Value for ArcelorMittal,https://www.nasdaq.com/articles/top-4-sources-value-arcelormittal-2011-06-02,Nasdaq,2011-06-02 00:00:00 UTC,AA
3 Key Sources of Value for U.S. Steel's stock,https://www.nasdaq.com/articles/3-key-sources-value-us-steels-stock-2011-05-26,Nasdaq,2011-05-26 00:00:00 UTC,AA
"Trefis Morning Coffee – Sprint, Alcoa & Starbucks",https://www.nasdaq.com/articles/trefis-morning-coffee-sprint-alcoa-starbucks-2011-05-25,Nasdaq,2011-05-25 00:00:00 UTC,AA
Alcoa's Growth Estimates for Aluminum Justify Additional Upside,https://www.nasdaq.com/articles/alcoas-growth-estimates-aluminum-justify-additional-upside-2011-05-25,Nasdaq,2011-05-25 00:00:00 UTC,AA
The 4 Sources of Value for Alcoa's Stock,https://www.nasdaq.com/articles/4-sources-value-alcoas-stock-2011-05-24,Nasdaq,2011-05-24 00:00:00 UTC,AA
"Trefis Top 5 – May 24 Insights (CRM, AA, DISH, XOM, AMZN)",https://www.nasdaq.com/articles/trefis-top-5-may-24-insights-crm-aa-dish-xom-amzn-2011-05-24,Nasdaq,2011-05-24 00:00:00 UTC,AA
Cliffs' Investors Cheer Consolidated Deal & Fortune 500 Inclusion,https://www.nasdaq.com/articles/cliffs-investors-cheer-consolidated-deal-fortune-500-inclusion-2011-05-20,Nasdaq,2011-05-20 00:00:00 UTC,AA
"Trefis Morning Coffee – Salesforce.com, Alcoa, & Southwest Airlines",https://www.nasdaq.com/articles/trefis-morning-coffee-salesforcecom-alcoa-southwest-airlines-2011-05-18,Nasdaq,2011-05-18 00:00:00 UTC,AA
Alcoa Predicts Substantial Aluminum Demand Growth,https://www.nasdaq.com/articles/alcoa-predicts-substantial-aluminum-demand-growth-2011-05-17,Nasdaq,2011-05-17 00:00:00 UTC,AA
ArcelorMittal Earnings Preview: What We're Watching,https://www.nasdaq.com/articles/arcelormittal-earnings-preview-what-were-watching-2011-05-05,Nasdaq,2011-05-05 00:00:00 UTC,AA
Alcoa Fears Australian Carbon Tax,https://www.nasdaq.com/articles/alcoa-fears-australian-carbon-tax-2011-05-05,Nasdaq,2011-05-05 00:00:00 UTC,AA
Alcoa Takeover Talk Softens Dow ETF Loss,https://www.nasdaq.com/articles/alcoa-takeover-talk-softens-dow-etf-loss-2011-05-03,Nasdaq,2011-05-03 00:00:00 UTC,AA
Goldman Sachs Upgrades Alcoa to “Buy” (AA),https://www.nasdaq.com/articles/goldman-sachs-upgrades-alcoa-buy-aa-2011-05-02,Nasdaq,2011-05-02 00:00:00 UTC,AA
Alcoa Leads Dow ETF Stocks on Goldman Upgrade,https://www.nasdaq.com/articles/alcoa-leads-dow-etf-stocks-goldman-upgrade-2011-05-02,Nasdaq,2011-05-02 00:00:00 UTC,AA
U.S. Steel Prospects Shine with Steel Recovery,https://www.nasdaq.com/articles/us-steel-prospects-shine-steel-recovery-2011-04-27,Nasdaq,2011-04-27 00:00:00 UTC,AA
Tough Way to Start a Huge Week,https://www.nasdaq.com/articles/tough-way-start-huge-week-2011-04-25,Nasdaq,2011-04-25 00:00:00 UTC,AA
Alcoa on Track for a Bumper Year,https://www.nasdaq.com/articles/alcoa-track-bumper-year-2011-04-20,Nasdaq,2011-04-20 00:00:00 UTC,AA
The Trefis Top 5 – April 19 Insights,https://www.nasdaq.com/articles/trefis-top-5-april-19-insights-2011-04-20,Nasdaq,2011-04-20 00:00:00 UTC,AA
Dividend.com Sunday Edition – Pass on The Seeds of Success for Generations,https://www.nasdaq.com/articles/dividendcom-sunday-edition-pass-seeds-success-generations-2011-04-17,Nasdaq,2011-04-17 00:00:00 UTC,AA
Put sellers licking wounds as Alcoa falls,https://www.nasdaq.com/articles/put-sellers-licking-wounds-alcoa-falls-2011-04-13,Nasdaq,2011-04-13 00:00:00 UTC,AA
Opening View: Tide Shifts in Bulls' Favor as Street Celebrates JPMorgan Chase Earnings,https://www.nasdaq.com/articles/opening-view-tide-shifts-bulls-favor-street-celebrates-jpmorgan-chase-earnings-2011-04-13,Nasdaq,2011-04-13 00:00:00 UTC,AA
The Trefis Top 5 – April 12 Insights,https://www.nasdaq.com/articles/trefis-top-5-april-12-insights-2011-04-13,Nasdaq,2011-04-13 00:00:00 UTC,AA
"Opening View: Blue Chips Brace for Drop on Alcoa Defeat, Japan Jitters",https://www.nasdaq.com/articles/opening-view-blue-chips-brace-drop-alcoa-defeat-japan-jitters-2011-04-12,Nasdaq,2011-04-12 00:00:00 UTC,AA
"Market Wrap-Up for Apr.12 (AA, PG, CSX, ANF, TWC, more)",https://www.nasdaq.com/articles/market-wrap-apr12-aa-pg-csx-anf-twc-more-2011-04-12,Nasdaq,2011-04-12 00:00:00 UTC,AA
"Mid Day Update: Stocks Firmly Lower; Trade Deficit, Japan's Nuclear Situation Weigh",https://www.nasdaq.com/articles/mid-day-update-stocks-firmly-lower-trade-deficit-japans-nuclear-situation-weigh-2011-04-12,Nasdaq,2011-04-12 00:00:00 UTC,AA
"Alcoa’s Q2 Profit Beats, but Revenue Misses (AA)",https://www.nasdaq.com/articles/alcoas-q2-profit-beats-revenue-misses-aa-2011-04-12,Nasdaq,2011-04-12 00:00:00 UTC,AA
"US Indexes Broadly Lower; Alcoa Earnings, Trade Gap Weigh on Stocks",https://www.nasdaq.com/articles/us-indexes-broadly-lower-alcoa-earnings-trade-gap-weigh-stocks-2011-04-12,Nasdaq,2011-04-12 00:00:00 UTC,AA
Stocks Mixed as Crude Oil Backs Off Highs; Investors Eye Alcoa Earnings,https://www.nasdaq.com/articles/stocks-mixed-crude-oil-backs-highs-investors-eye-alcoa-earnings-2011-04-11,Nasdaq,2011-04-11 00:00:00 UTC,AA
Mid-Day Update: Stocks Mixed as Corporate Earnings Remain in Focus,https://www.nasdaq.com/articles/mid-day-update-stocks-mixed-corporate-earnings-remain-focus-2011-04-11,Nasdaq,2011-04-11 00:00:00 UTC,AA
The One Sector to Buy in a Flat-Lining Market,https://www.nasdaq.com/articles/one-sector-buy-flat-lining-market-2011-04-11,Nasdaq,2011-04-11 00:00:00 UTC,AA
Outlook for Freeport's Copper Sales from Grasberg Mines,https://www.nasdaq.com/articles/outlook-freeports-copper-sales-grasberg-mines-2011-04-09,Nasdaq,2011-04-09 00:00:00 UTC,AA
Alcoa's Carbon Capture Project is Green and Good for Business,https://www.nasdaq.com/articles/alcoas-carbon-capture-project-green-and-good-business-2011-04-09,Nasdaq,2011-04-09 00:00:00 UTC,AA
Q1 Earnings Season to Begin April 11th as Alcoa (AA) Leads the Way,https://www.nasdaq.com/articles/q1-earnings-season-begin-april-11th-alcoa-aa-leads-way-2011-04-08,Nasdaq,2011-04-08 00:00:00 UTC,AA
"Market Wrap-Up for Apr.8 (EXPE, STX, CVS, COST, CLX, Warren Buffett, more)",https://www.nasdaq.com/articles/market-wrap-apr8-expe-stx-cvs-cost-clx-warren-buffett-more-2011-04-08,Nasdaq,2011-04-08 00:00:00 UTC,AA
U.S. Steel Gets High Tech to Improve Tubular Pipes,https://www.nasdaq.com/articles/us-steel-gets-high-tech-improve-tubular-pipes-2011-04-01,Nasdaq,2011-04-01 00:00:00 UTC,AA
Investors Eye Higher Returns as Alcoa Raises Aluminum Prices,https://www.nasdaq.com/articles/investors-eye-higher-returns-alcoa-raises-aluminum-prices-2011-03-31,Nasdaq,2011-03-31 00:00:00 UTC,AA
Long-Term Concerns for Freeport on High Copper Prices,https://www.nasdaq.com/articles/long-term-concerns-freeport-high-copper-prices-2011-03-26,Nasdaq,2011-03-26 00:00:00 UTC,AA
Rising Copper Prices are Good News for Aluminum Producer Alcoa,https://www.nasdaq.com/articles/rising-copper-prices-are-good-news-aluminum-producer-alcoa-2011-03-26,Nasdaq,2011-03-26 00:00:00 UTC,AA
Subdued Construction Demand Could Weigh on Alcoa,https://www.nasdaq.com/articles/subdued-construction-demand-could-weigh-alcoa-2011-03-09,Nasdaq,2011-03-09 00:00:00 UTC,AA
Good Things Come in Aluminum Packages for Alcoa,https://www.nasdaq.com/articles/good-things-come-aluminum-packages-alcoa-2011-03-08,Nasdaq,2011-03-08 00:00:00 UTC,AA
Rising Aluminium Prices to Drive Alcoa's Value,https://www.nasdaq.com/articles/rising-aluminium-prices-drive-alcoas-value-2011-02-11,Nasdaq,2011-02-11 00:00:00 UTC,AA
"The Aluminium Report, Alcoa, Rusal",https://www.nasdaq.com/articles/aluminium-report-alcoa-rusal-2011-02-10,Nasdaq,2011-02-10 00:00:00 UTC,AA
New Coverage: $15 Trefis Price Estimate for Alcoa,https://www.nasdaq.com/articles/new-coverage-15-trefis-price-estimate-alcoa-2011-02-01,Nasdaq,2011-02-01 00:00:00 UTC,AA
"Up 40% in Four Months… And This Stock is STILL a Strong ""Buy""",https://www.nasdaq.com/articles/40-four-months-and-stock-still-strong-buy-2011-01-24,Nasdaq,2011-01-24 00:00:00 UTC,AA
Is This the Ultimate Buy-and-Hold Stock?,https://www.nasdaq.com/articles/ultimate-buy-and-hold-stock-2011-01-20,Nasdaq,2011-01-20 00:00:00 UTC,AA
Opening View: U.S. Stock Futures Rise on Earnings Hopes,https://www.nasdaq.com/articles/opening-view-us-stock-futures-rise-earnings-hopes-2011-01-11,Nasdaq,2011-01-11 00:00:00 UTC,AA
"Market Wrap-Up for Jan.11 (AA, LEN, WLT, FLR, BEN, more)",https://www.nasdaq.com/articles/market-wrap-jan11-aa-len-wlt-flr-ben-more-2011-01-11,Nasdaq,2011-01-11 00:00:00 UTC,AA
6 Reasons to Like the Aluminum ETF,https://www.nasdaq.com/articles/6-reasons-aluminum-etf-2011-01-11,Nasdaq,2011-01-11 00:00:00 UTC,AA
"Alcoa Swings to Q4 Profit, Beating View (AA)",https://www.nasdaq.com/articles/alcoa-swings-q4-profit-beating-view-aa-2011-01-11,Nasdaq,2011-01-11 00:00:00 UTC,AA
Opening View: DJIA Futures Pressured by European Debt Concerns,https://www.nasdaq.com/articles/opening-view-djia-futures-pressured-european-debt-concerns-2011-01-10,Nasdaq,2011-01-10 00:00:00 UTC,AA
Stocks Lower as Europe Weighs; Investors Await Alcoa Earnings After Market Close,https://www.nasdaq.com/articles/stocks-lower-europe-weighs-investors-await-alcoa-earnings-after-market-close-2011-01-10,Nasdaq,2011-01-10 00:00:00 UTC,AA
"3 Stocks to Watch: Alcoa, Petroleo Brasileiro, and Sprint Nextel Corporation",https://www.nasdaq.com/articles/3-stocks-watch-alcoa-petroleo-brasileiro-and-sprint-nextel-corporation-2011-01-05,Nasdaq,2011-01-05 00:00:00 UTC,AA
The Surprise Sector That’s Leading Off the New Year,https://www.nasdaq.com/articles/surprise-sector-thats-leading-new-year-2011-01-04,Nasdaq,2011-01-04 00:00:00 UTC,AA
Alcoa Upgraded to “Buy” at Deutsche Bank; Possible Comeback Play in 2011? (AA),https://www.nasdaq.com/articles/alcoa-upgraded-buy-deutsche-bank-possible-comeback-play-2011-aa-2011-01-03,Nasdaq,2011-01-03 00:00:00 UTC,AA
New Money Should Hold Off a Correction – For Now,https://www.nasdaq.com/articles/new-money-should-hold-correction-now-2011-01-03,Nasdaq,2011-01-03 00:00:00 UTC,AA
Options Update: Put Players Maintain a Bearish Outlook on Alcoa,https://www.nasdaq.com/articles/options-update-put-players-maintain-bearish-outlook-alcoa-2010-12-29,Nasdaq,2010-12-29 00:00:00 UTC,AA
First Glimpse at 2011 Market Targets,https://www.nasdaq.com/articles/first-glimpse-2011-market-targets-2010-12-27,Nasdaq,2010-12-27 00:00:00 UTC,AA
Profits Could Double or More at These Firms,https://www.nasdaq.com/articles/profits-could-double-or-more-these-firms-2010-12-02,Nasdaq,2010-12-02 00:00:00 UTC,AA
9 Mining and Metals Stocks to Sell,https://www.nasdaq.com/articles/9-mining-and-metals-stocks-sell-2010-11-22,Nasdaq,2010-11-22 00:00:00 UTC,AA
"Commodities Finish Lower as Oil, Gold Futures Succumb to China Interest Rate Fears",https://www.nasdaq.com/articles/commodities-finish-lower-oil-gold-futures-succumb-china-interest-rate-fears-2010-11-12,Nasdaq,2010-11-12 00:00:00 UTC,AA
"3 Stocks to Watch: Alcoa, Avanir Pharmaceuticals, and Research In Motion Limited",https://www.nasdaq.com/articles/3-stocks-watch-alcoa-avanir-pharmaceuticals-and-research-motion-limited-2010-11-01,Nasdaq,2010-11-01 00:00:00 UTC,AA
4 Industries Profiting from Deflation,https://www.nasdaq.com/articles/4-industries-profiting-deflation-2010-10-22,Nasdaq,2010-10-22 00:00:00 UTC,AA
These Five Economic Barometer Stocks Are Pointing to a Higher Market,https://www.nasdaq.com/articles/these-five-economic-barometer-stocks-are-pointing-higher-market-2010-10-15,Nasdaq,2010-10-15 00:00:00 UTC,AA
Why I'm Concerned About a Near Term Pullback in Stock Prices,https://www.nasdaq.com/articles/why-im-concerned-about-near-term-pullback-stock-prices-2010-10-15,Nasdaq,2010-10-15 00:00:00 UTC,AA
3 Stocks to Buy Now For Earnings,https://www.nasdaq.com/articles/3-stocks-buy-now-earnings-2010-10-13,Nasdaq,2010-10-13 00:00:00 UTC,AA
Don’t Fight the Tape,https://www.nasdaq.com/articles/dont-fight-tape-2010-10-11,Nasdaq,2010-10-11 00:00:00 UTC,AA
Portfolio Positioning for the Coming Week: Risks and Opportunities,https://www.nasdaq.com/articles/portfolio-positioning-coming-week-risks-and-opportunities-2010-10-10,Nasdaq,2010-10-10 00:00:00 UTC,AA
Positioning for the Week Ahead: Navigating the Risks and Opportunities in Choppy Market Waters,https://www.nasdaq.com/articles/positioning-week-ahead-navigating-risks-and-opportunities-choppy-market-waters-2010-10-10,Nasdaq,2010-10-10 00:00:00 UTC,AA
Alcoa’s Q3 Profit Beats View; Aluminum Consumption Forecast Raised (AA),https://www.nasdaq.com/articles/alcoas-q3-profit-beats-view-aluminum-consumption-forecast-raised-aa-2010-10-08,Nasdaq,2010-10-08 00:00:00 UTC,AA
What's behind Gerdau put selling,https://www.nasdaq.com/articles/whats-behind-gerdau-put-selling-2010-10-08,Nasdaq,2010-10-08 00:00:00 UTC,AA
Opening View: Pessimism Sinks DJIA Ahead of Payrolls Data,https://www.nasdaq.com/articles/opening-view-pessimism-sinks-djia-ahead-payrolls-data-2010-10-08,Nasdaq,2010-10-08 00:00:00 UTC,AA
"Alcoa Surges on Strong Q3 Results, Increasing Global Aluminum Demand",https://www.nasdaq.com/articles/alcoa-surges-strong-q3-results-increasing-global-aluminum-demand-2010-10-08,Nasdaq,2010-10-08 00:00:00 UTC,AA
Opening View: DJIA Futures Edge Higher as Focus Remains on Jobs,https://www.nasdaq.com/articles/opening-view-djia-futures-edge-higher-focus-remains-jobs-2010-10-07,Nasdaq,2010-10-07 00:00:00 UTC,AA
Earnings Season: How to Watch Your Step,https://www.nasdaq.com/articles/earnings-season-how-watch-your-step-2010-10-07,Nasdaq,2010-10-07 00:00:00 UTC,AA
Options Trade of the Day: An Alcoa Inc. Debit Spread Ahead of Earnings,https://www.nasdaq.com/articles/options-trade-day-alcoa-inc-debit-spread-ahead-earnings-2010-10-06,Nasdaq,2010-10-06 00:00:00 UTC,AA
3 Stocks to Watch as Earnings Season Kicks Off,https://www.nasdaq.com/articles/3-stocks-watch-earnings-season-kicks-2010-10-05,Nasdaq,2010-10-05 00:00:00 UTC,AA
Nasdaq Could Lead the Market Down,https://www.nasdaq.com/articles/nasdaq-could-lead-market-down-2010-10-05,Nasdaq,2010-10-05 00:00:00 UTC,AA
Opening View: DJIA Futures Weak as Wall Street Preps for September Jobs Data,https://www.nasdaq.com/articles/opening-view-djia-futures-weak-wall-street-preps-september-jobs-data-2010-10-04,Nasdaq,2010-10-04 00:00:00 UTC,AA
6 Sinking Stocks a Bull Market Won’t Save,https://www.nasdaq.com/articles/6-sinking-stocks-bull-market-wont-save-2010-10-01,Nasdaq,2010-10-01 00:00:00 UTC,AA
6 Sinking Stocks a Bull Market Won’t Save,https://www.nasdaq.com/articles/6-sinking-stocks-bull-market-wont-save-2010-10-01-0,Nasdaq,2010-10-01 00:00:00 UTC,AA
Market Update: DJIA Rebounds Despite Falling Consumer Confidence,https://www.nasdaq.com/articles/market-update-djia-rebounds-despite-falling-consumer-confidence-2010-09-28,Nasdaq,2010-09-28 00:00:00 UTC,AA
2 Growth Stocks in a Low-Growth Economy,https://www.nasdaq.com/articles/2-growth-stocks-low-growth-economy-2010-09-24,Nasdaq,2010-09-24 00:00:00 UTC,AA
7 Miserable Mining Stocks to Avoid,https://www.nasdaq.com/articles/7-miserable-mining-stocks-avoid-2010-09-20,Nasdaq,2010-09-20 00:00:00 UTC,AA
7 Miserable Mining Stocks to Avoid,https://www.nasdaq.com/articles/7-miserable-mining-stocks-avoid-2010-09-20-0,Nasdaq,2010-09-20 00:00:00 UTC,AA
The Best Rebound Play in the Dow,https://www.nasdaq.com/articles/best-rebound-play-dow-2010-09-20,Nasdaq,2010-09-20 00:00:00 UTC,AA
Investors May Get Their Chance to Go Long,https://www.nasdaq.com/articles/investors-may-get-their-chance-go-long-2010-09-02,Nasdaq,2010-09-02 00:00:00 UTC,AA
This Stock Could Disappear from the Dow,https://www.nasdaq.com/articles/stock-could-disappear-dow-2010-08-16,Nasdaq,2010-08-16 00:00:00 UTC,AA
Can Investors Turn It Around?,https://www.nasdaq.com/articles/can-investors-turn-it-around-2010-08-12,Nasdaq,2010-08-12 00:00:00 UTC,AA
Can Investors Turn It Around?,https://www.nasdaq.com/articles/can-investors-turn-it-around-2010-08-12-0,Nasdaq,2010-08-12 00:00:00 UTC,AA
Trading Signals Say ‘Sell’,https://www.nasdaq.com/articles/trading-signals-say-sell-2010-08-11-0,Nasdaq,2010-08-11 00:00:00 UTC,AA
Trading Signals Say ‘Sell’,https://www.nasdaq.com/articles/trading-signals-say-sell-2010-08-11,Nasdaq,2010-08-11 00:00:00 UTC,AA
Which Dow Stock has the Greatest Upside?,https://www.nasdaq.com/articles/which-dow-stock-has-greatest-upside-2010-08-03,Nasdaq,2010-08-03 00:00:00 UTC,AA
11 Household Names That Will Vanish By 2012,https://www.nasdaq.com/articles/11-household-names-will-vanish-2012-2010-07-16,Nasdaq,2010-07-16 00:00:00 UTC,AA
The Very Best Value Plays for Patient Investors,https://www.nasdaq.com/articles/very-best-value-plays-patient-investors-2010-07-16,Nasdaq,2010-07-16 00:00:00 UTC,AA
Alcoa (AA) trade bets on volatility ahead of earnings,https://www.nasdaq.com/articles/alcoa-aa-trade-bets-volatility-ahead-earnings-2010-07-15,Nasdaq,2010-07-15 00:00:00 UTC,AA
Reconciling Bad Economic Data and Good Earnings,https://www.nasdaq.com/articles/reconciling-bad-economic-data-and-good-earnings-2010-07-14,Nasdaq,2010-07-14 00:00:00 UTC,AA
Good Earnings in a Bad Economy,https://www.nasdaq.com/articles/good-earnings-bad-economy-2010-07-14,Nasdaq,2010-07-14 00:00:00 UTC,AA
Alcoa and CSX Will Have Tough Comparisons in Q3,https://www.nasdaq.com/articles/alcoa-and-csx-will-have-tough-comparisons-q3-2010-07-13,Nasdaq,2010-07-13 00:00:00 UTC,AA
"Dividend Market Wrap-Up for July 13 (CSX, AA, JPM, BAC, PNC, GS, more)",https://www.nasdaq.com/articles/dividend-market-wrap-july-13-csx-aa-jpm-bac-pnc-gs-more-2010-07-13,Nasdaq,2010-07-13 00:00:00 UTC,AA
Options Trade of the Day: A Cisco Systems Vertical Call Spread Ahead of Earnings,https://www.nasdaq.com/articles/options-trade-day-cisco-systems-vertical-call-spread-ahead-earnings-2010-07-13,Nasdaq,2010-07-13 00:00:00 UTC,AA
Closing bullish Alcoa (AA) position on the heels of earnings,https://www.nasdaq.com/articles/closing-bullish-alcoa-aa-position-heels-earnings-2010-07-13,Nasdaq,2010-07-13 00:00:00 UTC,AA
Opening View: Alcoa Gives DJIA Bulls a Shot in the Arm,https://www.nasdaq.com/articles/opening-view-alcoa-gives-djia-bulls-shot-arm-2010-07-13,Nasdaq,2010-07-13 00:00:00 UTC,AA
"Alcoa Swings to Q2 Profit, Boosts Aluminum Demand Outlook (AA)",https://www.nasdaq.com/articles/alcoa-swings-q2-profit-boosts-aluminum-demand-outlook-aa-2010-07-13,Nasdaq,2010-07-13 00:00:00 UTC,AA
"Oil Gains on Economic Optimism, Energy Forecast, Weaker Dollar",https://www.nasdaq.com/articles/oil-gains-economic-optimism-energy-forecast-weaker-dollar-2010-07-13,Nasdaq,2010-07-13 00:00:00 UTC,AA
Oil Up as Strong U.S. Earnings Increase Optimism; Gold Stronger on Portugal Downgrade,https://www.nasdaq.com/articles/oil-strong-us-earnings-increase-optimism-gold-stronger-portugal-downgrade-2010-07-13,Nasdaq,2010-07-13 00:00:00 UTC,AA
"Opening View: DJIA, SPX Futures Slip as Earnings Season Begins",https://www.nasdaq.com/articles/opening-view-djia-spx-futures-slip-earnings-season-begins-2010-07-12,Nasdaq,2010-07-12 00:00:00 UTC,AA
"Dividend Market Wrap-Up for July 9 (V, NSC, ACE, NEM, GE, AA, YUM, more)",https://www.nasdaq.com/articles/dividend-market-wrap-july-9-v-nsc-ace-nem-ge-aa-yum-more-2010-07-09,Nasdaq,2010-07-09 00:00:00 UTC,AA
The Best Ideas of the Week,https://www.nasdaq.com/articles/best-ideas-week-2010-07-09,Nasdaq,2010-07-09 00:00:00 UTC,AA
"Opening View: DJIA Bulls Tired, But Will Try to Defend 10,000",https://www.nasdaq.com/articles/opening-view-djia-bulls-tired-will-try-defend-10000-2010-07-08,Nasdaq,2010-07-08 00:00:00 UTC,AA
Ready for Risk? Try These Leveraged ETFs,https://www.nasdaq.com/articles/ready-for-risk-try-these-leveraged-etfs,Nasdaq,2010-07-06 00:00:00 UTC,AA
Alcoa’s Target and Estimates Lowered at Goldman Sachs (AA),https://www.nasdaq.com/articles/alcoas-target-and-estimates-lowered-goldman-sachs-aa-2010-06-22,Nasdaq,2010-06-22 00:00:00 UTC,AA
"Euphoria Fades, but this China Play is for Real",https://www.nasdaq.com/articles/euphoria-fades-china-play-real-2010-06-22,Nasdaq,2010-06-22 00:00:00 UTC,AA
"Monday Winners: Century Aluminum, United Micro and Perfect World",https://www.nasdaq.com/articles/monday-winners-century-aluminum-united-micro-and-perfect-world-2010-06-21,Nasdaq,2010-06-21 00:00:00 UTC,AA
Don't Buy Stocks Today,https://www.nasdaq.com/articles/dont-buy-stocks-today-2010-06-11,Nasdaq,2010-06-11 00:00:00 UTC,AA
Fear Grips the Market,https://www.nasdaq.com/articles/fear-grips-market-2010-06-07,Nasdaq,2010-06-07 00:00:00 UTC,AA
Trader looks to ride Horsehead lower,https://www.nasdaq.com/articles/trader-looks-ride-horsehead-lower-2010-05-20,Nasdaq,2010-05-20 00:00:00 UTC,AA
"Alcoa’s Price Target, Estimates Cut at Deutsche Bank (AA)",https://www.nasdaq.com/articles/alcoas-price-target-estimates-cut-deutsche-bank-aa-2010-05-11,Nasdaq,2010-05-11 00:00:00 UTC,AA
Metals ETF draws bearish trade,https://www.nasdaq.com/articles/metals-etf-draws-bearish-trade-2010-05-05,Nasdaq,2010-05-05 00:00:00 UTC,AA
Commodities Sacked as the Dollar Jumps on European Debt Worries,https://www.nasdaq.com/articles/commodities-sacked-dollar-jumps-european-debt-worries-2010-05-04,Nasdaq,2010-05-04 00:00:00 UTC,AA
Bulls looking for rebound in Alcoa,https://www.nasdaq.com/articles/bulls-looking-rebound-alcoa-2010-04-28,Nasdaq,2010-04-28 00:00:00 UTC,AA
Patient bulls wait for Alcoa to run,https://www.nasdaq.com/articles/patient-bulls-wait-alcoa-run-2010-04-14,Nasdaq,2010-04-14 00:00:00 UTC,AA
"Dow Closes Above 11,000! Now What?",https://www.nasdaq.com/articles/dow-closes-above-11000-now-what-2010-04-13,Nasdaq,2010-04-13 00:00:00 UTC,AA
Gold Continues to Rise as Greece Bailout Package Bolsters Euro,https://www.nasdaq.com/articles/gold-continues-rise-greece-bailout-package-bolsters-euro-2010-04-12,Nasdaq,2010-04-12 00:00:00 UTC,AA
Get Long or Stay on the Sidelines?,https://www.nasdaq.com/articles/get-long-or-stay-sidelines-2010-04-12,Nasdaq,2010-04-12 00:00:00 UTC,AA
Market in a Vulnerable Position,https://www.nasdaq.com/articles/market-vulnerable-position-2010-04-06,Nasdaq,2010-04-06 00:00:00 UTC,AA
"Buys and Sells in the Top 25 Mining Stocks (AA, BHP, RTP, VALE)",https://www.nasdaq.com/articles/buys-and-sells-top-25-mining-stocks-aa-bhp-rtp-vale-2010-04-01,Nasdaq,2010-04-01 00:00:00 UTC,AA
"Buys and Sells in the Top 25 Mining Stocks (AA, BHP, RTP, VALE)",https://www.nasdaq.com/articles/buys-and-sells-top-25-mining-stocks-aa-bhp-rtp-vale-2010-04-01-0,Nasdaq,2010-04-01 00:00:00 UTC,AA
"Overbought, Overbought, Overbought!",https://www.nasdaq.com/articles/overbought-overbought-overbought-2010-03-18,Nasdaq,2010-03-18 00:00:00 UTC,AA
China: This Year the Dragon Slows,https://www.nasdaq.com/articles/china-year-dragon-slows-2010-03-16,Nasdaq,2010-03-16 00:00:00 UTC,AA
Attention Citigroup Board: Pandit Does Not Deserve a Bonus,https://www.nasdaq.com/articles/attention-citigroup-board-pandit-does-not-deserve-bonus-2010-03-02,Nasdaq,2010-03-02 00:00:00 UTC,AA
Bulls Muster a Rebound,https://www.nasdaq.com/articles/bulls-muster-rebound-2010-02-16,Nasdaq,2010-02-16 00:00:00 UTC,AA
Are the Bulls Brave Enough to Pull This Off?,https://www.nasdaq.com/articles/are-bulls-brave-enough-pull-2010-02-03,Nasdaq,2010-02-03 00:00:00 UTC,AA
Investors Are Missing an Obvious Opportunity in Citigroup,https://www.nasdaq.com/articles/investors-are-missing-obvious-opportunity-citigroup-2010-01-18,Nasdaq,2010-01-18 00:00:00 UTC,AA
Is the January Winning Streak Over?,https://www.nasdaq.com/articles/january-winning-streak-over-2010-01-12,Nasdaq,2010-01-12 00:00:00 UTC,AA
Understanding the Dollar's Reversal: Who Will Feel the Pain?,https://www.nasdaq.com/articles/understanding-dollars-reversal-who-will-feel-pain-2009-12-04,Nasdaq,2009-12-04 00:00:00 UTC,AA
Back to Basics with Steel,https://www.nasdaq.com/articles/back-basics-steel-2009-12-02,Nasdaq,2009-12-02 00:00:00 UTC,AA
The DJIA's Dangerous Indexing Philosophy,https://www.nasdaq.com/articles/djias-dangerous-indexing-philosophy-2009-11-04,Nasdaq,2009-11-04 00:00:00 UTC,AA
The Clearly Undervalued Gem in the High-Flying Dow,https://www.nasdaq.com/articles/clearly-undervalued-gem-high-flying-dow-2009-10-14,Nasdaq,2009-10-14 00:00:00 UTC,AA
"In Earnings Season, Who Cares About the Unemployment Rate?",https://www.nasdaq.com/articles/earnings-season-who-cares-about-unemployment-rate-2009-10-09,Nasdaq,2009-10-09 00:00:00 UTC,AA
Allow Me to Introduce: The Biggest Sucker Rally Since The Great Depression,https://www.nasdaq.com/articles/allow-me-introduce-biggest-sucker-rally-great-depression-2009-10-07,Nasdaq,2009-10-07 00:00:00 UTC,AA
Gold at All-Time High: More ETF Rally Likely in 2024,https://www.nasdaq.com/articles/gold-at-all-time-high%3A-more-etf-rally-likely-in-2024,Nasdaq,2023-12-05 00:00:00 UTC,AAAU
Hedge Safely by Opting for Gold ETFs,https://www.nasdaq.com/articles/hedge-safely-by-opting-for-gold-etfs,Nasdaq,2023-12-04 00:00:00 UTC,AAAU
Gold ETFs Rebound: Can the Momentum Continue?,https://www.nasdaq.com/articles/gold-etfs-rebound%3A-can-the-momentum-continue,Nasdaq,2023-11-02 00:00:00 UTC,AAAU
VettaFi Voices On: Considering Commodities,https://www.nasdaq.com/articles/vettafi-voices-on%3A-considering-commodities,Nasdaq,2023-10-06 00:00:00 UTC,AAAU
Physical Gold ETF (AAAU) Hits New 52-Week High,https://www.nasdaq.com/articles/physical-gold-etf-aaau-hits-new-52-week-high,Nasdaq,2023-04-16 00:00:00 UTC,AAAU
Gold Shines in March: 5 ETFs That Gained the Most,https://www.nasdaq.com/articles/gold-shines-in-march%3A-5-etfs-that-gained-the-most,Nasdaq,2023-03-31 00:00:00 UTC,AAAU
ETF Prime: Rosenbluth and Geraci Make Some Bets,https://www.nasdaq.com/articles/etf-prime%3A-rosenbluth-and-geraci-make-some-bets,Nasdaq,2023-01-10 00:00:00 UTC,AAAU
ATA Creativity Global - ADR (AACG) Price Target Increased by 10.00% to 11.22,https://www.nasdaq.com/articles/ata-creativity-global-adr-aacg-price-target-increased-by-10.00-to-11.22,Nasdaq,2023-08-31 00:00:00 UTC,AACG
"Friday Sector Leaders: Communicationss Services, Education & Training Services",https://www.nasdaq.com/articles/friday-sector-leaders%3A-communicationss-services-education-training-services,Nasdaq,2023-02-17 00:00:00 UTC,AACG
"Monday Sector Laggards: Education & Training Services, Agriculture & Farm Products",https://www.nasdaq.com/articles/monday-sector-laggards%3A-education-training-services-agriculture-farm-products,Nasdaq,2022-12-12 00:00:00 UTC,AACG
"Friday Sector Laggards: Textiles, Education & Training Services",https://www.nasdaq.com/articles/friday-sector-laggards%3A-textiles-education-training-services,Nasdaq,2022-09-02 00:00:00 UTC,AACG
ATA Creativity Global (NASDAQ:AACG) Is In A Good Position To Deliver On Growth Plans,https://www.nasdaq.com/articles/ata-creativity-global-nasdaq%3Aaacg-is-in-a-good-position-to-deliver-on-growth-plans,Nasdaq,2022-08-10 00:00:00 UTC,AACG
Dyson faces claims from former workers at Malaysian supplier,https://www.nasdaq.com/articles/dyson-faces-claims-from-former-workers-at-malaysian-supplier-0,Nasdaq,2022-02-11 00:00:00 UTC,AACG
Dyson faces claims from former workers at Malaysian supplier,https://www.nasdaq.com/articles/dyson-faces-claims-from-former-workers-at-malaysian-supplier,Nasdaq,2022-02-11 00:00:00 UTC,AACG
Malaysia's VS Industry hires PwC Consulting to review labour practices,https://www.nasdaq.com/articles/malaysias-vs-industry-hires-pwc-consulting-to-review-labour-practices,Nasdaq,2022-02-11 00:00:00 UTC,AACG
"Pre-market Movers: KAVL, ATHE, BLI, PSTV, CNSP…",https://www.nasdaq.com/articles/pre-market-movers%3A-kavl-athe-bli-pstv-cnsp...,Nasdaq,2022-01-06 00:00:00 UTC,AACG
"Pre-Market Most Active for Jan 5, 2022 : CNTB, SQQQ, WEJO, STLA, F, AACG, NKLA, PLTR, PFE, BHP, T, AAPL",https://www.nasdaq.com/articles/pre-market-most-active-for-jan-5-2022-%3A-cntb-sqqq-wejo-stla-f-aacg-nkla-pltr-pfe-bhp-t,Nasdaq,2022-01-05 00:00:00 UTC,AACG
"After Hours Most Active for Jan 4, 2022 : BAC, CMCSA, AAPL, AACG, USMC, PSC, F, PFE, RIVN, WFC, C, MA",https://www.nasdaq.com/articles/after-hours-most-active-for-jan-4-2022-%3A-bac-cmcsa-aapl-aacg-usmc-psc-f-pfe-rivn-wfc-c-ma,Nasdaq,2022-01-04 00:00:00 UTC,AACG
"Wednesday Sector Laggards: Education & Training Services, Credit Services & Lending Stocks",https://www.nasdaq.com/articles/wednesday-sector-laggards%3A-education-training-services-credit-services-lending-stocks,Nasdaq,2021-12-29 00:00:00 UTC,AACG
"Wednesday Sector Laggards: Precious Metals, Education & Training Services",https://www.nasdaq.com/articles/wednesday-sector-laggards%3A-precious-metals-education-training-services,Nasdaq,2021-12-15 00:00:00 UTC,AACG
Malaysia charges Dyson supplier ATA with labour law violations,https://www.nasdaq.com/articles/malaysia-charges-dyson-supplier-ata-with-labour-law-violations,Nasdaq,2021-12-11 00:00:00 UTC,AACG
Analysts see years of losses at Malaysia's ATA after major client Dyson cuts ties,https://www.nasdaq.com/articles/analysts-see-years-of-losses-at-malaysias-ata-after-major-client-dyson-cuts-ties,Nasdaq,2021-11-25 00:00:00 UTC,AACG
"Tuesday Sector Leaders: Education & Training Services, Medical Instruments & Supplies",https://www.nasdaq.com/articles/tuesday-sector-leaders%3A-education-training-services-medical-instruments-supplies-2021-10,Nasdaq,2021-10-19 00:00:00 UTC,AACG
The ATA Creativity Global (NASDAQ:AACG) Share Price Is Up 125% And Shareholders Are Boasting About It,https://www.nasdaq.com/articles/the-ata-creativity-global-nasdaq%3Aaacg-share-price-is-up-125-and-shareholders-are-boasting,Nasdaq,2021-07-16 00:00:00 UTC,AACG
"Thursday Sector Leaders: Education & Training Services, Non-Precious Metals & Non-Metallic Mining Stocks",https://www.nasdaq.com/articles/thursday-sector-leaders%3A-education-training-services-non-precious-metals-non-metallic,Nasdaq,2021-07-15 00:00:00 UTC,AACG
What Is The Ownership Structure Like For ATA Creativity Global (NASDAQ:AACG)?,https://www.nasdaq.com/articles/what-is-the-ownership-structure-like-for-ata-creativity-global-nasdaq%3Aaacg-2021-04-06,Nasdaq,2021-04-06 00:00:00 UTC,AACG
"For a Speculative Trade in Education Abroad, Try ATA Creativity Global",https://www.nasdaq.com/articles/for-a-speculative-trade-in-education-abroad-try-ata-creativity-global-2021-04-01,Nasdaq,2021-04-01 00:00:00 UTC,AACG
"Monday Sector Laggards: Precious Metals, Education & Training Services",https://www.nasdaq.com/articles/monday-sector-laggards%3A-precious-metals-education-training-services-2021-03-29,Nasdaq,2021-03-29 00:00:00 UTC,AACG
"Thursday Sector Leaders: Education & Training Services, Textiles",https://www.nasdaq.com/articles/thursday-sector-leaders%3A-education-training-services-textiles-2021-02-04,Nasdaq,2021-02-04 00:00:00 UTC,AACG
"After Hours Most Active for Feb 4, 2021 : VIPS, F, TME, AAPL, SNAP, INTC, WORK, AACG, PINS, TTOO, ERIC, IQ",https://www.nasdaq.com/articles/after-hours-most-active-for-feb-4-2021-%3A-vips-f-tme-aapl-snap-intc-work-aacg-pins-ttoo,Nasdaq,2021-02-04 00:00:00 UTC,AACG
"Pre-Market Most Active for Feb 4, 2021 : AACG, NOK, VGAC, AMC, CLOV, LIZI, AEG, CCIV, XL, CRBP, AAPL, BILI",https://www.nasdaq.com/articles/pre-market-most-active-for-feb-4-2021-%3A-aacg-nok-vgac-amc-clov-lizi-aeg-cciv-xl-crbp-aapl,Nasdaq,2021-02-04 00:00:00 UTC,AACG
AACG Stock: 7 Things to Know About ATA Creativity as Shares Skyrocket 200%,https://www.nasdaq.com/articles/aacg-stock%3A-7-things-to-know-about-ata-creativity-as-shares-skyrocket-200-2021-02-04,Nasdaq,2021-02-04 00:00:00 UTC,AACG
"Tuesday Sector Leaders: Education & Training Services, Electric Utilities",https://www.nasdaq.com/articles/tuesday-sector-leaders%3A-education-training-services-electric-utilities-2020-02-25,Nasdaq,2020-02-25 00:00:00 UTC,AACG
"Tuesday Sector Leaders: Education & Training Services, Precious Metals",https://www.nasdaq.com/articles/tuesday-sector-leaders%3A-education-training-services-precious-metals-2019-05-07,Nasdaq,2019-05-07 00:00:00 UTC,AACG
Asian ADRs Move Lower in Wednesday Trading,https://www.nasdaq.com/articles/asian-adrs-move-lower-in-wednesday-trading-2019-04-24,Nasdaq,2019-04-24 00:00:00 UTC,AACG
Asian ADRs Move Lower in Monday Trading,https://www.nasdaq.com/articles/asian-adrs-move-lower-in-monday-trading-2019-04-15,Nasdaq,2019-04-15 00:00:00 UTC,AACG
"Monday Sector Leaders: Education & Training Services, Consumer Services",https://www.nasdaq.com/articles/monday-sector-leaders-education-training-services-consumer-services-2019-04-15-0,Nasdaq,2019-04-15 00:00:00 UTC,AACG
"Friday Sector Laggards: Education & Training Services, Hospital & Medical Practitioners",https://www.nasdaq.com/articles/friday-sector-laggards-education-training-services-hospital-medical-practitioners-2019-04,Nasdaq,2019-04-12 00:00:00 UTC,AACG
Mid-Day Market Update: SemiLEDs Falls After Q2 Results; China Bat Group Shares Surge,https://www.nasdaq.com/articles/mid-day-market-update-semileds-falls-after-q2-results-china-bat-group-shares-surge-2019-04,Nasdaq,2019-04-11 00:00:00 UTC,AACG
Mid-Morning Market Update: Markets Mixed; Fastenal Profit Tops Estimates,https://www.nasdaq.com/articles/mid-morning-market-update-markets-mixed-fastenal-profit-tops-estimates-2019-04-11,Nasdaq,2019-04-11 00:00:00 UTC,AACG
Asian ADRs Move Lower in Wednesday Trading,https://www.nasdaq.com/articles/asian-adrs-move-lower-in-wednesday-trading-2019-04-10,Nasdaq,2019-04-10 00:00:00 UTC,AACG
"Consumer Sector Update for 04/10/2019: ATAI, LEVI, WMT, MCD, DIS, CVS, KO",https://www.nasdaq.com/articles/consumer-sector-update-for-04-10-2019%3A-atai-levi-wmt-mcd-dis-cvs-ko-2019-04-10,Nasdaq,2019-04-10 00:00:00 UTC,AACG
Asian ADRs Move Higher in Tuesday Trading,https://www.nasdaq.com/articles/asian-adrs-move-higher-in-tuesday-trading-2019-04-09,Nasdaq,2019-04-09 00:00:00 UTC,AACG
"Thursday Sector Laggards: Education & Training Services, Home Furnishings & Improvement Stocks",https://www.nasdaq.com/articles/thursday-sector-laggards-education-training-services-home-furnishings-improvement-stocks,Nasdaq,2019-03-07 00:00:00 UTC,AACG
Asian ADRs Move Higher in Wednesday Trading,https://www.nasdaq.com/articles/asian-adrs-move-higher-wednesday-trading-2019-01-30,Nasdaq,2019-01-30 00:00:00 UTC,AACG
Asian ADRs Move Higher in Wednesday Trading,https://www.nasdaq.com/articles/asian-adrs-move-higher-wednesday-trading-2019-01-16,Nasdaq,2019-01-16 00:00:00 UTC,AACG
Asian ADRs Move Higher in Tuesday Trading,https://www.nasdaq.com/articles/asian-adrs-move-higher-tuesday-trading-2019-01-08,Nasdaq,2019-01-08 00:00:00 UTC,AACG
Asian ADRs Move Higher in Monday Trading,https://www.nasdaq.com/articles/asian-adrs-move-higher-monday-trading-2018-11-26,Nasdaq,2018-11-26 00:00:00 UTC,AACG
Asian ADRs Move Higher in Wednesday Trading,https://www.nasdaq.com/articles/asian-adrs-move-higher-wednesday-trading-2018-11-14,Nasdaq,2018-11-14 00:00:00 UTC,AACG
Asian ADRs Move Lower in Friday Trading,https://www.nasdaq.com/articles/asian-adrs-move-lower-friday-trading-2018-11-09,Nasdaq,2018-11-09 00:00:00 UTC,AACG
Asian ADRs Move Lower in Friday Trading,https://www.nasdaq.com/articles/asian-adrs-move-lower-friday-trading-2018-10-26,Nasdaq,2018-10-26 00:00:00 UTC,AACG
Asian ADRs Move Higher in Thursday Trading,https://www.nasdaq.com/articles/asian-adrs-move-higher-thursday-trading-2018-10-25,Nasdaq,2018-10-25 00:00:00 UTC,AACG
Asian ADRs Move Lower in Thursday Trading,https://www.nasdaq.com/articles/asian-adrs-move-lower-thursday-trading-2018-10-18,Nasdaq,2018-10-18 00:00:00 UTC,AACG
Asian ADRs Move Lower in Friday Trading,https://www.nasdaq.com/articles/asian-adrs-move-lower-friday-trading-2018-10-05,Nasdaq,2018-10-05 00:00:00 UTC,AACG
Asian ADRs Move Lower in Thursday Trading,https://www.nasdaq.com/articles/asian-adrs-move-lower-thursday-trading-2018-10-04,Nasdaq,2018-10-04 00:00:00 UTC,AACG
Asian ADRs Move Lower in Friday Trading,https://www.nasdaq.com/articles/asian-adrs-move-lower-friday-trading-2018-09-28,Nasdaq,2018-09-28 00:00:00 UTC,AACG
Detailed Fundamental Analysis - AADR,https://www.nasdaq.com/articles/detailed-fundamental-analysis-aadr,Nasdaq,2023-07-10 00:00:00 UTC,AADR
"Allegion plc (ALLE) Ex-Dividend Date Scheduled for December 14, 2018",https://www.nasdaq.com/articles/allegion-plc-alle-ex-dividend-date-scheduled-december-14-2018-2018-12-13,Nasdaq,2018-12-13 00:00:00 UTC,AADR
"Shire plc (SHPG) Ex-Dividend Date Scheduled for September 06, 2018",https://www.nasdaq.com/articles/shire-plc-shpg-ex-dividend-date-scheduled-september-06-2018-2018-09-05,Nasdaq,2018-09-05 00:00:00 UTC,AADR
"Sasol Ltd. (SSL) Ex-Dividend Date Scheduled for September 06, 2018",https://www.nasdaq.com/articles/sasol-ltd-ssl-ex-dividend-date-scheduled-september-06-2018-2018-09-05,Nasdaq,2018-09-05 00:00:00 UTC,AADR
"Aegon NV (AEG) Ex-Dividend Date Scheduled for August 24, 2018",https://www.nasdaq.com/articles/aegon-nv-aeg-ex-dividend-date-scheduled-august-24-2018-2018-08-23,Nasdaq,2018-08-23 00:00:00 UTC,AADR
"Copa Holdings, S.A. (CPA) Ex-Dividend Date Scheduled for May 30, 2018",https://www.nasdaq.com/articles/copa-holdings-sa-cpa-ex-dividend-date-scheduled-may-30-2018-2018-05-29,Nasdaq,2018-05-29 00:00:00 UTC,AADR
"ASML Holding N.V. (ASML) Ex-Dividend Date Scheduled for April 27, 2018",https://www.nasdaq.com/articles/asml-holding-nv-asml-ex-dividend-date-scheduled-april-27-2018-2018-04-26,Nasdaq,2018-04-26 00:00:00 UTC,AADR
"Telecom Argentina Stet - France Telecom S.A. (TEO) Ex-Dividend Date Scheduled for December 27, 2017",https://www.nasdaq.com/articles/telecom-argentina-stet-france-telecom-sa-teo-ex-dividend-date-scheduled-december-27-2017,Nasdaq,2017-12-26 00:00:00 UTC,AADR
"TIM Participacoes S.A. (TSU) Ex-Dividend Date Scheduled for November 16, 2017",https://www.nasdaq.com/articles/tim-participacoes-sa-tsu-ex-dividend-date-scheduled-november-16-2017-2017-11-15,Nasdaq,2017-11-15 00:00:00 UTC,AADR
"STMicroelectronics N.V. (STM) Ex-Dividend Date Scheduled for September 18, 2017",https://www.nasdaq.com/articles/stmicroelectronics-nv-stm-ex-dividend-date-scheduled-september-18-2017-2017-09-15,Nasdaq,2017-09-15 00:00:00 UTC,AADR
"ING Group, N.V. (ING) Ex-Dividend Date Scheduled for August 10, 2017",https://www.nasdaq.com/articles/ing-group-nv-ing-ex-dividend-date-scheduled-august-10-2017-2017-08-09,Nasdaq,2017-08-09 00:00:00 UTC,AADR
"STMicroelectronics N.V. (STM) Ex-Dividend Date Scheduled for June 23, 2017",https://www.nasdaq.com/articles/stmicroelectronics-nv-stm-ex-dividend-date-scheduled-june-23-2017-2017-06-22,Nasdaq,2017-06-22 00:00:00 UTC,AADR
"Itau Unibanco Banco Holding SA (ITUB) Ex-Dividend Date Scheduled for June 01, 2017",https://www.nasdaq.com/articles/itau-unibanco-banco-holding-sa-itub-ex-dividend-date-scheduled-june-01-2017-2017-05-31,Nasdaq,2017-05-31 00:00:00 UTC,AADR
"Banco Santander Brasil SA (BSBR) Ex-Dividend Date Scheduled for May 04, 2017",https://www.nasdaq.com/articles/banco-santander-brasil-sa-bsbr-ex-dividend-date-scheduled-may-04-2017-2017-05-03,Nasdaq,2017-05-03 00:00:00 UTC,AADR
"Itau Unibanco Banco Holding SA (ITUB) Ex-Dividend Date Scheduled for April 03, 2017",https://www.nasdaq.com/articles/itau-unibanco-banco-holding-sa-itub-ex-dividend-date-scheduled-april-03-2017-2017-03-31,Nasdaq,2017-03-31 00:00:00 UTC,AADR
"CRH PLC (CRH) Ex-Dividend Date Scheduled for March 09, 2017",https://www.nasdaq.com/articles/crh-plc-crh-ex-dividend-date-scheduled-march-09-2017-2017-03-08,Nasdaq,2017-03-08 00:00:00 UTC,AADR
"Itau Unibanco Banco Holding SA (ITUB) Ex-Dividend Date Scheduled for March 01, 2017",https://www.nasdaq.com/articles/itau-unibanco-banco-holding-sa-itub-ex-dividend-date-scheduled-march-01-2017-2017-02-28,Nasdaq,2017-02-28 00:00:00 UTC,AADR
"Itau Unibanco Banco Holding SA (ITUB) Ex-Dividend Date Scheduled for February 21, 2017",https://www.nasdaq.com/articles/itau-unibanco-banco-holding-sa-itub-ex-dividend-date-scheduled-february-21-2017-2017-02-20,Nasdaq,2017-02-20 00:00:00 UTC,AADR
"Itau Unibanco Banco Holding SA (ITUB) Ex-Dividend Date Scheduled for February 21, 2017",https://www.nasdaq.com/articles/itau-unibanco-banco-holding-sa-itub-ex-dividend-date-scheduled-february-21-2017-2017-02-17,Nasdaq,2017-02-17 00:00:00 UTC,AADR
"Itau Unibanco Banco Holding SA (ITUB) Ex-Dividend Date Scheduled for February 01, 2017",https://www.nasdaq.com/articles/itau-unibanco-banco-holding-sa-itub-ex-dividend-date-scheduled-february-01-2017-2017-01-31,Nasdaq,2017-01-31 00:00:00 UTC,AADR
"Banco Santander Brasil SA (BSBR) Ex-Dividend Date Scheduled for January 05, 2017",https://www.nasdaq.com/articles/banco-santander-brasil-sa-bsbr-ex-dividend-date-scheduled-january-05-2017-2017-01-04,Nasdaq,2017-01-04 00:00:00 UTC,AADR
Smart Beta Take on ADRs - An Easy Way to Get Exposure to International Stocks,https://www.nasdaq.com/articles/smart-beta-take-adrs-easy-way-get-exposure-international-stocks-2016-09-14,Nasdaq,2016-09-14 00:00:00 UTC,AADR
"Allegion plc (ALLE) Ex-Dividend Date Scheduled for September 13, 2016",https://www.nasdaq.com/articles/allegion-plc-alle-ex-dividend-date-scheduled-september-13-2016-2016-09-12,Nasdaq,2016-09-12 00:00:00 UTC,AADR
Big Changes are Coming to AdvisorShares Actively Managed International ETF,https://www.nasdaq.com/articles/big-changes-are-coming-advisorshares-actively-managed-international-etf-2016-08-31,Nasdaq,2016-08-31 00:00:00 UTC,AADR
"Novo Nordisk A/S (NVO) Ex-Dividend Date Scheduled for August 11, 2016",https://www.nasdaq.com/articles/novo-nordisk-nvo-ex-dividend-date-scheduled-august-11-2016-2016-08-10,Nasdaq,2016-08-10 00:00:00 UTC,AADR
"Taiwan Semiconductor Manufacturing Company Ltd. (TSM) Ex-Dividend Date Scheduled for June 27, 2016",https://www.nasdaq.com/articles/taiwan-semiconductor-manufacturing-company-ltd-tsm-ex-dividend-date-scheduled-june-27-2016,Nasdaq,2016-06-24 00:00:00 UTC,AADR
"HDFC Bank Limited (HDB) Ex-Dividend Date Scheduled for June 27, 2016",https://www.nasdaq.com/articles/hdfc-bank-limited-hdb-ex-dividend-date-scheduled-june-27-2016-2016-06-24,Nasdaq,2016-06-24 00:00:00 UTC,AADR
"Canadian Pacific Railway Limited (CP) Ex-Dividend Date Scheduled for June 22, 2016",https://www.nasdaq.com/articles/canadian-pacific-railway-limited-cp-ex-dividend-date-scheduled-june-22-2016-2016-06-21,Nasdaq,2016-06-21 00:00:00 UTC,AADR
"Novo Nordisk A/S (NVO) Ex-Dividend Date Scheduled for March 18, 2016",https://www.nasdaq.com/articles/novo-nordisk-nvo-ex-dividend-date-scheduled-march-18-2016-2016-03-17,Nasdaq,2016-03-17 00:00:00 UTC,AADR
"Canadian Pacific Railway Limited (CP) Ex-Dividend Date Scheduled for December 29, 2015",https://www.nasdaq.com/articles/canadian-pacific-railway-limited-cp-ex-dividend-date-scheduled-december-29-2015-2015-12-28,Nasdaq,2015-12-28 00:00:00 UTC,AADR
"Ace Limited (ACE) Ex-Dividend Date Scheduled for December 29, 2015",https://www.nasdaq.com/articles/ace-limited-ace-ex-dividend-date-scheduled-december-29-2015-2015-12-28,Nasdaq,2015-12-28 00:00:00 UTC,AADR
"Canadian National Railway Company (CNI) Ex-Dividend Date Scheduled for December 08, 2015",https://www.nasdaq.com/articles/canadian-national-railway-company-cni-ex-dividend-date-scheduled-december-08-2015-2015-12,Nasdaq,2015-12-07 00:00:00 UTC,AADR
"Ace Limited (ACE) Ex-Dividend Date Scheduled for September 28, 2015",https://www.nasdaq.com/articles/ace-limited-ace-ex-dividend-date-scheduled-september-28-2015-2015-09-25,Nasdaq,2015-09-25 00:00:00 UTC,AADR
"Canadian Pacific Railway Limited (CP) Ex-Dividend Date Scheduled for September 23, 2015",https://www.nasdaq.com/articles/canadian-pacific-railway-limited-cp-ex-dividend-date-scheduled-september-23-2015-2015-09,Nasdaq,2015-09-22 00:00:00 UTC,AADR
"Canadian National Railway Company (CNI) Ex-Dividend Date Scheduled for September 04, 2015",https://www.nasdaq.com/articles/canadian-national-railway-company-cni-ex-dividend-date-scheduled-september-04-2015-2015-09,Nasdaq,2015-09-03 00:00:00 UTC,AADR
"Ace Limited (ACE) Ex-Dividend Date Scheduled for June 26, 2015",https://www.nasdaq.com/articles/ace-limited-ace-ex-dividend-date-scheduled-june-26-2015-2015-06-25,Nasdaq,2015-06-25 00:00:00 UTC,AADR
"Canadian Pacific Railway Limited (CP) Ex-Dividend Date Scheduled for June 24, 2015",https://www.nasdaq.com/articles/canadian-pacific-railway-limited-cp-ex-dividend-date-scheduled-june-24-2015-2015-06-23,Nasdaq,2015-06-23 00:00:00 UTC,AADR
"Canadian National Railway Company (CNI) Ex-Dividend Date Scheduled for June 05, 2015",https://www.nasdaq.com/articles/canadian-national-railway-company-cni-ex-dividend-date-scheduled-june-05-2015-2015-06-04,Nasdaq,2015-06-04 00:00:00 UTC,AADR
"Ace Limited (ACE) Ex-Dividend Date Scheduled for March 27, 2015",https://www.nasdaq.com/articles/ace-limited-ace-ex-dividend-date-scheduled-march-27-2015-2015-03-26,Nasdaq,2015-03-26 00:00:00 UTC,AADR
"Canadian Pacific Railway Limited (CP) Ex-Dividend Date Scheduled for March 25, 2015",https://www.nasdaq.com/articles/canadian-pacific-railway-limited-cp-ex-dividend-date-scheduled-march-25-2015-2015-03-24,Nasdaq,2015-03-24 00:00:00 UTC,AADR
"Canadian National Railway Company (CNI) Ex-Dividend Date Scheduled for March 06, 2015",https://www.nasdaq.com/articles/canadian-national-railway-company-cni-ex-dividend-date-scheduled-march-06-2015-2015-03-05,Nasdaq,2015-03-05 00:00:00 UTC,AADR
"Lazard Ltd. (LAZ) Ex-Dividend Date Scheduled for February 11, 2015",https://www.nasdaq.com/articles/lazard-ltd-laz-ex-dividend-date-scheduled-february-11-2015-2015-02-10,Nasdaq,2015-02-10 00:00:00 UTC,AADR
"Ace Limited (ACE) Ex-Dividend Date Scheduled for December 15, 2014",https://www.nasdaq.com/articles/ace-limited-ace-ex-dividend-date-scheduled-december-15-2014-2014-12-12,Nasdaq,2014-12-12 00:00:00 UTC,AADR
"Canadian National Railway Company (CNI) Ex-Dividend Date Scheduled for December 08, 2014",https://www.nasdaq.com/articles/canadian-national-railway-company-cni-ex-dividend-date-scheduled-december-08-2014-2014-12,Nasdaq,2014-12-05 00:00:00 UTC,AADR
"Lazard Ltd. (LAZ) Ex-Dividend Date Scheduled for October 30, 2014",https://www.nasdaq.com/articles/lazard-ltd-laz-ex-dividend-date-scheduled-october-30-2014-2014-10-29,Nasdaq,2014-10-29 00:00:00 UTC,AADR
"Ace Limited (ACE) Ex-Dividend Date Scheduled for September 26, 2014",https://www.nasdaq.com/articles/ace-limited-ace-ex-dividend-date-scheduled-september-26-2014-2014-09-25,Nasdaq,2014-09-25 00:00:00 UTC,AADR
"Canadian Pacific Railway Limited (CP) Ex-Dividend Date Scheduled for September 24, 2014",https://www.nasdaq.com/articles/canadian-pacific-railway-limited-cp-ex-dividend-date-scheduled-september-24-2014-2014-09,Nasdaq,2014-09-23 00:00:00 UTC,AADR
"Canadian National Railway Company (CNI) Ex-Dividend Date Scheduled for September 05, 2014",https://www.nasdaq.com/articles/canadian-national-railway-company-cni-ex-dividend-date-scheduled-september-05-2014-2014-09,Nasdaq,2014-09-04 00:00:00 UTC,AADR
"Lazard Ltd. (LAZ) Ex-Dividend Date Scheduled for July 31, 2014",https://www.nasdaq.com/articles/lazard-ltd-laz-ex-dividend-date-scheduled-july-31-2014-2014-07-30,Nasdaq,2014-07-30 00:00:00 UTC,AADR
"Canadian National Railway Company (CNI) Ex-Dividend Date Scheduled for June 05, 2014",https://www.nasdaq.com/articles/canadian-national-railway-company-cni-ex-dividend-date-scheduled-june-05-2014-2014-06-04,Nasdaq,2014-06-04 00:00:00 UTC,AADR
"Lazard Ltd. (LAZ) Ex-Dividend Date Scheduled for May 08, 2014",https://www.nasdaq.com/articles/lazard-ltd-laz-ex-dividend-date-scheduled-may-08-2014-2014-05-07,Nasdaq,2014-05-07 00:00:00 UTC,AADR
"Covidien plc. (COV) Ex-Dividend Date Scheduled for April 03, 2014",https://www.nasdaq.com/articles/covidien-plc-cov-ex-dividend-date-scheduled-april-03-2014-2014-04-02,Nasdaq,2014-04-02 00:00:00 UTC,AADR
"Canadian Pacific Railway Limited (CP) Ex-Dividend Date Scheduled for March 26, 2014",https://www.nasdaq.com/articles/canadian-pacific-railway-limited-cp-ex-dividend-date-scheduled-march-26-2014-2014-03-25,Nasdaq,2014-03-25 00:00:00 UTC,AADR
"Ace Limited (ACE) Ex-Dividend Date Scheduled for March 26, 2014",https://www.nasdaq.com/articles/ace-limited-ace-ex-dividend-date-scheduled-march-26-2014-2014-03-25,Nasdaq,2014-03-25 00:00:00 UTC,AADR
"Canadian National Railway Company (CNI) Ex-Dividend Date Scheduled for March 06, 2014",https://www.nasdaq.com/articles/canadian-national-railway-company-cni-ex-dividend-date-scheduled-march-06-2014-2014-03-05,Nasdaq,2014-03-05 00:00:00 UTC,AADR
"Perrigo Company (PRGO) Ex-Dividend Date Scheduled for February 26, 2014",https://www.nasdaq.com/articles/perrigo-company-prgo-ex-dividend-date-scheduled-february-26-2014-2014-02-25,Nasdaq,2014-02-25 00:00:00 UTC,AADR
"Covidien plc. (COV) Ex-Dividend Date Scheduled for January 24, 2014",https://www.nasdaq.com/articles/covidien-plc-cov-ex-dividend-date-scheduled-january-24-2014-2014-01-23,Nasdaq,2014-01-23 00:00:00 UTC,AADR
"Canadian Pacific Railway Limited (CP) Ex-Dividend Date Scheduled for December 24, 2013",https://www.nasdaq.com/articles/canadian-pacific-railway-limited-cp-ex-dividend-date-scheduled-december-24-2013-2013-12-23,Nasdaq,2013-12-23 00:00:00 UTC,AADR
"Core Laboratories N.V. (CLB) Ex-Dividend Date Scheduled for October 16, 2013",https://www.nasdaq.com/articles/core-laboratories-nv-clb-ex-dividend-date-scheduled-october-16-2013-2013-10-15,Nasdaq,2013-10-15 00:00:00 UTC,AADR
"Covidien plc. (COV) Ex-Dividend Date Scheduled for October 08, 2013",https://www.nasdaq.com/articles/covidien-plc-cov-ex-dividend-date-scheduled-october-08-2013-2013-10-07,Nasdaq,2013-10-07 00:00:00 UTC,AADR
"Ace Limited (ACE) Ex-Dividend Date Scheduled for September 26, 2013",https://www.nasdaq.com/articles/ace-limited-ace-ex-dividend-date-scheduled-september-26-2013-2013-09-25,Nasdaq,2013-09-25 00:00:00 UTC,AADR
"As Global Stocks Rally, Don't Forget These ETFs",https://www.nasdaq.com/articles/global-stocks-rally-dont-forget-these-etfs-2013-09-06,Nasdaq,2013-09-06 00:00:00 UTC,AADR
"Canadian National Railway Company (CNI) Ex-Dividend Date Scheduled for September 05, 2013",https://www.nasdaq.com/articles/canadian-national-railway-company-cni-ex-dividend-date-scheduled-september-05-2013-2013-09,Nasdaq,2013-09-04 00:00:00 UTC,AADR
"Taiwan Semiconductor Manufacturing Company Ltd. (TSM) Ex-Dividend Date Scheduled for July 03, 2013",https://www.nasdaq.com/articles/taiwan-semiconductor-manufacturing-company-ltd-tsm-ex-dividend-date-scheduled-july-03-2013,Nasdaq,2013-07-02 00:00:00 UTC,AADR
"Canadian National Railway Company (CNI) Ex-Dividend Date Scheduled for June 05, 2013",https://www.nasdaq.com/articles/canadian-national-railway-company-cni-ex-dividend-date-scheduled-june-05-2013-2013-06-04,Nasdaq,2013-06-04 00:00:00 UTC,AADR
"Coca-Cola Enterprises, Inc. (CCE) Ex-Dividend Date Scheduled for June 05, 2013",https://www.nasdaq.com/articles/coca-cola-enterprises-inc-cce-ex-dividend-date-scheduled-june-05-2013-2013-06-04,Nasdaq,2013-06-04 00:00:00 UTC,AADR
"Core Laboratories N.V. (CLB) Ex-Dividend Date Scheduled for April 24, 2013",https://www.nasdaq.com/articles/core-laboratories-nv-clb-ex-dividend-date-scheduled-april-24-2013-2013-04-23,Nasdaq,2013-04-23 00:00:00 UTC,AADR
"ARM Holdings plc (ARMH) Ex-Dividend Date Scheduled for April 17, 2013",https://www.nasdaq.com/articles/arm-holdings-plc-armh-ex-dividend-date-scheduled-april-17-2013-2013-04-16,Nasdaq,2013-04-16 00:00:00 UTC,AADR
"Potash Corporation of Saskatchewan Inc. (POT) Ex-Dividend Date Scheduled for April 09, 2013",https://www.nasdaq.com/articles/potash-corporation-saskatchewan-inc-pot-ex-dividend-date-scheduled-april-09-2013-2013-04,Nasdaq,2013-04-08 00:00:00 UTC,AADR
"Ace Limited (ACE) Ex-Dividend Date Scheduled for March 26, 2013",https://www.nasdaq.com/articles/ace-limited-ace-ex-dividend-date-scheduled-march-26-2013-2013-03-25,Nasdaq,2013-03-25 00:00:00 UTC,AADR
"Coca-Cola Enterprises, Inc. (CCE) Ex-Dividend Date Scheduled for March 06, 2013",https://www.nasdaq.com/articles/coca-cola-enterprises-inc-cce-ex-dividend-date-scheduled-march-06-2013-2013-03-04,Nasdaq,2013-03-04 00:00:00 UTC,AADR
"Potash Corporation of Saskatchewan Inc. (POT) Ex-Dividend Date Scheduled for January 15, 2013",https://www.nasdaq.com/articles/potash-corporation-saskatchewan-inc-pot-ex-dividend-date-scheduled-january-15-2013-2013-01,Nasdaq,2013-01-11 00:00:00 UTC,AADR
"Noah Hamman: HDGE, The Tip Of An Iceberg",https://www.nasdaq.com/articles/noah-hamman-hdge-tip-iceberg-2012-07-20,Nasdaq,2012-07-20 00:00:00 UTC,AADR
Best/Worst Daily ETF Returns: Commodities Shine,https://www.nasdaq.com/articles/bestworst-daily-etf-returns-commodities-shine-2012-06-27,Nasdaq,2012-06-27 00:00:00 UTC,AADR
"AdvisorShares, TrimTabs Plan Equities ETF",https://www.nasdaq.com/articles/advisorshares-trimtabs-plan-equities-etf-2011-01-20,Nasdaq,2011-01-20 00:00:00 UTC,AADR
"AdvisorShares, TrimTabs Plan ETF",https://www.nasdaq.com/articles/advisorshares-trimtabs-plan-etf-2011-01-12,Nasdaq,2011-01-12 00:00:00 UTC,AADR
ETF Roundup: Emerging Market Bonds for Your Portfolio,https://www.nasdaq.com/articles/etf-roundup-emerging-market-bonds-your-portfolio-2010-07-23,Nasdaq,2010-07-23 00:00:00 UTC,AADR
COLUMN-Funds less negative on copper as supply landscape shifts: Andy Home,https://www.nasdaq.com/articles/column-funds-less-negative-on-copper-as-supply-landscape-shifts%3A-andy-home,Nasdaq,2023-12-16 20:00:00 UTC,AAL
American Airlines (AAL) Rises But Trails Market: What Investors Should Know,https://www.nasdaq.com/articles/american-airlines-aal-rises-but-trails-market%3A-what-investors-should-know,Nasdaq,2023-12-16 18:00:00 UTC,AAL
Southwest Airlines pilots reach agreement for $12 billion contract,https://www.nasdaq.com/articles/southwest-airlines-pilots-reach-agreement-for-%2412-billion-contract,Nasdaq,2023-12-16 18:00:00 UTC,AAL
METALS-Copper climbs on expectations of tightening supplies,https://www.nasdaq.com/articles/metals-copper-climbs-on-expectations-of-tightening-supplies,Nasdaq,2023-12-16 13:00:00 UTC,AAL
Here's Why One Should Retain American Airlines (AAL) Now,https://www.nasdaq.com/articles/heres-why-one-should-retain-american-airlines-aal-now,Nasdaq,2023-12-16 11:00:00 UTC,AAL
AAL Quantitative Stock Analysis,https://www.nasdaq.com/articles/aal-quantitative-stock-analysis-3,Nasdaq,2023-12-16 10:00:00 UTC,AAL
FOCUS-Some companies alter diversity policies after conservatives' lawsuit threat,https://www.nasdaq.com/articles/focus-some-companies-alter-diversity-policies-after-conservatives-lawsuit-threat,Nasdaq,2023-12-16 00:00:00 UTC,AAL
5 Broker-Favorite Stocks to Keep an Eye on as 2024 Approaches,https://www.nasdaq.com/articles/5-broker-favorite-stocks-to-keep-an-eye-on-as-2024-approaches,Nasdaq,2023-12-16 00:00:00 UTC,AAL
"METALS-Copper slips, but prospect of tight supplies sustains sentiment",https://www.nasdaq.com/articles/metals-copper-slips-but-prospect-of-tight-supplies-sustains-sentiment,Nasdaq,2023-12-16 00:00:00 UTC,AAL
American Airlines (AAL) Stock Declines While Market Improves: Some Information for Investors,https://www.nasdaq.com/articles/american-airlines-aal-stock-declines-while-market-improves%3A-some-information-for-0,Nasdaq,2023-12-16 00:00:00 UTC,AAL
3 Airline Stocks To Watch In Mid-December 2023,https://www.nasdaq.com/articles/3-airline-stocks-to-watch-in-mid-december-2023,Nasdaq,2023-12-16 00:00:00 UTC,AAL
South African court denies class action against Anglo American,https://www.nasdaq.com/articles/south-african-court-denies-class-action-against-anglo-american,Nasdaq,2023-12-14 00:00:00 UTC,AAL
Validea Detailed Fundamental Analysis - AAL,https://www.nasdaq.com/articles/validea-detailed-fundamental-analysis-aal-12,Nasdaq,2023-12-13 00:00:00 UTC,AAL
"Lufthansa to resume flights to Tel Aviv, US airlines remain on hold",https://www.nasdaq.com/articles/lufthansa-to-resume-flights-to-tel-aviv-us-airlines-remain-on-hold,Nasdaq,2023-12-13 00:00:00 UTC,AAL
Spot copper fees drop 25% from September on supply tightness,https://www.nasdaq.com/articles/spot-copper-fees-drop-25-from-september-on-supply-tightness,Nasdaq,2023-12-13 00:00:00 UTC,AAL
EXCLUSIVE-Biden poised to deliver win for ethanol makers on SAF credits,https://www.nasdaq.com/articles/exclusive-biden-poised-to-deliver-win-for-ethanol-makers-on-saf-credits,Nasdaq,2023-12-12 00:00:00 UTC,AAL
AAL Crosses Above Key Moving Average Level,https://www.nasdaq.com/articles/aal-crosses-above-key-moving-average-level,Nasdaq,2023-12-12 00:00:00 UTC,AAL
EXCLUSIVE-Biden admin to recognize methodology favored by ethanol industry for SAF credits -sources,https://www.nasdaq.com/articles/exclusive-biden-admin-to-recognize-methodology-favored-by-ethanol-industry-for-saf-credits,Nasdaq,2023-12-12 00:00:00 UTC,AAL
Year-End Travel Set to Hit Record High: 4 Stocks in Focus,https://www.nasdaq.com/articles/year-end-travel-set-to-hit-record-high%3A-4-stocks-in-focus,Nasdaq,2023-12-12 00:00:00 UTC,AAL
"Airline Stock Roundup: LUV Gives Bearish Q4 View, CPA Posts November Traffic",https://www.nasdaq.com/articles/airline-stock-roundup%3A-luv-gives-bearish-q4-view-cpa-posts-november-traffic,Nasdaq,2023-12-12 00:00:00 UTC,AAL
EXCLUSIVE-Biden administration to recognize methodology favored by ethanol industry for SAF credits,https://www.nasdaq.com/articles/exclusive-biden-administration-to-recognize-methodology-favored-by-ethanol-industry-for,Nasdaq,2023-12-12 00:00:00 UTC,AAL
"S.Africa's Thungela says ""not yet"" cutting jobs despite production curbs",https://www.nasdaq.com/articles/s.africas-thungela-says-not-yet-cutting-jobs-despite-production-curbs,Nasdaq,2023-12-11 00:00:00 UTC,AAL
American Airlines (AAL) Stock Sinks As Market Gains: What You Should Know,https://www.nasdaq.com/articles/american-airlines-aal-stock-sinks-as-market-gains%3A-what-you-should-know-8,Nasdaq,2023-12-11 00:00:00 UTC,AAL
Validea Detailed Fundamental Analysis - AAL,https://www.nasdaq.com/articles/validea-detailed-fundamental-analysis-aal-11,Nasdaq,2023-12-11 00:00:00 UTC,AAL
Tighter supplies to create tailwind for copper prices,https://www.nasdaq.com/articles/tighter-supplies-to-create-tailwind-for-copper-prices,Nasdaq,2023-12-11 00:00:00 UTC,AAL
Southwest's flight attendants reject tentative agreement,https://www.nasdaq.com/articles/southwests-flight-attendants-reject-tentative-agreement,Nasdaq,2023-12-08 00:00:00 UTC,AAL
Griffon and Clearway Energy have been highlighted as Zacks Bull and Bear of the Day,https://www.nasdaq.com/articles/griffon-and-clearway-energy-have-been-highlighted-as-zacks-bull-and-bear-of-the-day,Nasdaq,2023-12-08 00:00:00 UTC,AAL
Anglo's S.African iron ore unit cuts production as rail woes persist,https://www.nasdaq.com/articles/anglos-s.african-iron-ore-unit-cuts-production-as-rail-woes-persist,Nasdaq,2023-12-08 00:00:00 UTC,AAL
"European shares muted as miners offset energy boost, US jobs data in focus",https://www.nasdaq.com/articles/european-shares-muted-as-miners-offset-energy-boost-us-jobs-data-in-focus,Nasdaq,2023-12-08 00:00:00 UTC,AAL
Anglo American plans $1.8 billion capex cuts by 2026,https://www.nasdaq.com/articles/anglo-american-plans-%241.8-billion-capex-cuts-by-2026,Nasdaq,2023-12-08 00:00:00 UTC,AAL
Anglo American plans to cut costs; expects lower 2024 production,https://www.nasdaq.com/articles/anglo-american-plans-to-cut-costs-expects-lower-2024-production,Nasdaq,2023-12-08 00:00:00 UTC,AAL
7 Bold Stock Predictions for the Year Ahead,https://www.nasdaq.com/articles/7-bold-stock-predictions-for-the-year-ahead,Nasdaq,2023-12-07 00:00:00 UTC,AAL
"India, De Beers seek clarity, flexibility on G7's Russian diamond ban",https://www.nasdaq.com/articles/india-de-beers-seek-clarity-flexibility-on-g7s-russian-diamond-ban,Nasdaq,2023-12-07 00:00:00 UTC,AAL
US Airlines Make Hay in Yesterday's Trading: Here's Why,https://www.nasdaq.com/articles/us-airlines-make-hay-in-yesterdays-trading%3A-heres-why,Nasdaq,2023-12-07 00:00:00 UTC,AAL
EXCLUSIVE-Anglo American preps sweeping cost cuts as price rout bites - sources,https://www.nasdaq.com/articles/exclusive-anglo-american-preps-sweeping-cost-cuts-as-price-rout-bites-sources,Nasdaq,2023-12-07 00:00:00 UTC,AAL
ANALYSIS-US airlines' plans for growth constrained by antitrust concerns,https://www.nasdaq.com/articles/analysis-us-airlines-plans-for-growth-constrained-by-antitrust-concerns,Nasdaq,2023-12-06 00:00:00 UTC,AAL
American Airlines (AAL) Sees a More Significant Dip Than Broader Market: Some Facts to Know,https://www.nasdaq.com/articles/american-airlines-aal-sees-a-more-significant-dip-than-broader-market%3A-some-facts-to-know,Nasdaq,2023-12-05 00:00:00 UTC,AAL
Trial over JetBlue's Spirit merger ends with US judge mulling options,https://www.nasdaq.com/articles/trial-over-jetblues-spirit-merger-ends-with-us-judge-mulling-options,Nasdaq,2023-12-05 00:00:00 UTC,AAL
"JetBlue, at trial's end, urges judge to allow Spirit Airlines merger",https://www.nasdaq.com/articles/jetblue-at-trials-end-urges-judge-to-allow-spirit-airlines-merger,Nasdaq,2023-12-05 00:00:00 UTC,AAL
With 20% Gains This Month Is Alaska Air A Better Pick Than American Airlines Stock?,https://www.nasdaq.com/articles/with-20-gains-this-month-is-alaska-air-a-better-pick-than-american-airlines-stock,Nasdaq,2023-12-03 00:00:00 UTC,AAL
AAL Quantitative Stock Analysis,https://www.nasdaq.com/articles/aal-quantitative-stock-analysis-2,Nasdaq,2023-12-02 00:00:00 UTC,AAL
"Notable Friday Option Activity: DIS, TTWO, AAL",https://www.nasdaq.com/articles/notable-friday-option-activity%3A-dis-ttwo-aal,Nasdaq,2023-12-01 00:00:00 UTC,AAL
Miners lift European shares; investors await policy cues from Fed's Powell,https://www.nasdaq.com/articles/miners-lift-european-shares-investors-await-policy-cues-from-feds-powell,Nasdaq,2023-12-01 00:00:00 UTC,AAL
"Airline Stock Roundup: AAL's Environment-Friendly Deal, HA's Expansion Update",https://www.nasdaq.com/articles/airline-stock-roundup%3A-aals-environment-friendly-deal-has-expansion-update,Nasdaq,2023-11-30 00:00:00 UTC,AAL
"Chile mining body says new lithium projects needed beyond SQM, Albemarle",https://www.nasdaq.com/articles/chile-mining-body-says-new-lithium-projects-needed-beyond-sqm-albemarle,Nasdaq,2023-11-28 00:00:00 UTC,AAL
AAL Quantitative Stock Analysis,https://www.nasdaq.com/articles/aal-quantitative-stock-analysis-1,Nasdaq,2023-11-28 00:00:00 UTC,AAL
"The Zacks Analyst Blog Highlights Delta Air Lines, American Airlines, United Airlines and JetBlue Airways",https://www.nasdaq.com/articles/the-zacks-analyst-blog-highlights-delta-air-lines-american-airlines-united-airlines-and,Nasdaq,2023-11-28 00:00:00 UTC,AAL
What's Next For JetBlue Stock After A 35% Fall This Year?,https://www.nasdaq.com/articles/whats-next-for-jetblue-stock-after-a-35-fall-this-year,Nasdaq,2023-11-28 00:00:00 UTC,AAL
Feeling Lucky? 5 ‘Jackpot’ Stocks to Buy for 2024.,https://www.nasdaq.com/articles/feeling-lucky-5-jackpot-stocks-to-buy-for-2024.,Nasdaq,2023-11-27 00:00:00 UTC,AAL
Service With a Smile: Investment Prospects in a Rebounding Sector,https://www.nasdaq.com/articles/service-with-a-smile-investment-prospects-in-a-rebounding-sector,Nasdaq,2023-11-27 00:00:00 UTC,AAL
Analysts See 11% Upside For VOO,https://www.nasdaq.com/articles/analysts-see-11-upside-for-voo,Nasdaq,2023-11-27 00:00:00 UTC,AAL
NVIDIA and Lowes Companies have been highlighted as Zacks Bull and Bear of the Day,https://www.nasdaq.com/articles/nvidia-and-lowes-companies-have-been-highlighted-as-zacks-bull-and-bear-of-the-day,Nasdaq,2023-11-24 00:00:00 UTC,AAL
Validea Detailed Fundamental Analysis - AAL,https://www.nasdaq.com/articles/validea-detailed-fundamental-analysis-aal-10,Nasdaq,2023-11-24 00:00:00 UTC,AAL
"LATAM Airlines retakes lead in US-Brazil traffic, first time since pandemic",https://www.nasdaq.com/articles/latam-airlines-retakes-lead-in-us-brazil-traffic-first-time-since-pandemic,Nasdaq,2023-11-24 00:00:00 UTC,AAL
"Noteworthy Wednesday Option Activity: AAL, DAL, KHC",https://www.nasdaq.com/articles/noteworthy-wednesday-option-activity%3A-aal-dal-khc,Nasdaq,2023-11-22 00:00:00 UTC,AAL
Rocky Brands and Skyworks Solutions have been highlighted as Zacks Bull and Bear of the Day,https://www.nasdaq.com/articles/rocky-brands-and-skyworks-solutions-have-been-highlighted-as-zacks-bull-and-bear-of-the,Nasdaq,2023-11-22 00:00:00 UTC,AAL
3 Airline Stocks to Keep an Eye on This Thanksgiving Holiday,https://www.nasdaq.com/articles/3-airline-stocks-to-keep-an-eye-on-this-thanksgiving-holiday,Nasdaq,2023-11-22 00:00:00 UTC,AAL
The 3 Most Undervalued Long-Term Stocks to Buy: November 2023,https://www.nasdaq.com/articles/the-3-most-undervalued-long-term-stocks-to-buy%3A-november-2023,Nasdaq,2023-11-21 00:00:00 UTC,AAL
Eastern US storm set to disrupt year's busiest travel period,https://www.nasdaq.com/articles/eastern-us-storm-set-to-disrupt-years-busiest-travel-period,Nasdaq,2023-11-21 00:00:00 UTC,AAL
Eastern US storms could disrupt year's busiest travel period,https://www.nasdaq.com/articles/eastern-us-storms-could-disrupt-years-busiest-travel-period,Nasdaq,2023-11-21 00:00:00 UTC,AAL
3 Airline Stocks in Focus Ahead of Thanksgiving Travel Period,https://www.nasdaq.com/articles/3-airline-stocks-in-focus-ahead-of-thanksgiving-travel-period,Nasdaq,2023-11-21 00:00:00 UTC,AAL
Airlines Ready for Record Thanksgiving Travel: ETF in Focus,https://www.nasdaq.com/articles/airlines-ready-for-record-thanksgiving-travel%3A-etf-in-focus,Nasdaq,2023-11-20 00:00:00 UTC,AAL
"Consumer Sector Update for 11/20/2023: PARA, AAL, CCEP",https://www.nasdaq.com/articles/consumer-sector-update-for-11-20-2023%3A-para-aal-ccep,Nasdaq,2023-11-20 00:00:00 UTC,AAL
"Southwest, other US airlines face holiday travel test after 2022 blizzard",https://www.nasdaq.com/articles/southwest-other-us-airlines-face-holiday-travel-test-after-2022-blizzard,Nasdaq,2023-11-20 00:00:00 UTC,AAL
ASIA COPPER WEEK-Anglo American on the lookout for lithium as EV metals demand grows,https://www.nasdaq.com/articles/asia-copper-week-anglo-american-on-the-lookout-for-lithium-as-ev-metals-demand-grows,Nasdaq,2023-11-17 00:00:00 UTC,AAL
Sabre's (SABR) GDS to Provide LOT Polish Airlines' NDC Content,https://www.nasdaq.com/articles/sabres-sabr-gds-to-provide-lot-polish-airlines-ndc-content,Nasdaq,2023-11-16 00:00:00 UTC,AAL
"Zacks Industry Outlook Highlights Delta Air Lines, United Airlines and American Airlines",https://www.nasdaq.com/articles/zacks-industry-outlook-highlights-delta-air-lines-united-airlines-and-american-airlines,Nasdaq,2023-11-16 00:00:00 UTC,AAL
"Airline Stock Roundup: CPA's Q3 Earnings Beat, GOL's October Traffic & More",https://www.nasdaq.com/articles/airline-stock-roundup%3A-cpas-q3-earnings-beat-gols-october-traffic-more,Nasdaq,2023-11-16 00:00:00 UTC,AAL
AAL Factor-Based Stock Analysis,https://www.nasdaq.com/articles/aal-factor-based-stock-analysis-1,Nasdaq,2023-11-15 00:00:00 UTC,AAL
3 Airline Stocks to Watch Amid Industry Challenges,https://www.nasdaq.com/articles/3-airline-stocks-to-watch-amid-industry-challenges,Nasdaq,2023-11-15 00:00:00 UTC,AAL
U.S. Airlines Set to Soar This Thanksgiving Travel Period,https://www.nasdaq.com/articles/u.s.-airlines-set-to-soar-this-thanksgiving-travel-period,Nasdaq,2023-11-14 00:00:00 UTC,AAL
Airlines predict record Thanksgiving US holiday travel,https://www.nasdaq.com/articles/airlines-predict-record-thanksgiving-us-holiday-travel-0,Nasdaq,2023-11-13 00:00:00 UTC,AAL
Airlines predict record Thanksgiving US holiday travel,https://www.nasdaq.com/articles/airlines-predict-record-thanksgiving-us-holiday-travel,Nasdaq,2023-11-13 00:00:00 UTC,AAL
FOCUS-North American airlines bet on Asia to drive profit,https://www.nasdaq.com/articles/focus-north-american-airlines-bet-on-asia-to-drive-profit,Nasdaq,2023-11-13 00:00:00 UTC,AAL
Peru's copper production up 2.5% in September,https://www.nasdaq.com/articles/perus-copper-production-up-2.5-in-september-0,Nasdaq,2023-11-10 00:00:00 UTC,AAL
Validea Detailed Fundamental Analysis - AAL,https://www.nasdaq.com/articles/validea-detailed-fundamental-analysis-aal-8,Nasdaq,2023-11-10 00:00:00 UTC,AAL
Anglo American's costly fertiliser mine seeks more customers,https://www.nasdaq.com/articles/anglo-americans-costly-fertiliser-mine-seeks-more-customers,Nasdaq,2023-11-10 00:00:00 UTC,AAL
1 Stock Set to Fly on the Airline Supply Chain Crisis,https://www.nasdaq.com/articles/1-stock-set-to-fly-on-the-airline-supply-chain-crisis,Nasdaq,2023-11-07 00:00:00 UTC,AAL
"Embraer hopeful E2 jets can break into U.S. market, CEO says",https://www.nasdaq.com/articles/embraer-hopeful-e2-jets-can-break-into-u.s.-market-ceo-says,Nasdaq,2023-11-07 00:00:00 UTC,AAL
Impala Platinum starts voluntary job cuts at South African mines,https://www.nasdaq.com/articles/impala-platinum-starts-voluntary-job-cuts-at-south-african-mines,Nasdaq,2023-11-07 00:00:00 UTC,AAL
Impala Platinum starts voluntary job cuts at South Africa mines,https://www.nasdaq.com/articles/impala-platinum-starts-voluntary-job-cuts-at-south-africa-mines,Nasdaq,2023-11-07 00:00:00 UTC,AAL
JetBlue CEO at trial calls Spirit merger key to taking on larger airlines,https://www.nasdaq.com/articles/jetblue-ceo-at-trial-calls-spirit-merger-key-to-taking-on-larger-airlines,Nasdaq,2023-11-06 00:00:00 UTC,AAL
US FAA to hold new round of runway-safety meetings after close calls,https://www.nasdaq.com/articles/us-faa-to-hold-new-round-of-runway-safety-meetings-after-close-calls,Nasdaq,2023-11-06 00:00:00 UTC,AAL
Chile copper production uneven in September - Cochilco,https://www.nasdaq.com/articles/chile-copper-production-uneven-in-september-cochilco,Nasdaq,2023-11-06 00:00:00 UTC,AAL
"Botswana conducts due diligence on HB Antwerp stake, president says",https://www.nasdaq.com/articles/botswana-conducts-due-diligence-on-hb-antwerp-stake-president-says,Nasdaq,2023-11-06 00:00:00 UTC,AAL
New Strong Sell Stocks for November 6th,https://www.nasdaq.com/articles/new-strong-sell-stocks-for-november-6th,Nasdaq,2023-11-06 00:00:00 UTC,AAL
Validea Detailed Fundamental Analysis - AAL,https://www.nasdaq.com/articles/validea-detailed-fundamental-analysis-aal-7,Nasdaq,2023-11-03 00:00:00 UTC,AAL
De Beers agrees five-year wage deal with S.African union,https://www.nasdaq.com/articles/de-beers-agrees-five-year-wage-deal-with-s.african-union,Nasdaq,2023-11-02 00:00:00 UTC,AAL
December 22nd Options Now Available For American Airlines Group (AAL),https://www.nasdaq.com/articles/december-22nd-options-now-available-for-american-airlines-group-aal,Nasdaq,2023-11-02 00:00:00 UTC,AAL
Spirit Airlines CEO defends JetBlue merger in US antitrust trial,https://www.nasdaq.com/articles/spirit-airlines-ceo-defends-jetblue-merger-in-us-antitrust-trial,Nasdaq,2023-11-01 00:00:00 UTC,AAL
"JetBlue's (JBLU) Q3 Loss Wider Than Expected, Q4 View Weak",https://www.nasdaq.com/articles/jetblues-jblu-q3-loss-wider-than-expected-q4-view-weak,Nasdaq,2023-11-01 00:00:00 UTC,AAL
Botswana's Debswana rough diamond sales down 21% on weak demand,https://www.nasdaq.com/articles/botswanas-debswana-rough-diamond-sales-down-21-on-weak-demand,Nasdaq,2023-10-31 00:00:00 UTC,AAL
US seeks to block JetBlue's Spirit Airlines deal at trial,https://www.nasdaq.com/articles/us-seeks-to-block-jetblues-spirit-airlines-deal-at-trial,Nasdaq,2023-10-31 00:00:00 UTC,AAL
Sabre (SABR) & Air India Extend Deal in Indian Domestic Market,https://www.nasdaq.com/articles/sabre-sabr-air-india-extend-deal-in-indian-domestic-market,Nasdaq,2023-10-31 00:00:00 UTC,AAL
Senators ask US regulators to address airline frequent flyer programs,https://www.nasdaq.com/articles/senators-ask-us-regulators-to-address-airline-frequent-flyer-programs,Nasdaq,2023-10-30 00:00:00 UTC,AAL
FedEx pilots union picks interim leader after rejecting tentative deal,https://www.nasdaq.com/articles/fedex-pilots-union-picks-interim-leader-after-rejecting-tentative-deal,Nasdaq,2023-10-30 00:00:00 UTC,AAL
G7 plan to ban Russian diamonds to further dim industry sparkle,https://www.nasdaq.com/articles/g7-plan-to-ban-russian-diamonds-to-further-dim-industry-sparkle,Nasdaq,2023-10-30 00:00:00 UTC,AAL
Is domestic travel back on track? Check out these companies,https://www.nasdaq.com/articles/is-domestic-travel-back-on-track-check-out-these-companies,Nasdaq,2023-10-28 00:00:00 UTC,AAL
7 Undervalued Stocks to Buy Before Everyone Else,https://www.nasdaq.com/articles/7-undervalued-stocks-to-buy-before-everyone-else,Nasdaq,2023-10-26 00:00:00 UTC,AAL
The 3 Most Undervalued Industrial Stocks to Buy: October 2023,https://www.nasdaq.com/articles/the-3-most-undervalued-industrial-stocks-to-buy%3A-october-2023,Nasdaq,2023-10-25 00:00:00 UTC,AAL
Airlines Earnings Mixed-to-Upbeat: What Lies Ahead of ETF?,https://www.nasdaq.com/articles/airlines-earnings-mixed-to-upbeat%3A-what-lies-ahead-of-etf,Nasdaq,2023-10-25 00:00:00 UTC,AAL
Citigroup Maintains American Airlines Group (AAL) Neutral Recommendation,https://www.nasdaq.com/articles/citigroup-maintains-american-airlines-group-aal-neutral-recommendation-2,Nasdaq,2023-10-24 00:00:00 UTC,AAL
Chile's Cochilco says large-scale copper mining costs keep growing,https://www.nasdaq.com/articles/chiles-cochilco-says-large-scale-copper-mining-costs-keep-growing,Nasdaq,2023-10-24 00:00:00 UTC,AAL
Botswana's ODC halts diamond sales as industry seeks to reduce glut,https://www.nasdaq.com/articles/botswanas-odc-halts-diamond-sales-as-industry-seeks-to-reduce-glut,Nasdaq,2023-10-24 00:00:00 UTC,AAL
Anglo American lowers 2023 copper production guidance,https://www.nasdaq.com/articles/anglo-american-lowers-2023-copper-production-guidance,Nasdaq,2023-10-24 00:00:00 UTC,AAL
It’s Probably Time to Ground United Airlines Stock (NASDAQ:UAL),https://www.nasdaq.com/articles/its-probably-time-to-ground-united-airlines-stock-nasdaq%3Aual,Nasdaq,2023-10-23 00:00:00 UTC,AAL
3 Stocks to Avoid This Week,https://www.nasdaq.com/articles/3-stocks-to-avoid-this-week-101,Nasdaq,2023-10-23 00:00:00 UTC,AAL
Validea Detailed Fundamental Analysis - AAL,https://www.nasdaq.com/articles/validea-detailed-fundamental-analysis-aal-5,Nasdaq,2023-10-20 00:00:00 UTC,AAL
Is the Revenge Travel Boom Starting to Fizzle Out?,https://www.nasdaq.com/articles/is-the-revenge-travel-boom-starting-to-fizzle-out,Nasdaq,2023-10-20 00:00:00 UTC,AAL
De Beers says G7 needs to consult industry on planned Russian diamond ban,https://www.nasdaq.com/articles/de-beers-says-g7-needs-to-consult-industry-on-planned-russian-diamond-ban,Nasdaq,2023-10-19 00:00:00 UTC,AAL
"US STOCKS-Wall St drops as Treasury yields surge, Powell speaks",https://www.nasdaq.com/articles/us-stocks-wall-st-drops-as-treasury-yields-surge-powell-speaks,Nasdaq,2023-10-19 00:00:00 UTC,AAL
"American Airlines (AAL) Beats on Q3 Earnings, Cuts FY23 View",https://www.nasdaq.com/articles/american-airlines-aal-beats-on-q3-earnings-cuts-fy23-view,Nasdaq,2023-10-19 00:00:00 UTC,AAL
Stocks Pressured as Bond Yields Continue to Climb,https://www.nasdaq.com/articles/stocks-pressured-as-bond-yields-continue-to-climb,Nasdaq,2023-10-19 00:00:00 UTC,AAL
Weekly Jobless Claims Fall Below Expectations,https://www.nasdaq.com/articles/weekly-jobless-claims-fall-below-expectations,Nasdaq,2023-10-19 00:00:00 UTC,AAL
"Jobless Claims Sub-200K; AAL, FITB Mixed in Q3",https://www.nasdaq.com/articles/jobless-claims-sub-200k-aal-fitb-mixed-in-q3,Nasdaq,2023-10-19 00:00:00 UTC,AAL
Markets Today: Stocks Move Lower on Higher Bond Yields,https://www.nasdaq.com/articles/markets-today%3A-stocks-move-lower-on-higher-bond-yields,Nasdaq,2023-10-19 00:00:00 UTC,AAL
American Airlines (AAL) Reports Q3 Earnings: What Key Metrics Have to Say,https://www.nasdaq.com/articles/american-airlines-aal-reports-q3-earnings%3A-what-key-metrics-have-to-say,Nasdaq,2023-10-19 00:00:00 UTC,AAL
American Airlines Orders Four Embraer E175s - Quick Facts,https://www.nasdaq.com/articles/american-airlines-orders-four-embraer-e175s-quick-facts,Nasdaq,2023-10-19 00:00:00 UTC,AAL
Markets Today: Stocks Climb on Positive Earnings Results Despite Higher Bond Yields,https://www.nasdaq.com/articles/markets-today%3A-stocks-climb-on-positive-earnings-results-despite-higher-bond-yields,Nasdaq,2023-10-19 00:00:00 UTC,AAL
American Airlines (AAL) Surpasses Q3 Earnings Estimates,https://www.nasdaq.com/articles/american-airlines-aal-surpasses-q3-earnings-estimates,Nasdaq,2023-10-19 00:00:00 UTC,AAL
American Airlines Q3 Profit Beats Estimates; Lowers 2023 Earnings Outlook,https://www.nasdaq.com/articles/american-airlines-q3-profit-beats-estimates-lowers-2023-earnings-outlook,Nasdaq,2023-10-19 00:00:00 UTC,AAL
American Airlines Group Inc Q3 Earnings Summary,https://www.nasdaq.com/articles/american-airlines-group-inc-q3-earnings-summary,Nasdaq,2023-10-19 00:00:00 UTC,AAL
American Airlines reports quarterly loss on soaring costs,https://www.nasdaq.com/articles/american-airlines-reports-quarterly-loss-on-soaring-costs,Nasdaq,2023-10-19 00:00:00 UTC,AAL
American Airlines Group Q3 23 Earnings Conference Call At 8:30 AM ET,https://www.nasdaq.com/articles/american-airlines-group-q3-23-earnings-conference-call-at-8%3A30-am-et,Nasdaq,2023-10-19 00:00:00 UTC,AAL
US airline investors worry the travel boom may be coming in for a landing,https://www.nasdaq.com/articles/us-airline-investors-worry-the-travel-boom-may-be-coming-in-for-a-landing-0,Nasdaq,2023-10-19 00:00:00 UTC,AAL
"US STOCKS-Wall St eyes higher open ahead of Powell's comments; Tesla drops, Netflix surges",https://www.nasdaq.com/articles/us-stocks-wall-st-eyes-higher-open-ahead-of-powells-comments-tesla-drops-netflix-surges,Nasdaq,2023-10-19 00:00:00 UTC,AAL
"Transportation Stocks' Q3 Earnings Due on Oct 19: UNP, ALK & AAL",https://www.nasdaq.com/articles/transportation-stocks-q3-earnings-due-on-oct-19%3A-unp-alk-aal,Nasdaq,2023-10-18 00:00:00 UTC,AAL
Stocks Tumble on Renewed Middle East Risks,https://www.nasdaq.com/articles/stocks-tumble-on-renewed-middle-east-risks,Nasdaq,2023-10-18 00:00:00 UTC,AAL
Stocks Close Lower on Heightened Geopolitical Risks and Soaring Bond Yields,https://www.nasdaq.com/articles/stocks-close-lower-on-heightened-geopolitical-risks-and-soaring-bond-yields,Nasdaq,2023-10-18 00:00:00 UTC,AAL
"Notable Wednesday Option Activity: LVS, ELV, AAL",https://www.nasdaq.com/articles/notable-wednesday-option-activity%3A-lvs-elv-aal,Nasdaq,2023-10-18 00:00:00 UTC,AAL
US airline investors worry the travel boom may be coming in for a landing,https://www.nasdaq.com/articles/us-airline-investors-worry-the-travel-boom-may-be-coming-in-for-a-landing,Nasdaq,2023-10-18 00:00:00 UTC,AAL
Here's Why Investors Should Retain American Airlines (AAL),https://www.nasdaq.com/articles/heres-why-investors-should-retain-american-airlines-aal,Nasdaq,2023-10-18 00:00:00 UTC,AAL
Major airline shares hit turbulence on disappointing profit outlook from United,https://www.nasdaq.com/articles/major-airline-shares-hit-turbulence-on-disappointing-profit-outlook-from-united,Nasdaq,2023-10-18 00:00:00 UTC,AAL
Markets Today: Stocks Slip on Set-Back in Diplomatic Efforts to Contain Israel-Hamas Conflict,https://www.nasdaq.com/articles/markets-today%3A-stocks-slip-on-set-back-in-diplomatic-efforts-to-contain-israel-hamas,Nasdaq,2023-10-18 00:00:00 UTC,AAL
US STOCKS-Wall St falls as Middle East tensions drive risk-off mood,https://www.nasdaq.com/articles/us-stocks-wall-st-falls-as-middle-east-tensions-drive-risk-off-mood,Nasdaq,2023-10-18 00:00:00 UTC,AAL
US STOCKS-Futures down on Middle East worries as earnings get into full swing,https://www.nasdaq.com/articles/us-stocks-futures-down-on-middle-east-worries-as-earnings-get-into-full-swing,Nasdaq,2023-10-18 00:00:00 UTC,AAL
"US STOCKS-Futures slip on Middle East worries, earnings gets into full swing",https://www.nasdaq.com/articles/us-stocks-futures-slip-on-middle-east-worries-earnings-gets-into-full-swing,Nasdaq,2023-10-18 00:00:00 UTC,AAL
Should You Pick Delta Stock At $34 After Q3 Beat?,https://www.nasdaq.com/articles/should-you-pick-delta-stock-at-%2434-after-q3-beat,Nasdaq,2023-10-18 00:00:00 UTC,AAL
Why American Airlines (AAL) Might Surprise This Earnings Season,https://www.nasdaq.com/articles/why-american-airlines-aal-might-surprise-this-earnings-season-0,Nasdaq,2023-10-18 00:00:00 UTC,AAL
Why American Airlines (AAL) is Poised to Beat Earnings Estimates Again,https://www.nasdaq.com/articles/why-american-airlines-aal-is-poised-to-beat-earnings-estimates-again,Nasdaq,2023-10-17 00:00:00 UTC,AAL
Fuel Costs Likely to Hurt American Airlines' (AAL) Q3 Earnings,https://www.nasdaq.com/articles/fuel-costs-likely-to-hurt-american-airlines-aal-q3-earnings,Nasdaq,2023-10-17 00:00:00 UTC,AAL
4 Stocks That Moved the Market in September,https://www.nasdaq.com/articles/4-stocks-that-moved-the-market-in-september,Nasdaq,2023-10-16 00:00:00 UTC,AAL
3 Stocks to Avoid This Week,https://www.nasdaq.com/articles/3-stocks-to-avoid-this-week-100,Nasdaq,2023-10-16 00:00:00 UTC,AAL
Option Volatility And Earnings Report For October 16 - 20,https://www.nasdaq.com/articles/option-volatility-and-earnings-report-for-october-16-20,Nasdaq,2023-10-16 00:00:00 UTC,AAL
Stocks Set to Open Higher as Investors Await Powell Speech and Corporate Earnings,https://www.nasdaq.com/articles/stocks-set-to-open-higher-as-investors-await-powell-speech-and-corporate-earnings,Nasdaq,2023-10-16 00:00:00 UTC,AAL
Stocks Set to Open Mixed as Investors Await Powell Speech and Corporate Earnings,https://www.nasdaq.com/articles/stocks-set-to-open-mixed-as-investors-await-powell-speech-and-corporate-earnings,Nasdaq,2023-10-16 00:00:00 UTC,AAL
"Wall St Week Ahead-Investors zero in on health of consumer with retail sales, earnings",https://www.nasdaq.com/articles/wall-st-week-ahead-investors-zero-in-on-health-of-consumer-with-retail-sales-earnings,Nasdaq,2023-10-13 00:00:00 UTC,AAL
US STOCKS-Wall St set for subdued open after inflation data,https://www.nasdaq.com/articles/us-stocks-wall-st-set-for-subdued-open-after-inflation-data,Nasdaq,2023-10-12 00:00:00 UTC,AAL
Interesting AAL Put And Call Options For December 1st,https://www.nasdaq.com/articles/interesting-aal-put-and-call-options-for-december-1st,Nasdaq,2023-10-12 00:00:00 UTC,AAL
Susquehanna Maintains American Airlines Group (AAL) Neutral Recommendation,https://www.nasdaq.com/articles/susquehanna-maintains-american-airlines-group-aal-neutral-recommendation-2,Nasdaq,2023-10-12 00:00:00 UTC,AAL
Earnings Preview: American Airlines (AAL) Q3 Earnings Expected to Decline,https://www.nasdaq.com/articles/earnings-preview%3A-american-airlines-aal-q3-earnings-expected-to-decline,Nasdaq,2023-10-12 00:00:00 UTC,AAL
US STOCKS-Futures rise as Treasury yields retreat ahead of inflation data,https://www.nasdaq.com/articles/us-stocks-futures-rise-as-treasury-yields-retreat-ahead-of-inflation-data,Nasdaq,2023-10-12 00:00:00 UTC,AAL
PREVIEW-Flagging domestic travel casts shadow over US airline earnings,https://www.nasdaq.com/articles/preview-flagging-domestic-travel-casts-shadow-over-us-airline-earnings,Nasdaq,2023-10-11 00:00:00 UTC,AAL
Delta (DAL) Cuts Tel Aviv Flights Post Israel-Palestine Clash,https://www.nasdaq.com/articles/delta-dal-cuts-tel-aviv-flights-post-israel-palestine-clash,Nasdaq,2023-10-10 00:00:00 UTC,AAL
"Stock Index Futures Climb on Dovish Fed Comments, PepsiCo Earnings on Tap",https://www.nasdaq.com/articles/stock-index-futures-climb-on-dovish-fed-comments-pepsico-earnings-on-tap,Nasdaq,2023-10-10 00:00:00 UTC,AAL
"Stock Index Futures Climb as Dovish Fed Comments Boost Sentiment, PepsiCo Earnings on Tap",https://www.nasdaq.com/articles/stock-index-futures-climb-as-dovish-fed-comments-boost-sentiment-pepsico-earnings-on-tap,Nasdaq,2023-10-10 00:00:00 UTC,AAL
American Airlines Group is Now Oversold (AAL),https://www.nasdaq.com/articles/american-airlines-group-is-now-oversold-aal,Nasdaq,2023-10-09 00:00:00 UTC,AAL
"GLOBAL-MARKETS-Oil, gold jump on Middle East conflict; US stocks end higher",https://www.nasdaq.com/articles/global-markets-oil-gold-jump-on-middle-east-conflict-us-stocks-end-higher,Nasdaq,2023-10-09 00:00:00 UTC,AAL
US STOCKS-Wall Street advances as investors monitor Mideast conflict headlines,https://www.nasdaq.com/articles/us-stocks-wall-street-advances-as-investors-monitor-mideast-conflict-headlines-0,Nasdaq,2023-10-09 00:00:00 UTC,AAL
Stocks Mixed on Middle East Turmoil,https://www.nasdaq.com/articles/stocks-mixed-on-middle-east-turmoil,Nasdaq,2023-10-09 00:00:00 UTC,AAL
Stocks Recover Early Losses on Dovish Fed Remarks,https://www.nasdaq.com/articles/stocks-recover-early-losses-on-dovish-fed-remarks,Nasdaq,2023-10-09 00:00:00 UTC,AAL
"Notable Monday Option Activity: AAL, MDLZ, BTU",https://www.nasdaq.com/articles/notable-monday-option-activity%3A-aal-mdlz-btu,Nasdaq,2023-10-09 00:00:00 UTC,AAL
Stocks Higher Despite Middle East Turmoil,https://www.nasdaq.com/articles/stocks-higher-despite-middle-east-turmoil,Nasdaq,2023-10-09 00:00:00 UTC,AAL
US STOCKS-Wall Street declines on Middle East conflict,https://www.nasdaq.com/articles/us-stocks-wall-street-declines-on-middle-east-conflict,Nasdaq,2023-10-09 00:00:00 UTC,AAL
US STOCKS-Wall Street advances as investors monitor Mideast conflict headlines,https://www.nasdaq.com/articles/us-stocks-wall-street-advances-as-investors-monitor-mideast-conflict-headlines,Nasdaq,2023-10-09 00:00:00 UTC,AAL
"S&P 500 Movers: AAL, NOC",https://www.nasdaq.com/articles/sp-500-movers%3A-aal-noc,Nasdaq,2023-10-09 00:00:00 UTC,AAL
"US STOCKS-S&P 500, Nasdaq fall on Middle East conflict",https://www.nasdaq.com/articles/us-stocks-sp-500-nasdaq-fall-on-middle-east-conflict,Nasdaq,2023-10-09 00:00:00 UTC,AAL
Markets Today: Stocks Retreat on Conflict in the Middle East,https://www.nasdaq.com/articles/markets-today%3A-stocks-retreat-on-conflict-in-the-middle-east,Nasdaq,2023-10-09 00:00:00 UTC,AAL
Implied Volatility Surging for American Airlines (AAL) Stock Options,https://www.nasdaq.com/articles/implied-volatility-surging-for-american-airlines-aal-stock-options,Nasdaq,2023-10-09 00:00:00 UTC,AAL
US STOCKS-Futures lower as Middle East conflict sparks run for safe-haven assets,https://www.nasdaq.com/articles/us-stocks-futures-lower-as-middle-east-conflict-sparks-run-for-safe-haven-assets,Nasdaq,2023-10-09 00:00:00 UTC,AAL
Stocks Under Pressure from Middle East Turmoil,https://www.nasdaq.com/articles/stocks-under-pressure-from-middle-east-turmoil,Nasdaq,2023-10-09 00:00:00 UTC,AAL
"American Airlines Pilot Union Calls For Stopping Flights To Israel, Due To War Declaration",https://www.nasdaq.com/articles/american-airlines-pilot-union-calls-for-stopping-flights-to-israel-due-to-war-declaration,Nasdaq,2023-10-08 00:00:00 UTC,AAL
Several airlines suspend Tel Aviv flights until safety conditions improve,https://www.nasdaq.com/articles/several-airlines-suspend-tel-aviv-flights-until-safety-conditions-improve,Nasdaq,2023-10-08 00:00:00 UTC,AAL
American Airlines (AAL) Stock Drops Despite Market Gains: Important Facts to Note,https://www.nasdaq.com/articles/american-airlines-aal-stock-drops-despite-market-gains%3A-important-facts-to-note,Nasdaq,2023-10-06 00:00:00 UTC,AAL
"Sabre (SABR), LATAM Partner to Integrate NDC Content Into GDC",https://www.nasdaq.com/articles/sabre-sabr-latam-partner-to-integrate-ndc-content-into-gdc,Nasdaq,2023-10-06 00:00:00 UTC,AAL
Amplats sees no immediate rebound in low platinum metals price,https://www.nasdaq.com/articles/amplats-sees-no-immediate-rebound-in-low-platinum-metals-price,Nasdaq,2023-10-05 00:00:00 UTC,AAL
Why the Market Dipped But (AAL) Gained Today,https://www.nasdaq.com/articles/why-the-market-dipped-but-aal-gained-today,Nasdaq,2023-10-05 00:00:00 UTC,AAL
AAL November 24th Options Begin Trading,https://www.nasdaq.com/articles/aal-november-24th-options-begin-trading,Nasdaq,2023-10-05 00:00:00 UTC,AAL
"Stock Market News for Oct 5, 2023",https://www.nasdaq.com/articles/stock-market-news-for-oct-5-2023,Nasdaq,2023-10-05 00:00:00 UTC,AAL
"US Senator wants United, American CEOs to answer questions on fees, complaints",https://www.nasdaq.com/articles/us-senator-wants-united-american-ceos-to-answer-questions-on-fees-complaints,Nasdaq,2023-10-05 00:00:00 UTC,AAL
US carriers accelerate to bigger planes to overcome operating constraints,https://www.nasdaq.com/articles/us-carriers-accelerate-to-bigger-planes-to-overcome-operating-constraints,Nasdaq,2023-10-05 00:00:00 UTC,AAL
"Anglo CEO says miners must make ""tough decisions"" to remain profitable",https://www.nasdaq.com/articles/anglo-ceo-says-miners-must-make-tough-decisions-to-remain-profitable,Nasdaq,2023-10-05 00:00:00 UTC,AAL
Stocks Rebound as Bond Yields Stabilize,https://www.nasdaq.com/articles/stocks-rebound-as-bond-yields-stabilize,Nasdaq,2023-10-04 00:00:00 UTC,AAL
3 Stocks to Buy BEFORE Interest Rates Plateau and Fall,https://www.nasdaq.com/articles/3-stocks-to-buy-before-interest-rates-plateau-and-fall,Nasdaq,2023-10-04 00:00:00 UTC,AAL
Stocks Mixed as Bond Rout Eases,https://www.nasdaq.com/articles/stocks-mixed-as-bond-rout-eases,Nasdaq,2023-10-04 00:00:00 UTC,AAL
Anglo's S.African iron ore unit plans to cut 100-plus jobs due to rail problems,https://www.nasdaq.com/articles/anglos-s.african-iron-ore-unit-plans-to-cut-100-plus-jobs-due-to-rail-problems,Nasdaq,2023-10-04 00:00:00 UTC,AAL
Anglo's S.African iron ore unit to cut some jobs due to rail problems,https://www.nasdaq.com/articles/anglos-s.african-iron-ore-unit-to-cut-some-jobs-due-to-rail-problems,Nasdaq,2023-10-04 00:00:00 UTC,AAL
Air Canada (ACDVF) Continues to Grapple With Pilot Unrest,https://www.nasdaq.com/articles/air-canada-acdvf-continues-to-grapple-with-pilot-unrest,Nasdaq,2023-10-03 00:00:00 UTC,AAL
3 Stocks to Buy Before the Holiday Shopping Boom,https://www.nasdaq.com/articles/3-stocks-to-buy-before-the-holiday-shopping-boom,Nasdaq,2023-10-02 00:00:00 UTC,AAL
American Airlines (AAL) Dips More Than Broader Markets: What You Should Know,https://www.nasdaq.com/articles/american-airlines-aal-dips-more-than-broader-markets%3A-what-you-should-know-11,Nasdaq,2023-09-29 00:00:00 UTC,AAL
Air Canada pilots stage protests in Toronto as contract deadline looms,https://www.nasdaq.com/articles/air-canada-pilots-stage-protests-in-toronto-as-contract-deadline-looms,Nasdaq,2023-09-29 00:00:00 UTC,AAL
Delta Hopes to Soar Again with Customer Loyalty Tweaks,https://www.nasdaq.com/articles/delta-hopes-to-soar-again-with-customer-loyalty-tweaks,Nasdaq,2023-09-29 00:00:00 UTC,AAL
Which Airlines Stock Will Offer Better Returns – American Or United?,https://www.nasdaq.com/articles/which-airlines-stock-will-offer-better-returns-american-or-united,Nasdaq,2023-09-28 00:00:00 UTC,AAL
"Notable Thursday Option Activity: DASH, AAL, PYPL",https://www.nasdaq.com/articles/notable-thursday-option-activity%3A-dash-aal-pypl,Nasdaq,2023-09-28 00:00:00 UTC,AAL
November 10th Options Now Available For American Airlines Group (AAL),https://www.nasdaq.com/articles/november-10th-options-now-available-for-american-airlines-group-aal,Nasdaq,2023-09-28 00:00:00 UTC,AAL
UK regulator to assess IAG-American Airlines partnership,https://www.nasdaq.com/articles/uk-regulator-to-assess-iag-american-airlines-partnership,Nasdaq,2023-09-28 00:00:00 UTC,AAL
US government shutdown could add misery to air travel,https://www.nasdaq.com/articles/us-government-shutdown-could-add-misery-to-air-travel,Nasdaq,2023-09-27 00:00:00 UTC,AAL
American Airlines (AAL) Stock Sinks As Market Gains: What You Should Know,https://www.nasdaq.com/articles/american-airlines-aal-stock-sinks-as-market-gains%3A-what-you-should-know-7,Nasdaq,2023-09-27 00:00:00 UTC,AAL
Air Canada to operate as usual during informational picket by pilots union,https://www.nasdaq.com/articles/air-canada-to-operate-as-usual-during-informational-picket-by-pilots-union,Nasdaq,2023-09-27 00:00:00 UTC,AAL
First Week of February 2024 Options Trading For American Airlines Group (AAL),https://www.nasdaq.com/articles/first-week-of-february-2024-options-trading-for-american-airlines-group-aal,Nasdaq,2023-09-27 00:00:00 UTC,AAL
Indian trade bodies call for two-month halt to rough diamond imports,https://www.nasdaq.com/articles/indian-trade-bodies-call-for-two-month-halt-to-rough-diamond-imports,Nasdaq,2023-09-27 00:00:00 UTC,AAL
3 Household Names With RSIs That Scream Oversold,https://www.nasdaq.com/articles/3-household-names-with-rsis-that-scream-oversold,Nasdaq,2023-09-27 00:00:00 UTC,AAL
"Peru seeks mining investment revival with pledge to end 'chaos, disorder'",https://www.nasdaq.com/articles/peru-seeks-mining-investment-revival-with-pledge-to-end-chaos-disorder,Nasdaq,2023-09-27 00:00:00 UTC,AAL
Bernstein Maintains American Airlines Group (AAL) Outperform Recommendation,https://www.nasdaq.com/articles/bernstein-maintains-american-airlines-group-aal-outperform-recommendation,Nasdaq,2023-09-26 00:00:00 UTC,AAL
Berenberg Maintains American Airlines Group (AAL) Outperform Recommendation,https://www.nasdaq.com/articles/berenberg-maintains-american-airlines-group-aal-outperform-recommendation,Nasdaq,2023-09-26 00:00:00 UTC,AAL
First Week of May 2024 Options Trading For American Airlines Group (AAL),https://www.nasdaq.com/articles/first-week-of-may-2024-options-trading-for-american-airlines-group-aal,Nasdaq,2023-09-26 00:00:00 UTC,AAL
Stocks Mixed as Global Bond Yields Climb,https://www.nasdaq.com/articles/stocks-mixed-as-global-bond-yields-climb,Nasdaq,2023-09-25 00:00:00 UTC,AAL
Stocks Under Pressure as Global Bond Yields Climb,https://www.nasdaq.com/articles/stocks-under-pressure-as-global-bond-yields-climb,Nasdaq,2023-09-25 00:00:00 UTC,AAL
First Week of January 2026 Options Trading For American Airlines Group (AAL),https://www.nasdaq.com/articles/first-week-of-january-2026-options-trading-for-american-airlines-group-aal,Nasdaq,2023-09-25 00:00:00 UTC,AAL
Interesting AAL Put And Call Options For June 2026,https://www.nasdaq.com/articles/interesting-aal-put-and-call-options-for-june-2026,Nasdaq,2023-09-21 00:00:00 UTC,AAL
"Notable Thursday Option Activity: DLTR, AAL, SCHW",https://www.nasdaq.com/articles/notable-thursday-option-activity%3A-dltr-aal-schw,Nasdaq,2023-09-21 00:00:00 UTC,AAL
"The Zacks Analyst Blog Highlights American Airlines, Delta Air Lines, United Airlines, Spirit Airlines and Hawaiian Holdings",https://www.nasdaq.com/articles/the-zacks-analyst-blog-highlights-american-airlines-delta-air-lines-united-airlines-spirit,Nasdaq,2023-09-21 00:00:00 UTC,AAL
American Airlines (AAL) Flat As Market Sinks: What You Should Know,https://www.nasdaq.com/articles/american-airlines-aal-flat-as-market-sinks%3A-what-you-should-know,Nasdaq,2023-09-21 00:00:00 UTC,AAL
"FOCUS-Travel boom not enough to drive profits at US budget airlines Frontier, Spirit",https://www.nasdaq.com/articles/focus-travel-boom-not-enough-to-drive-profits-at-us-budget-airlines-frontier-spirit,Nasdaq,2023-09-21 00:00:00 UTC,AAL
Airline Industry Depreciates 7.1% in Past Month: Here's Why,https://www.nasdaq.com/articles/airline-industry-depreciates-7.1-in-past-month%3A-heres-why,Nasdaq,2023-09-20 00:00:00 UTC,AAL
Bear of the Day: Southwest Airlines (LUV),https://www.nasdaq.com/articles/bear-of-the-day%3A-southwest-airlines-luv,Nasdaq,2023-09-20 00:00:00 UTC,AAL
3 Airline Stocks That Should Be on Every Investor’s Radar This Fall,https://www.nasdaq.com/articles/3-airline-stocks-that-should-be-on-every-investors-radar-this-fall,Nasdaq,2023-09-18 00:00:00 UTC,AAL
Will RTX Corp Stock Recover To Its Pre-Inflation Shock Highs of $100?,https://www.nasdaq.com/articles/will-rtx-corp-stock-recover-to-its-pre-inflation-shock-highs-of-%24100,Nasdaq,2023-09-17 00:00:00 UTC,AAL
US FAA cuts minimum flight requirements at New York airports through late 2024,https://www.nasdaq.com/articles/us-faa-cuts-minimum-flight-requirements-at-new-york-airports-through-late-2024,Nasdaq,2023-09-15 00:00:00 UTC,AAL
American Airlines (AAL) Gains As Market Dips: What You Should Know,https://www.nasdaq.com/articles/american-airlines-aal-gains-as-market-dips%3A-what-you-should-know-12,Nasdaq,2023-09-15 00:00:00 UTC,AAL
Delta Air Lines (DAL) Stock Down 0.56% on Bearish Q3 View,https://www.nasdaq.com/articles/delta-air-lines-dal-stock-down-0.56-on-bearish-q3-view,Nasdaq,2023-09-15 00:00:00 UTC,AAL
Interesting AAL Put And Call Options For March 2024,https://www.nasdaq.com/articles/interesting-aal-put-and-call-options-for-march-2024,Nasdaq,2023-09-15 00:00:00 UTC,AAL
ANALYSIS-Investors glimpse opportunity in Europe's unloved mining shares,https://www.nasdaq.com/articles/analysis-investors-glimpse-opportunity-in-europes-unloved-mining-shares,Nasdaq,2023-09-15 00:00:00 UTC,AAL
American Airlines (AAL) Stock Sinks As Market Gains: What You Should Know,https://www.nasdaq.com/articles/american-airlines-aal-stock-sinks-as-market-gains%3A-what-you-should-know-6,Nasdaq,2023-09-14 00:00:00 UTC,AAL
"Airline Stock Roundup: AAL & SAVE's Q3 Fuel Cost Warning, GOL & AZUL's Traffic",https://www.nasdaq.com/articles/airline-stock-roundup%3A-aal-saves-q3-fuel-cost-warning-gol-azuls-traffic,Nasdaq,2023-09-14 00:00:00 UTC,AAL
The 3 Most Undervalued Transportation Stocks to Buy in September 2023,https://www.nasdaq.com/articles/the-3-most-undervalued-transportation-stocks-to-buy-in-september-2023,Nasdaq,2023-09-14 00:00:00 UTC,AAL
"S&P Futures Climb Ahead of Key U.S. PPI Data, ECB Decision in Focus",https://www.nasdaq.com/articles/sp-futures-climb-ahead-of-key-u.s.-ppi-data-ecb-decision-in-focus,Nasdaq,2023-09-14 00:00:00 UTC,AAL
Stocks Waver after a Mixed U.S. CPI Report,https://www.nasdaq.com/articles/stocks-waver-after-a-mixed-u.s.-cpi-report,Nasdaq,2023-09-13 00:00:00 UTC,AAL
3 Stocks to Avoid as Oil Prices Soar,https://www.nasdaq.com/articles/3-stocks-to-avoid-as-oil-prices-soar,Nasdaq,2023-09-13 00:00:00 UTC,AAL
"Consumer Sector Update for 09/13/2023: DAL, UAL, AAL, CBRL, ZGN",https://www.nasdaq.com/articles/consumer-sector-update-for-09-13-2023%3A-dal-ual-aal-cbrl-zgn,Nasdaq,2023-09-13 00:00:00 UTC,AAL
"Consumer Sector Update for 09/13/2023: AAL, CBRL, ZGN",https://www.nasdaq.com/articles/consumer-sector-update-for-09-13-2023%3A-aal-cbrl-zgn,Nasdaq,2023-09-13 00:00:00 UTC,AAL
Stocks Slightly Higher after Mixed U.S. CPI Report,https://www.nasdaq.com/articles/stocks-slightly-higher-after-mixed-u.s.-cpi-report,Nasdaq,2023-09-13 00:00:00 UTC,AAL
The 3 Most Undervalued Airline Stocks to Buy in September 2023,https://www.nasdaq.com/articles/the-3-most-undervalued-airline-stocks-to-buy-in-september-2023,Nasdaq,2023-09-13 00:00:00 UTC,AAL
"S&P 500 Movers: AAL, MRNA",https://www.nasdaq.com/articles/sp-500-movers%3A-aal-mrna,Nasdaq,2023-09-13 00:00:00 UTC,AAL
Markets Today: Stock Index Futures Slip as Mixed U.S. CPI Report Keeps Fed Rate Hikes in Play,https://www.nasdaq.com/articles/markets-today%3A-stock-index-futures-slip-as-mixed-u.s.-cpi-report-keeps-fed-rate-hikes-in,Nasdaq,2023-09-13 00:00:00 UTC,AAL
"US carriers cut margin outlook on fuel costs, Frontier flags lower bookings",https://www.nasdaq.com/articles/us-carriers-cut-margin-outlook-on-fuel-costs-frontier-flags-lower-bookings,Nasdaq,2023-09-13 00:00:00 UTC,AAL
ANALYSIS-Peru clings to copper No. 2 spot but investment pipeline stalls,https://www.nasdaq.com/articles/analysis-peru-clings-to-copper-no.-2-spot-but-investment-pipeline-stalls,Nasdaq,2023-09-13 00:00:00 UTC,AAL
Airlines say US must boost air traffic control staffing,https://www.nasdaq.com/articles/airlines-say-us-must-boost-air-traffic-control-staffing,Nasdaq,2023-09-12 00:00:00 UTC,AAL
Monday's ETF with Unusual Volume: RSPN,https://www.nasdaq.com/articles/mondays-etf-with-unusual-volume%3A-rspn,Nasdaq,2023-09-11 00:00:00 UTC,AAL
HB Antwerp co-founders clash over gem trader's future as Botswana deal looms,https://www.nasdaq.com/articles/hb-antwerp-co-founders-clash-over-gem-traders-future-as-botswana-deal-looms,Nasdaq,2023-09-11 00:00:00 UTC,AAL
"JetBlue agrees to sell Spirit assets in Boston, Newark to Allegiant",https://www.nasdaq.com/articles/jetblue-agrees-to-sell-spirit-assets-in-boston-newark-to-allegiant,Nasdaq,2023-09-11 00:00:00 UTC,AAL
American Airlines (AAL) Stock Sinks As Market Gains: What You Should Know,https://www.nasdaq.com/articles/american-airlines-aal-stock-sinks-as-market-gains%3A-what-you-should-know-5,Nasdaq,2023-09-08 00:00:00 UTC,AAL
White House to announce new funding to reduce aviation close calls,https://www.nasdaq.com/articles/white-house-to-announce-new-funding-to-reduce-aviation-close-calls-0,Nasdaq,2023-09-08 00:00:00 UTC,AAL
White House to announce new funding to reduce aviation close calls,https://www.nasdaq.com/articles/white-house-to-announce-new-funding-to-reduce-aviation-close-calls,Nasdaq,2023-09-08 00:00:00 UTC,AAL
De Beers 'confident' talks will avert strike at S.Africa's Venetia mine,https://www.nasdaq.com/articles/de-beers-confident-talks-will-avert-strike-at-s.africas-venetia-mine,Nasdaq,2023-09-08 00:00:00 UTC,AAL
Exane BNP Paribas Upgrades American Airlines Group (AAL),https://www.nasdaq.com/articles/exane-bnp-paribas-upgrades-american-airlines-group-aal,Nasdaq,2023-09-07 00:00:00 UTC,AAL
American Airlines (AAL) Gains As Market Dips: What You Should Know,https://www.nasdaq.com/articles/american-airlines-aal-gains-as-market-dips%3A-what-you-should-know-10,Nasdaq,2023-09-06 00:00:00 UTC,AAL
American Airlines (AAL) Gains As Market Dips: What You Should Know,https://www.nasdaq.com/articles/american-airlines-aal-gains-as-market-dips%3A-what-you-should-know-11,Nasdaq,2023-09-06 00:00:00 UTC,AAL
"Chile's miners ready to absorb higher domestic royalties, Fitch says",https://www.nasdaq.com/articles/chiles-miners-ready-to-absorb-higher-domestic-royalties-fitch-says,Nasdaq,2023-09-06 00:00:00 UTC,AAL
Strength in U.S. Economic News Boosts Bond Yields and Weighs on Stocks,https://www.nasdaq.com/articles/strength-in-u.s.-economic-news-boosts-bond-yields-and-weighs-on-stocks,Nasdaq,2023-09-06 00:00:00 UTC,AAL
Markets Today: Stocks Slip as Weak Eurozone Economic News Fuels Growth Concerns,https://www.nasdaq.com/articles/markets-today%3A-stocks-slip-as-weak-eurozone-economic-news-fuels-growth-concerns,Nasdaq,2023-09-06 00:00:00 UTC,AAL
"US STOCKS-Wall St eyes lower open on renewed inflation worries, economic data in focus",https://www.nasdaq.com/articles/us-stocks-wall-st-eyes-lower-open-on-renewed-inflation-worries-economic-data-in-focus,Nasdaq,2023-09-06 00:00:00 UTC,AAL
"Notable Tuesday Option Activity: OC, AAL, IDT",https://www.nasdaq.com/articles/notable-tuesday-option-activity%3A-oc-aal-idt,Nasdaq,2023-09-05 00:00:00 UTC,AAL
S.African union plans wage strike at De Beers' Venetia mine,https://www.nasdaq.com/articles/s.african-union-plans-wage-strike-at-de-beers-venetia-mine,Nasdaq,2023-09-05 00:00:00 UTC,AAL
Why American Airlines Stock Fell in August,https://www.nasdaq.com/articles/why-american-airlines-stock-fell-in-august,Nasdaq,2023-09-01 00:00:00 UTC,AAL
"U.S. airlines, travel industry gear up for Labor Day weekend surge",https://www.nasdaq.com/articles/u.s.-airlines-travel-industry-gear-up-for-labor-day-weekend-surge,Nasdaq,2023-09-01 00:00:00 UTC,AAL
"Airline Stock Roundup: Fresh Labor Trouble at AAL, Expansion Update From DAL",https://www.nasdaq.com/articles/airline-stock-roundup%3A-fresh-labor-trouble-at-aal-expansion-update-from-dal,Nasdaq,2023-09-01 00:00:00 UTC,AAL
"Airline Stock Roundup: Fresh Labor Trouble at AAL, Expansion Update From DAL",https://www.nasdaq.com/articles/airline-stock-roundup%3A-fresh-labor-trouble-at-aal-expansion-update-from-dal-0,Nasdaq,2023-09-01 00:00:00 UTC,AAL
Comfort Systems USA and DICK'S Sporting Goods have been highlighted as Zacks Bull and Bear of the Day,https://www.nasdaq.com/articles/comfort-systems-usa-and-dicks-sporting-goods-have-been-highlighted-as-zacks-bull-and-bear,Nasdaq,2023-09-01 00:00:00 UTC,AAL
American Airlines (AAL) Dips More Than Broader Markets: What You Should Know,https://www.nasdaq.com/articles/american-airlines-aal-dips-more-than-broader-markets%3A-what-you-should-know-10,Nasdaq,2023-08-31 00:00:00 UTC,AAL
AAL October 13th Options Begin Trading,https://www.nasdaq.com/articles/aal-october-13th-options-begin-trading,Nasdaq,2023-08-31 00:00:00 UTC,AAL
American Airlines (AAL) Gets Into Labor Trouble Once Again,https://www.nasdaq.com/articles/american-airlines-aal-gets-into-labor-trouble-once-again,Nasdaq,2023-08-31 00:00:00 UTC,AAL
Busy Labor Day Weekend Awaits US Airlines: 3 Stocks to Watch,https://www.nasdaq.com/articles/busy-labor-day-weekend-awaits-us-airlines%3A-3-stocks-to-watch,Nasdaq,2023-08-31 00:00:00 UTC,AAL
INSIGHT-Coal miners forced to save for a rainy day by insurance snub,https://www.nasdaq.com/articles/insight-coal-miners-forced-to-save-for-a-rainy-day-by-insurance-snub,Nasdaq,2023-08-30 00:00:00 UTC,AAL
American Airlines flight attendants vote to authorize strike - union,https://www.nasdaq.com/articles/american-airlines-flight-attendants-vote-to-authorize-strike-union,Nasdaq,2023-08-30 00:00:00 UTC,AAL
Here's Why Investors Should Retain American Airlines (AAL) Now,https://www.nasdaq.com/articles/heres-why-investors-should-retain-american-airlines-aal-now-0,Nasdaq,2023-08-30 00:00:00 UTC,AAL
"Consumer Sector Update for 08/30/2023: AAL, DAL, LUV, BF.A, BF.B, AMZN, QSR",https://www.nasdaq.com/articles/consumer-sector-update-for-08-30-2023%3A-aal-dal-luv-bf.a-bf.b-amzn-qsr,Nasdaq,2023-08-30 00:00:00 UTC,AAL
US airlines cancel over 850 flights as Hurricane Idalia makes Florida landfall,https://www.nasdaq.com/articles/us-airlines-cancel-over-850-flights-as-hurricane-idalia-makes-florida-landfall,Nasdaq,2023-08-30 00:00:00 UTC,AAL
American Airlines Faces $4.1 Mln Fine For Stranding Passengers On Grounded Planes,https://www.nasdaq.com/articles/american-airlines-faces-%244.1-mln-fine-for-stranding-passengers-on-grounded-planes,Nasdaq,2023-08-29 00:00:00 UTC,AAL
Evercore ISI Group Maintains American Airlines Group (AAL) In-Line Recommendation,https://www.nasdaq.com/articles/evercore-isi-group-maintains-american-airlines-group-aal-in-line-recommendation,Nasdaq,2023-08-29 00:00:00 UTC,AAL
US fines American Airlines for keeping passengers on tarmac,https://www.nasdaq.com/articles/us-fines-american-airlines-for-keeping-passengers-on-tarmac-0,Nasdaq,2023-08-28 00:00:00 UTC,AAL
US fines American Airlines for keeping passengers on tarmac,https://www.nasdaq.com/articles/us-fines-american-airlines-for-keeping-passengers-on-tarmac,Nasdaq,2023-08-28 00:00:00 UTC,AAL
"The Zacks Analyst Blog Highlights American Airlines, Allegiant Travel's, JetBlue Airways and Spirit Airlines",https://www.nasdaq.com/articles/the-zacks-analyst-blog-highlights-american-airlines-allegiant-travels-jetblue-airways-and,Nasdaq,2023-08-28 00:00:00 UTC,AAL
"Chile launches probe into deadly mining accidents at Anglo American, Minera ACF",https://www.nasdaq.com/articles/chile-launches-probe-into-deadly-mining-accidents-at-anglo-american-minera-acf,Nasdaq,2023-08-27 00:00:00 UTC,AAL
These 5 Magnificent Stocks Keep Driving Higher,https://www.nasdaq.com/articles/these-5-magnificent-stocks-keep-driving-higher,Nasdaq,2023-08-27 00:00:00 UTC,AAL
Worker death prompts US authorities to issue aviation ground safety alert,https://www.nasdaq.com/articles/worker-death-prompts-us-authorities-to-issue-aviation-ground-safety-alert,Nasdaq,2023-08-25 00:00:00 UTC,AAL
Interesting AAL Put And Call Options For December 15th,https://www.nasdaq.com/articles/interesting-aal-put-and-call-options-for-december-15th,Nasdaq,2023-08-25 00:00:00 UTC,AAL
3 Airline Stocks to Watch Amid Upbeat Passenger Volumes,https://www.nasdaq.com/articles/3-airline-stocks-to-watch-amid-upbeat-passenger-volumes,Nasdaq,2023-08-25 00:00:00 UTC,AAL
"Airline Stock Roundup: AAL's Bearish Q3 Cost View, ALGT's July Traffic Report",https://www.nasdaq.com/articles/airline-stock-roundup%3A-aals-bearish-q3-cost-view-algts-july-traffic-report,Nasdaq,2023-08-25 00:00:00 UTC,AAL
American Airlines (AAL) Gains But Lags Market: What You Should Know,https://www.nasdaq.com/articles/american-airlines-aal-gains-but-lags-market%3A-what-you-should-know-10,Nasdaq,2023-08-25 00:00:00 UTC,AAL
"UPS' 5-Year Labor Deal Gets Workers' Nod, Strike Risk Averted",https://www.nasdaq.com/articles/ups-5-year-labor-deal-gets-workers-nod-strike-risk-averted,Nasdaq,2023-08-23 00:00:00 UTC,AAL
American Airlines (AAL) Expects High Q3 Costs Post Pilot Deal,https://www.nasdaq.com/articles/american-airlines-aal-expects-high-q3-costs-post-pilot-deal,Nasdaq,2023-08-23 00:00:00 UTC,AAL
Which Is A Better Pick – Delta Stock Or United Airlines?,https://www.nasdaq.com/articles/which-is-a-better-pick-delta-stock-or-united-airlines,Nasdaq,2023-08-22 00:00:00 UTC,AAL
American Airlines' (AAL) 4-Year Pact With Pilots Is Ratified,https://www.nasdaq.com/articles/american-airlines-aal-4-year-pact-with-pilots-is-ratified,Nasdaq,2023-08-22 00:00:00 UTC,AAL
Citigroup Reiterates American Airlines Group (AAL) Neutral Recommendation,https://www.nasdaq.com/articles/citigroup-reiterates-american-airlines-group-aal-neutral-recommendation-0,Nasdaq,2023-08-22 00:00:00 UTC,AAL
US FAA holding runway safety meetings after close call incidents,https://www.nasdaq.com/articles/us-faa-holding-runway-safety-meetings-after-close-call-incidents,Nasdaq,2023-08-22 00:00:00 UTC,AAL
American Airlines sees higher costs after new pilot contract,https://www.nasdaq.com/articles/american-airlines-sees-higher-costs-after-new-pilot-contract,Nasdaq,2023-08-22 00:00:00 UTC,AAL
Is the Options Market Predicting a Spike in American Airlines (AAL) Stock?,https://www.nasdaq.com/articles/is-the-options-market-predicting-a-spike-in-american-airlines-aal-stock-1,Nasdaq,2023-08-21 00:00:00 UTC,AAL
American Airlines Pilots Approve Enhanced Labor Deal Amid Industry Challenges,https://www.nasdaq.com/articles/american-airlines-pilots-approve-enhanced-labor-deal-amid-industry-challenges,Nasdaq,2023-08-21 00:00:00 UTC,AAL
"ANALYSIS-Shippers bet on green methanol to cut emissions, supply lags",https://www.nasdaq.com/articles/analysis-shippers-bet-on-green-methanol-to-cut-emissions-supply-lags-0,Nasdaq,2023-08-21 00:00:00 UTC,AAL
"ANALYSIS-Shippers bet on green methanol to cut emissions, supply lags",https://www.nasdaq.com/articles/analysis-shippers-bet-on-green-methanol-to-cut-emissions-supply-lags,Nasdaq,2023-08-21 00:00:00 UTC,AAL
American Airlines pilots approve new contract -union,https://www.nasdaq.com/articles/american-airlines-pilots-approve-new-contract-union,Nasdaq,2023-08-21 00:00:00 UTC,AAL
Thungela profit tumbles on lower coal prices and rail woes,https://www.nasdaq.com/articles/thungela-profit-tumbles-on-lower-coal-prices-and-rail-woes,Nasdaq,2023-08-21 00:00:00 UTC,AAL
Validea's Top Industrial Stocks Based On David Dreman - 8/20/2023,https://www.nasdaq.com/articles/valideas-top-industrial-stocks-based-on-david-dreman-8-20-2023,Nasdaq,2023-08-20 00:00:00 UTC,AAL
Frontline (FRO) to Post Q2 Earnings: What's in the Offing?,https://www.nasdaq.com/articles/frontline-fro-to-post-q2-earnings%3A-whats-in-the-offing,Nasdaq,2023-08-18 00:00:00 UTC,AAL
"The Zacks Analyst Blog Highlights Southwest Airlines, Copa Holdings, Ryanair Holdings, Delta Air Lines and American Airlines",https://www.nasdaq.com/articles/the-zacks-analyst-blog-highlights-southwest-airlines-copa-holdings-ryanair-holdings-delta,Nasdaq,2023-08-18 00:00:00 UTC,AAL
American Airlines Group (AAL) Shares Cross Below 200 DMA,https://www.nasdaq.com/articles/american-airlines-group-aal-shares-cross-below-200-dma,Nasdaq,2023-08-17 00:00:00 UTC,AAL
Goldman Sachs Maintains American Airlines Group (AAL) Neutral Recommendation,https://www.nasdaq.com/articles/goldman-sachs-maintains-american-airlines-group-aal-neutral-recommendation-2,Nasdaq,2023-08-17 00:00:00 UTC,AAL
Stocks Lower as Bond Yields Rise,https://www.nasdaq.com/articles/stocks-lower-as-bond-yields-rise,Nasdaq,2023-08-17 00:00:00 UTC,AAL
Rising Bond Yields Pressure Stock Prices,https://www.nasdaq.com/articles/rising-bond-yields-pressure-stock-prices,Nasdaq,2023-08-17 00:00:00 UTC,AAL
Stocks Mixed on a Rebound in Chinese Stocks and Higher Bond Yields,https://www.nasdaq.com/articles/stocks-mixed-on-a-rebound-in-chinese-stocks-and-higher-bond-yields,Nasdaq,2023-08-17 00:00:00 UTC,AAL
"Airline Stock Roundup: LUV's Tentative Labor Deal, CPA's Traffic Report & More",https://www.nasdaq.com/articles/airline-stock-roundup%3A-luvs-tentative-labor-deal-cpas-traffic-report-more,Nasdaq,2023-08-17 00:00:00 UTC,AAL
De Beers to aid employees in evacuation amid wildfires in Canada's Northwest Territories,https://www.nasdaq.com/articles/de-beers-to-aid-employees-in-evacuation-amid-wildfires-in-canadas-northwest-territories,Nasdaq,2023-08-17 00:00:00 UTC,AAL
American Airlines Group Becomes Oversold (AAL),https://www.nasdaq.com/articles/american-airlines-group-becomes-oversold-aal-1,Nasdaq,2023-08-17 00:00:00 UTC,AAL
"Delta, American Airlines to expand China flight schedule",https://www.nasdaq.com/articles/delta-american-airlines-to-expand-china-flight-schedule,Nasdaq,2023-08-16 00:00:00 UTC,AAL
"Wheels Up flies for now, but private-jet rivals see opportunity",https://www.nasdaq.com/articles/wheels-up-flies-for-now-but-private-jet-rivals-see-opportunity,Nasdaq,2023-08-16 00:00:00 UTC,AAL
Tuesday's ETF with Unusual Volume: RSPN,https://www.nasdaq.com/articles/tuesdays-etf-with-unusual-volume%3A-rspn,Nasdaq,2023-08-15 00:00:00 UTC,AAL
The 3 Most Undervalued Stocks Under $20 to Buy Now: August 2023,https://www.nasdaq.com/articles/the-3-most-undervalued-stocks-under-%2420-to-buy-now%3A-august-2023,Nasdaq,2023-08-14 00:00:00 UTC,AAL
Validea Detailed Fundamental Analysis - AAL,https://www.nasdaq.com/articles/validea-detailed-fundamental-analysis-aal-4,Nasdaq,2023-08-14 00:00:00 UTC,AAL
5 Airline Stocks to Buy on Buoyant Passenger & Cargo Demand,https://www.nasdaq.com/articles/5-airline-stocks-to-buy-on-buoyant-passenger-cargo-demand,Nasdaq,2023-08-14 00:00:00 UTC,AAL
"Airlines, hotels branch out with experiences to lure travelers",https://www.nasdaq.com/articles/airlines-hotels-branch-out-with-experiences-to-lure-travelers,Nasdaq,2023-08-14 00:00:00 UTC,AAL
5 Buy the Dip Prospects if Markets Keep Cooling,https://www.nasdaq.com/articles/5-buy-the-dip-prospects-if-markets-keep-cooling,Nasdaq,2023-08-11 00:00:00 UTC,AAL
"AZUL's Q2 Earnings & Revenues Miss Expectations, Rise Y/Y",https://www.nasdaq.com/articles/azuls-q2-earnings-revenues-miss-expectations-rise-y-y,Nasdaq,2023-08-11 00:00:00 UTC,AAL
Antofagasta raises shareholder payouts after strong profit,https://www.nasdaq.com/articles/antofagasta-raises-shareholder-payouts-after-strong-profit,Nasdaq,2023-08-10 00:00:00 UTC,AAL
Are Transportation Stocks Lagging American Airlines (AAL) This Year?,https://www.nasdaq.com/articles/are-transportation-stocks-lagging-american-airlines-aal-this-year-1,Nasdaq,2023-08-10 00:00:00 UTC,AAL
Is American Airlines (AAL) Stock Undervalued Right Now?,https://www.nasdaq.com/articles/is-american-airlines-aal-stock-undervalued-right-now-0,Nasdaq,2023-08-10 00:00:00 UTC,AAL
Should You Buy RTX Corp Stock At $85?,https://www.nasdaq.com/articles/should-you-buy-rtx-corp-stock-at-%2485,Nasdaq,2023-08-09 00:00:00 UTC,AAL
Expeditors (EXPD) Stock Down on Q2 Earnings & Revenue Miss,https://www.nasdaq.com/articles/expeditors-expd-stock-down-on-q2-earnings-revenue-miss,Nasdaq,2023-08-08 00:00:00 UTC,AAL
Archer Aviation’s Electric Rise: Is ACHR the Next Big Thing in vTOL Stocks?,https://www.nasdaq.com/articles/archer-aviations-electric-rise%3A-is-achr-the-next-big-thing-in-vtol-stocks,Nasdaq,2023-08-08 00:00:00 UTC,AAL
Glencore stays on acquisition path as first-half earnings halve,https://www.nasdaq.com/articles/glencore-stays-on-acquisition-path-as-first-half-earnings-halve,Nasdaq,2023-08-08 00:00:00 UTC,AAL
What Awaits ZIM Integrated Shipping (ZIM) in Q2 Earnings?,https://www.nasdaq.com/articles/what-awaits-zim-integrated-shipping-zim-in-q2-earnings-0,Nasdaq,2023-08-08 00:00:00 UTC,AAL
Airlines seek extension to minimum flight requirements cuts at New York-area airports,https://www.nasdaq.com/articles/airlines-seek-extension-to-minimum-flight-requirements-cuts-at-new-york-area-airports,Nasdaq,2023-08-07 00:00:00 UTC,AAL
Validea Detailed Fundamental Analysis - AAL,https://www.nasdaq.com/articles/validea-detailed-fundamental-analysis-aal-3,Nasdaq,2023-08-07 00:00:00 UTC,AAL
Airlines take aim at Italy's plans to bring down sky-high prices,https://www.nasdaq.com/articles/airlines-take-aim-at-italys-plans-to-bring-down-sky-high-prices,Nasdaq,2023-08-07 00:00:00 UTC,AAL
Markets Today: Stocks Push Higher on Earnings Optimism,https://www.nasdaq.com/articles/markets-today%3A-stocks-push-higher-on-earnings-optimism,Nasdaq,2023-08-07 00:00:00 UTC,AAL
"Airline Stock Roundup: ALGT & JBLU Beat on Q2 Earnings, SAVE & GOL Miss",https://www.nasdaq.com/articles/airline-stock-roundup%3A-algt-jblu-beat-on-q2-earnings-save-gol-miss,Nasdaq,2023-08-04 00:00:00 UTC,AAL
EXCLUSIVE-Botswana plans extra diamond sales route after De Beers deal,https://www.nasdaq.com/articles/exclusive-botswana-plans-extra-diamond-sales-route-after-de-beers-deal-0,Nasdaq,2023-08-04 00:00:00 UTC,AAL
EXCLUSIVE-Botswana plans extra diamond sales route after De Beers deal,https://www.nasdaq.com/articles/exclusive-botswana-plans-extra-diamond-sales-route-after-de-beers-deal,Nasdaq,2023-08-04 00:00:00 UTC,AAL
What's in the Cards for Air Canada (ACDVF) in Q2 Earnings?,https://www.nasdaq.com/articles/whats-in-the-cards-for-air-canada-acdvf-in-q2-earnings,Nasdaq,2023-08-04 00:00:00 UTC,AAL
"Gloomy Spirit, Expedia reports drag travel stocks lower on demand slowdown fears",https://www.nasdaq.com/articles/gloomy-spirit-expedia-reports-drag-travel-stocks-lower-on-demand-slowdown-fears,Nasdaq,2023-08-03 00:00:00 UTC,AAL
Interesting AAL Put And Call Options For September 22nd,https://www.nasdaq.com/articles/interesting-aal-put-and-call-options-for-september-22nd,Nasdaq,2023-08-03 00:00:00 UTC,AAL
Sluggish return of business travelers forces US airlines to rejig their networks,https://www.nasdaq.com/articles/sluggish-return-of-business-travelers-forces-us-airlines-to-rejig-their-networks-0,Nasdaq,2023-08-03 00:00:00 UTC,AAL
Sluggish return of business travelers forces US airlines to rejig their networks,https://www.nasdaq.com/articles/sluggish-return-of-business-travelers-forces-us-airlines-to-rejig-their-networks,Nasdaq,2023-08-03 00:00:00 UTC,AAL
Is It Time to Buy the Nasdaq's 5 Worst-Performing July Stocks?,https://www.nasdaq.com/articles/is-it-time-to-buy-the-nasdaqs-5-worst-performing-july-stocks,Nasdaq,2023-08-03 00:00:00 UTC,AAL
Why is JetBlue (JBLU) Stock Down Despite Q2 Earnings Beat?,https://www.nasdaq.com/articles/why-is-jetblue-jblu-stock-down-despite-q2-earnings-beat,Nasdaq,2023-08-02 00:00:00 UTC,AAL
Biden admin split over ethanol's role in aviation fuel subsidy program,https://www.nasdaq.com/articles/biden-admin-split-over-ethanols-role-in-aviation-fuel-subsidy-program,Nasdaq,2023-08-02 00:00:00 UTC,AAL
Biden administration split over ethanol's role in aviation fuel subsidy program,https://www.nasdaq.com/articles/biden-administration-split-over-ethanols-role-in-aviation-fuel-subsidy-program,Nasdaq,2023-08-02 00:00:00 UTC,AAL
American Airlines Group (AAL) Price Target Increased by 8.29% to 19.26,https://www.nasdaq.com/articles/american-airlines-group-aal-price-target-increased-by-8.29-to-19.26,Nasdaq,2023-08-02 00:00:00 UTC,AAL
"US STOCKS-Wall St falls after mixed earnings, downbeat manufacturing data",https://www.nasdaq.com/articles/us-stocks-wall-st-falls-after-mixed-earnings-downbeat-manufacturing-data,Nasdaq,2023-08-01 00:00:00 UTC,AAL
"US STOCKS-S&P 500, Nasdaq end lower on first day of August in busy earnings week",https://www.nasdaq.com/articles/us-stocks-sp-500-nasdaq-end-lower-on-first-day-of-august-in-busy-earnings-week-0,Nasdaq,2023-08-01 00:00:00 UTC,AAL
"US STOCKS-S&P 500, Nasdaq end lower on first day of August in busy earnings week",https://www.nasdaq.com/articles/us-stocks-sp-500-nasdaq-end-lower-on-first-day-of-august-in-busy-earnings-week,Nasdaq,2023-08-01 00:00:00 UTC,AAL
"S&P 500, Nasdaq start August lower ahead of busy earnings week",https://www.nasdaq.com/articles/sp-500-nasdaq-start-august-lower-ahead-of-busy-earnings-week,Nasdaq,2023-08-01 00:00:00 UTC,AAL
"JetBlue Airlines May Have Entered A Buy Zone, Check This First",https://www.nasdaq.com/articles/jetblue-airlines-may-have-entered-a-buy-zone-check-this-first,Nasdaq,2023-08-01 00:00:00 UTC,AAL
"US STOCKS-Wall St set to open lower ahead of manufacturing, jobs data",https://www.nasdaq.com/articles/us-stocks-wall-st-set-to-open-lower-ahead-of-manufacturing-jobs-data,Nasdaq,2023-08-01 00:00:00 UTC,AAL
JetBlue cuts profit view as it ends codeshare deal with American Airlines,https://www.nasdaq.com/articles/jetblue-cuts-profit-view-as-it-ends-codeshare-deal-with-american-airlines,Nasdaq,2023-08-01 00:00:00 UTC,AAL
Diamond sales at Botswana's Debswana slump 17% on weak demand,https://www.nasdaq.com/articles/diamond-sales-at-botswanas-debswana-slump-17-on-weak-demand,Nasdaq,2023-08-01 00:00:00 UTC,AAL
Here's What To Expect From JetBlue's Q2,https://www.nasdaq.com/articles/heres-what-to-expect-from-jetblues-q2,Nasdaq,2023-08-01 00:00:00 UTC,AAL
JetBlue cuts profit view after ending codeshare deal with American Airlines,https://www.nasdaq.com/articles/jetblue-cuts-profit-view-after-ending-codeshare-deal-with-american-airlines,Nasdaq,2023-08-01 00:00:00 UTC,AAL
Validea Detailed Fundamental Analysis - AAL,https://www.nasdaq.com/articles/validea-detailed-fundamental-analysis-aal-2,Nasdaq,2023-07-31 00:00:00 UTC,AAL
Is It Time To Start Buying Southwest Airlines' Post-Earnings Dip?,https://www.nasdaq.com/articles/is-it-time-to-start-buying-southwest-airlines-post-earnings-dip,Nasdaq,2023-07-28 00:00:00 UTC,AAL
Stocks Give Up Early Gains as the 10-Year T-note Yield Jumps Above 4%,https://www.nasdaq.com/articles/stocks-give-up-early-gains-as-the-10-year-t-note-yield-jumps-above-4,Nasdaq,2023-07-27 00:00:00 UTC,AAL
"After a 13-Day Winning Streak, the Dow Jones Moves Lower",https://www.nasdaq.com/articles/after-a-13-day-winning-streak-the-dow-jones-moves-lower,Nasdaq,2023-07-27 00:00:00 UTC,AAL
"After a 13-Day Winning Streak, the Dow Jones Move Lower",https://www.nasdaq.com/articles/after-a-13-day-winning-streak-the-dow-jones-move-lower,Nasdaq,2023-07-27 00:00:00 UTC,AAL
Company Updates and Marketing Lessons From the Grateful Dead,https://www.nasdaq.com/articles/company-updates-and-marketing-lessons-from-the-grateful-dead,Nasdaq,2023-07-27 00:00:00 UTC,AAL
"If You Can Only Buy One Growth Stock, It Better Be One of These 7 Names",https://www.nasdaq.com/articles/if-you-can-only-buy-one-growth-stock-it-better-be-one-of-these-7-names,Nasdaq,2023-07-27 00:00:00 UTC,AAL
Interesting AAL Put And Call Options For September 8th,https://www.nasdaq.com/articles/interesting-aal-put-and-call-options-for-september-8th,Nasdaq,2023-07-27 00:00:00 UTC,AAL
Stocks Rally as Economic News Shows a Resilient U.S. Economy,https://www.nasdaq.com/articles/stocks-rally-as-economic-news-shows-a-resilient-u.s.-economy,Nasdaq,2023-07-27 00:00:00 UTC,AAL
"Strong Data: Claims, Goods, GDP and Q2 Earnings",https://www.nasdaq.com/articles/strong-data%3A-claims-goods-gdp-and-q2-earnings,Nasdaq,2023-07-27 00:00:00 UTC,AAL
Markets Today: Stocks Soar on the Outlook for a Soft Landing,https://www.nasdaq.com/articles/markets-today%3A-stocks-soar-on-the-outlook-for-a-soft-landing,Nasdaq,2023-07-27 00:00:00 UTC,AAL
Anglo American cuts dividend after missing earnings estimates,https://www.nasdaq.com/articles/anglo-american-cuts-dividend-after-missing-earnings-estimates,Nasdaq,2023-07-27 00:00:00 UTC,AAL
SA's Amplats appoints finance director Miller as CEO,https://www.nasdaq.com/articles/sas-amplats-appoints-finance-director-miller-as-ceo,Nasdaq,2023-07-27 00:00:00 UTC,AAL
"Anglo American misses H1 earning estimates, cuts dividend",https://www.nasdaq.com/articles/anglo-american-misses-h1-earning-estimates-cuts-dividend,Nasdaq,2023-07-27 00:00:00 UTC,AAL
"Judge rejects US bid to restrict American Airlines, JetBlue deals",https://www.nasdaq.com/articles/judge-rejects-us-bid-to-restrict-american-airlines-jetblue-deals,Nasdaq,2023-07-26 00:00:00 UTC,AAL
5 Broker-Favored Stocks to Watch as Q2 Earnings Start Strong,https://www.nasdaq.com/articles/5-broker-favored-stocks-to-watch-as-q2-earnings-start-strong,Nasdaq,2023-07-26 00:00:00 UTC,AAL
Unusual Put Option Trade in American Airlines Group (AAL) Worth $288.25K,https://www.nasdaq.com/articles/unusual-put-option-trade-in-american-airlines-group-aal-worth-%24288.25k,Nasdaq,2023-07-25 00:00:00 UTC,AAL
Morgan Stanley Reiterates American Airlines Group (AAL) Equal-Weight Recommendation,https://www.nasdaq.com/articles/morgan-stanley-reiterates-american-airlines-group-aal-equal-weight-recommendation-0,Nasdaq,2023-07-25 00:00:00 UTC,AAL
Stocks Close Higher on Big Tech Earnings Optimism,https://www.nasdaq.com/articles/stocks-close-higher-on-big-tech-earnings-optimism,Nasdaq,2023-07-25 00:00:00 UTC,AAL
Stock Gains Muted Ahead of Mega-Cap Tech Earnings and FOMC Results,https://www.nasdaq.com/articles/stock-gains-muted-ahead-of-mega-cap-tech-earnings-and-fomc-results,Nasdaq,2023-07-25 00:00:00 UTC,AAL
Analysts Predict 10% Gains Ahead For The Holdings of FNX,https://www.nasdaq.com/articles/analysts-predict-10-gains-ahead-for-the-holdings-of-fnx,Nasdaq,2023-07-25 00:00:00 UTC,AAL
"Airlines shares hit turbulence on Alaska's dour forecast, RTX engine problem",https://www.nasdaq.com/articles/airlines-shares-hit-turbulence-on-alaskas-dour-forecast-rtx-engine-problem,Nasdaq,2023-07-25 00:00:00 UTC,AAL
Citigroup Maintains American Airlines Group (AAL) Neutral Recommendation,https://www.nasdaq.com/articles/citigroup-maintains-american-airlines-group-aal-neutral-recommendation-0,Nasdaq,2023-07-25 00:00:00 UTC,AAL
Anglo American's Kumba Iron Ore profit falls on weaker prices,https://www.nasdaq.com/articles/anglo-americans-kumba-iron-ore-profit-falls-on-weaker-prices,Nasdaq,2023-07-25 00:00:00 UTC,AAL
Markets Today: Stocks Edge Higher as Earnings Season Ramps Up,https://www.nasdaq.com/articles/markets-today%3A-stocks-edge-higher-as-earnings-season-ramps-up,Nasdaq,2023-07-25 00:00:00 UTC,AAL
"FedEx pilots reject tentative deal, supervised talks likely",https://www.nasdaq.com/articles/fedex-pilots-reject-tentative-deal-supervised-talks-likely,Nasdaq,2023-07-24 00:00:00 UTC,AAL
Oshkosh and EagleBank have been highlighted as Zacks Bull and Bear of the Day,https://www.nasdaq.com/articles/oshkosh-and-eaglebank-have-been-highlighted-as-zacks-bull-and-bear-of-the-day,Nasdaq,2023-07-24 00:00:00 UTC,AAL
Validea Detailed Fundamental Analysis - AAL,https://www.nasdaq.com/articles/validea-detailed-fundamental-analysis-aal-1,Nasdaq,2023-07-24 00:00:00 UTC,AAL
"Amplats H1 profit falls sharply, new CEO announcement 'imminent'",https://www.nasdaq.com/articles/amplats-h1-profit-falls-sharply-new-ceo-announcement-imminent,Nasdaq,2023-07-24 00:00:00 UTC,AAL
S.Africa's Amplats posts 71% fall in half-year profit,https://www.nasdaq.com/articles/s.africas-amplats-posts-71-fall-in-half-year-profit,Nasdaq,2023-07-24 00:00:00 UTC,AAL
"United Airlines Stock Is a High-Risk, High-Reward Buy",https://www.nasdaq.com/articles/united-airlines-stock-is-a-high-risk-high-reward-buy,Nasdaq,2023-07-23 00:00:00 UTC,AAL
Susquehanna Maintains American Airlines Group (AAL) Neutral Recommendation,https://www.nasdaq.com/articles/susquehanna-maintains-american-airlines-group-aal-neutral-recommendation-1,Nasdaq,2023-07-21 00:00:00 UTC,AAL
FOCUS-Shifting trends in travel demand bedevil US airlines,https://www.nasdaq.com/articles/focus-shifting-trends-in-travel-demand-bedevil-us-airlines,Nasdaq,2023-07-21 00:00:00 UTC,AAL
What to Make of Airlines Earnings So Far,https://www.nasdaq.com/articles/what-to-make-of-airlines-earnings-so-far,Nasdaq,2023-07-21 00:00:00 UTC,AAL
"Airline Stock Roundup: AAL & UAL's Q2 Earnings Beat, ALGT's June Traffic & More",https://www.nasdaq.com/articles/airline-stock-roundup%3A-aal-uals-q2-earnings-beat-algts-june-traffic-more,Nasdaq,2023-07-21 00:00:00 UTC,AAL
"Q2 Beats for J&J, American; Jobless Claims, Philly Fed Lower",https://www.nasdaq.com/articles/q2-beats-for-jj-american-jobless-claims-philly-fed-lower,Nasdaq,2023-07-20 00:00:00 UTC,AAL
"Notable Thursday Option Activity: PPG, AAL, ULTA",https://www.nasdaq.com/articles/notable-thursday-option-activity%3A-ppg-aal-ulta,Nasdaq,2023-07-20 00:00:00 UTC,AAL
"American Airlines Beats Earnings, Thinking Of Buying?",https://www.nasdaq.com/articles/american-airlines-beats-earnings-thinking-of-buying,Nasdaq,2023-07-20 00:00:00 UTC,AAL
Aviation bill upping pilot retirement age to 67 passed by US House,https://www.nasdaq.com/articles/aviation-bill-upping-pilot-retirement-age-to-67-passed-by-us-house,Nasdaq,2023-07-20 00:00:00 UTC,AAL
"Compared to Estimates, American Airlines (AAL) Q2 Earnings: A Look at Key Metrics",https://www.nasdaq.com/articles/compared-to-estimates-american-airlines-aal-q2-earnings%3A-a-look-at-key-metrics,Nasdaq,2023-07-20 00:00:00 UTC,AAL
"American Airlines Slips Despite Impressive Q2 Results, Outlook",https://www.nasdaq.com/articles/american-airlines-slips-despite-impressive-q2-results-outlook,Nasdaq,2023-07-20 00:00:00 UTC,AAL
Weekly Jobless Claims Below Expectations,https://www.nasdaq.com/articles/weekly-jobless-claims-below-expectations-0,Nasdaq,2023-07-20 00:00:00 UTC,AAL
US airlines see no letup in travel demand despite broader economic concerns,https://www.nasdaq.com/articles/us-airlines-see-no-letup-in-travel-demand-despite-broader-economic-concerns,Nasdaq,2023-07-20 00:00:00 UTC,AAL
"American Airlines Group Inc Q2 Profit Increases, beats estimates",https://www.nasdaq.com/articles/american-airlines-group-inc-q2-profit-increases-beats-estimates,Nasdaq,2023-07-20 00:00:00 UTC,AAL
American Airlines Q2 Results Top Estimates; Lifts FY Profit View,https://www.nasdaq.com/articles/american-airlines-q2-results-top-estimates-lifts-fy-profit-view,Nasdaq,2023-07-20 00:00:00 UTC,AAL
American Airlines Boosts FY23 Outlook As Q3 Results Top Estimates,https://www.nasdaq.com/articles/american-airlines-boosts-fy23-outlook-as-q3-results-top-estimates,Nasdaq,2023-07-20 00:00:00 UTC,AAL
American Airlines raises 2023 profit forecast on travel boom,https://www.nasdaq.com/articles/american-airlines-raises-2023-profit-forecast-on-travel-boom,Nasdaq,2023-07-20 00:00:00 UTC,AAL
American Airlines Group Q2 23 Earnings Conference Call At 8:30 AM ET,https://www.nasdaq.com/articles/american-airlines-group-q2-23-earnings-conference-call-at-8%3A30-am-et,Nasdaq,2023-07-20 00:00:00 UTC,AAL
European shares extend gains as traders digest mixed earnings,https://www.nasdaq.com/articles/european-shares-extend-gains-as-traders-digest-mixed-earnings,Nasdaq,2023-07-20 00:00:00 UTC,AAL
Global miner Anglo American's first-half copper production surges 42%,https://www.nasdaq.com/articles/global-miner-anglo-americans-first-half-copper-production-surges-42,Nasdaq,2023-07-20 00:00:00 UTC,AAL
American Airlines (AAL) Beats Q2 Earnings and Revenue Estimates,https://www.nasdaq.com/articles/american-airlines-aal-beats-q2-earnings-and-revenue-estimates,Nasdaq,2023-07-20 00:00:00 UTC,AAL
Union Pacific (UNP) Gears Up for Q2 Earnings: What's in Store?,https://www.nasdaq.com/articles/union-pacific-unp-gears-up-for-q2-earnings%3A-whats-in-store,Nasdaq,2023-07-19 00:00:00 UTC,AAL
AAL Factor-Based Stock Analysis,https://www.nasdaq.com/articles/aal-factor-based-stock-analysis-0,Nasdaq,2023-07-19 00:00:00 UTC,AAL
"J.B. Hunt (JBHT) Q2 Earnings & Revenues Lag Estimates, Down Y/Y",https://www.nasdaq.com/articles/j.b.-hunt-jbht-q2-earnings-revenues-lag-estimates-down-y-y,Nasdaq,2023-07-19 00:00:00 UTC,AAL
American Airlines pilots seek better contract ahead of vote,https://www.nasdaq.com/articles/american-airlines-pilots-seek-better-contract-ahead-of-vote,Nasdaq,2023-07-19 00:00:00 UTC,AAL
American Airlines (NASDAQ:AAL) Q2 Earnings Preview: Prospects Look Bright,https://www.nasdaq.com/articles/american-airlines-nasdaq%3Aaal-q2-earnings-preview%3A-prospects-look-bright,Nasdaq,2023-07-19 00:00:00 UTC,AAL
What's in the Cards for Covenant (CVLG) in Q2 Earnings?,https://www.nasdaq.com/articles/whats-in-the-cards-for-covenant-cvlg-in-q2-earnings,Nasdaq,2023-07-19 00:00:00 UTC,AAL
"American Airlines, pilot union to work on improvements to tentative contract agreement - union memo",https://www.nasdaq.com/articles/american-airlines-pilot-union-to-work-on-improvements-to-tentative-contract-agreement,Nasdaq,2023-07-19 00:00:00 UTC,AAL
EXCLUSIVE-American Airlines pilot deal in 'jeopardy' after United's contract agreement -union memo,https://www.nasdaq.com/articles/exclusive-american-airlines-pilot-deal-in-jeopardy-after-uniteds-contract-agreement-0,Nasdaq,2023-07-18 00:00:00 UTC,AAL
EXCLUSIVE-American Airlines pilot deal in 'jeopardy' after United's contract agreement - union memo,https://www.nasdaq.com/articles/exclusive-american-airlines-pilot-deal-in-jeopardy-after-uniteds-contract-agreement-union,Nasdaq,2023-07-18 00:00:00 UTC,AAL
Previewing Airline Earnings: Time to Buy?,https://www.nasdaq.com/articles/previewing-airline-earnings%3A-time-to-buy,Nasdaq,2023-07-18 00:00:00 UTC,AAL
Old Dominion (ODFL) Gears up for Q2 Earnings: What's in Store?,https://www.nasdaq.com/articles/old-dominion-odfl-gears-up-for-q2-earnings%3A-whats-in-store,Nasdaq,2023-07-18 00:00:00 UTC,AAL
Is a Beat in Store for Alaska Air (ALK) in Q2 Earnings?,https://www.nasdaq.com/articles/is-a-beat-in-store-for-alaska-air-alk-in-q2-earnings,Nasdaq,2023-07-18 00:00:00 UTC,AAL
"Transportation Stocks' Jul 20 Q2 Earnings Roaster: AAL, CSX & KNX",https://www.nasdaq.com/articles/transportation-stocks-jul-20-q2-earnings-roaster%3A-aal-csx-knx,Nasdaq,2023-07-18 00:00:00 UTC,AAL
Alaska Air Group (ALK) Earnings Expected to Grow: What to Know Ahead of Next Week's Release,https://www.nasdaq.com/articles/alaska-air-group-alk-earnings-expected-to-grow%3A-what-to-know-ahead-of-next-weeks-release-1,Nasdaq,2023-07-18 00:00:00 UTC,AAL
FOCUS-United Airlines grapples with pilots avoiding the captain's chair,https://www.nasdaq.com/articles/focus-united-airlines-grapples-with-pilots-avoiding-the-captains-chair,Nasdaq,2023-07-18 00:00:00 UTC,AAL
What's in the Cards for Knight-Swift (KNX) in Q2 Earnings?,https://www.nasdaq.com/articles/whats-in-the-cards-for-knight-swift-knx-in-q2-earnings,Nasdaq,2023-07-17 00:00:00 UTC,AAL
Amplats warns of profit slide on lower metal prices and power crisis,https://www.nasdaq.com/articles/amplats-warns-of-profit-slide-on-lower-metal-prices-and-power-crisis,Nasdaq,2023-07-17 00:00:00 UTC,AAL
"United Airlines pilots reach labor agreement, boost pay",https://www.nasdaq.com/articles/united-airlines-pilots-reach-labor-agreement-boost-pay,Nasdaq,2023-07-15 00:00:00 UTC,AAL
Is a Beat in Store for American Airlines (AAL) in Q2 Earnings?,https://www.nasdaq.com/articles/is-a-beat-in-store-for-american-airlines-aal-in-q2-earnings,Nasdaq,2023-07-14 00:00:00 UTC,AAL
"American Airlines, JetBlue to halt codeshare flights from July 21",https://www.nasdaq.com/articles/american-airlines-jetblue-to-halt-codeshare-flights-from-july-21,Nasdaq,2023-07-14 00:00:00 UTC,AAL
What To Expect From American Airlines' Q2?,https://www.nasdaq.com/articles/what-to-expect-from-american-airlines-q2,Nasdaq,2023-07-14 00:00:00 UTC,AAL
JetBlue Announces Next Steps On Wind Down Of Northeast Alliance With American Airlines,https://www.nasdaq.com/articles/jetblue-announces-next-steps-on-wind-down-of-northeast-alliance-with-american-airlines,Nasdaq,2023-07-14 00:00:00 UTC,AAL
Validea Detailed Fundamental Analysis - AAL,https://www.nasdaq.com/articles/validea-detailed-fundamental-analysis-aal-0,Nasdaq,2023-07-14 00:00:00 UTC,AAL
Is it Time to Buy Airline Stocks After Delta's (DAL) Earnings Beat?,https://www.nasdaq.com/articles/is-it-time-to-buy-airline-stocks-after-deltas-dal-earnings-beat,Nasdaq,2023-07-13 00:00:00 UTC,AAL
CSX Gears Up to Report Q2 Earnings: What's in the Offing?,https://www.nasdaq.com/articles/csx-gears-up-to-report-q2-earnings%3A-whats-in-the-offing,Nasdaq,2023-07-13 00:00:00 UTC,AAL
Barclays Maintains American Airlines Group (AAL) Underweight Recommendation,https://www.nasdaq.com/articles/barclays-maintains-american-airlines-group-aal-underweight-recommendation,Nasdaq,2023-07-13 00:00:00 UTC,AAL
US STOCKS-Wall St set to extend rally on signs of disinflation,https://www.nasdaq.com/articles/us-stocks-wall-st-set-to-extend-rally-on-signs-of-disinflation,Nasdaq,2023-07-13 00:00:00 UTC,AAL
"FOCUS-Chile miners, facing higher taxes, seek faster permits, lower energy costs",https://www.nasdaq.com/articles/focus-chile-miners-facing-higher-taxes-seek-faster-permits-lower-energy-costs,Nasdaq,2023-07-13 00:00:00 UTC,AAL
Delta Air forecasts stronger earnings on post-pandemic travel boom,https://www.nasdaq.com/articles/delta-air-forecasts-stronger-earnings-on-post-pandemic-travel-boom,Nasdaq,2023-07-13 00:00:00 UTC,AAL
5 U.S. Bigwigs Likely to Win Big in Q2 Earnings,https://www.nasdaq.com/articles/5-u.s.-bigwigs-likely-to-win-big-in-q2-earnings,Nasdaq,2023-07-13 00:00:00 UTC,AAL
Can American Airlines Stock Continue to Soar in the Second Half of 2023?,https://www.nasdaq.com/articles/can-american-airlines-stock-continue-to-soar-in-the-second-half-of-2023,Nasdaq,2023-07-13 00:00:00 UTC,AAL
Interesting AAL Put And Call Options For September 1st,https://www.nasdaq.com/articles/interesting-aal-put-and-call-options-for-september-1st,Nasdaq,2023-07-13 00:00:00 UTC,AAL
Delta (DAL) Expects Passenger Revenues to Aid Its Q2 Earnings,https://www.nasdaq.com/articles/delta-dal-expects-passenger-revenues-to-aid-its-q2-earnings,Nasdaq,2023-07-12 00:00:00 UTC,AAL
Susquehanna Maintains American Airlines Group (AAL) Neutral Recommendation,https://www.nasdaq.com/articles/susquehanna-maintains-american-airlines-group-aal-neutral-recommendation-0,Nasdaq,2023-07-12 00:00:00 UTC,AAL
Goldman Sachs Maintains American Airlines Group (AAL) Neutral Recommendation,https://www.nasdaq.com/articles/goldman-sachs-maintains-american-airlines-group-aal-neutral-recommendation-1,Nasdaq,2023-07-12 00:00:00 UTC,AAL
AAL Crosses Above Average Analyst Target,https://www.nasdaq.com/articles/aal-crosses-above-average-analyst-target-0,Nasdaq,2023-07-12 00:00:00 UTC,AAL
PREVIEW-US airline stock valuations stuck on runway despite travel boom,https://www.nasdaq.com/articles/preview-us-airline-stock-valuations-stuck-on-runway-despite-travel-boom,Nasdaq,2023-07-12 00:00:00 UTC,AAL
PREVIEW-US airline stock valuations stuck on runway despite travel boom,https://www.nasdaq.com/articles/preview-us-airline-stock-valuations-stuck-on-runway-despite-travel-boom-0,Nasdaq,2023-07-12 00:00:00 UTC,AAL
American Airlines (AAL) Outpaces Stock Market Gains: What You Should Know,https://www.nasdaq.com/articles/american-airlines-aal-outpaces-stock-market-gains%3A-what-you-should-know-8,Nasdaq,2023-07-11 00:00:00 UTC,AAL
What's in the Cards for J.B. Hunt (JBHT) in Q2 Earnings?,https://www.nasdaq.com/articles/whats-in-the-cards-for-j.b.-hunt-jbht-in-q2-earnings,Nasdaq,2023-07-11 00:00:00 UTC,AAL
5 Broker-Friendly Stocks to Watch Ahead of Q2 Earnings Season,https://www.nasdaq.com/articles/5-broker-friendly-stocks-to-watch-ahead-of-q2-earnings-season,Nasdaq,2023-07-11 00:00:00 UTC,AAL
Validea Detailed Fundamental Analysis - AAL,https://www.nasdaq.com/articles/validea-detailed-fundamental-analysis-aal,Nasdaq,2023-07-10 00:00:00 UTC,AAL
"Company News for Jul 7, 2023",https://www.nasdaq.com/articles/company-news-for-jul-7-2023,Nasdaq,2023-07-07 00:00:00 UTC,AAL
2 Airlines Whose PE Ratios Scream Good Value,https://www.nasdaq.com/articles/2-airlines-whose-pe-ratios-scream-good-value,Nasdaq,2023-07-07 00:00:00 UTC,AAL
"JetBlue Ends Alliance With American, Chance Of Spirit Merger?",https://www.nasdaq.com/articles/jetblue-ends-alliance-with-american-chance-of-spirit-merger,Nasdaq,2023-07-07 00:00:00 UTC,AAL
"Airline Stock Roundup: JBLU's Expansion Update, DAL's Deal, RYAAY's Traffic & More",https://www.nasdaq.com/articles/airline-stock-roundup%3A-jblus-expansion-update-dals-deal-ryaays-traffic-more,Nasdaq,2023-07-06 00:00:00 UTC,AAL
Morgan Stanley Reiterates American Airlines Group (AAL) Equal-Weight Recommendation,https://www.nasdaq.com/articles/morgan-stanley-reiterates-american-airlines-group-aal-equal-weight-recommendation,Nasdaq,2023-07-06 00:00:00 UTC,AAL
US STOCKS-Wall St ends lower as labor market strength stokes rate-hike fears,https://www.nasdaq.com/articles/us-stocks-wall-st-ends-lower-as-labor-market-strength-stokes-rate-hike-fears,Nasdaq,2023-07-06 00:00:00 UTC,AAL
ANALYSIS-Will abandoning American help JetBlue's Spirit merger? Not by much,https://www.nasdaq.com/articles/analysis-will-abandoning-american-help-jetblues-spirit-merger-not-by-much,Nasdaq,2023-07-06 00:00:00 UTC,AAL
AAL August 25th Options Begin Trading,https://www.nasdaq.com/articles/aal-august-25th-options-begin-trading,Nasdaq,2023-07-06 00:00:00 UTC,AAL
Wall St logs sharp losses as labor market strength stokes rate-hike fears,https://www.nasdaq.com/articles/wall-st-logs-sharp-losses-as-labor-market-strength-stokes-rate-hike-fears,Nasdaq,2023-07-06 00:00:00 UTC,AAL
Guru Fundamental Report for AAL,https://www.nasdaq.com/articles/guru-fundamental-report-for-aal-13,Nasdaq,2023-07-06 00:00:00 UTC,AAL
Wall St sinks as labor data stokes rate hike fears,https://www.nasdaq.com/articles/wall-st-sinks-as-labor-data-stokes-rate-hike-fears,Nasdaq,2023-07-06 00:00:00 UTC,AAL
US STOCKS-Wall Street futures slide on rate hike jitters; Meta rises,https://www.nasdaq.com/articles/us-stocks-wall-street-futures-slide-on-rate-hike-jitters-meta-rises,Nasdaq,2023-07-06 00:00:00 UTC,AAL
Is a Beat in Store for Delta Air Lines (DAL) in Q2 Earnings?,https://www.nasdaq.com/articles/is-a-beat-in-store-for-delta-air-lines-dal-in-q2-earnings,Nasdaq,2023-07-06 00:00:00 UTC,AAL
US STOCKS-Wall St slides 1% as labor data stokes rate hike concerns,https://www.nasdaq.com/articles/us-stocks-wall-st-slides-1-as-labor-data-stokes-rate-hike-concerns,Nasdaq,2023-07-06 00:00:00 UTC,AAL
Wall Street Is Cautious on These 2 First Half Winners,https://www.nasdaq.com/articles/wall-street-is-cautious-on-these-2-first-half-winners,Nasdaq,2023-07-06 00:00:00 UTC,AAL
US STOCKS-Wall St eyes lower open as labor data stokes rate hike concerns,https://www.nasdaq.com/articles/us-stocks-wall-st-eyes-lower-open-as-labor-data-stokes-rate-hike-concerns,Nasdaq,2023-07-06 00:00:00 UTC,AAL
American Airlines (AAL) Gains As Market Dips: What You Should Know,https://www.nasdaq.com/articles/american-airlines-aal-gains-as-market-dips%3A-what-you-should-know-9,Nasdaq,2023-07-05 00:00:00 UTC,AAL
JetBlue decides not to appeal American Airlines alliance court ruling,https://www.nasdaq.com/articles/jetblue-decides-not-to-appeal-american-airlines-alliance-court-ruling,Nasdaq,2023-07-05 00:00:00 UTC,AAL
Why American Airlines (AAL) Could Beat Earnings Estimates Again,https://www.nasdaq.com/articles/why-american-airlines-aal-could-beat-earnings-estimates-again,Nasdaq,2023-07-05 00:00:00 UTC,AAL
Why American Airlines (AAL) is a Top Momentum Stock for the Long-Term,https://www.nasdaq.com/articles/why-american-airlines-aal-is-a-top-momentum-stock-for-the-long-term,Nasdaq,2023-07-05 00:00:00 UTC,AAL
"Goldman Adds Southwest Airlines To ""Conviction"" List, Value Play?",https://www.nasdaq.com/articles/goldman-adds-southwest-airlines-to-conviction-list-value-play,Nasdaq,2023-07-05 00:00:00 UTC,AAL
De Beers-Botswana deal signals rocky road for rough diamonds,https://www.nasdaq.com/articles/de-beers-botswana-deal-signals-rocky-road-for-rough-diamonds,Nasdaq,2023-07-03 00:00:00 UTC,AAL
